2025-01-06 08:53:12.430 WARN  [HikariPool-1 housekeeper] c.z.h.p.HikariPool - HikariPool-1 - Thread starvation or clock leap detected (housekeeper delta=2d9h30m9s186ms39µs500ns).
2025-01-06 08:53:12.732 INFO  [HikariPool-1 connection adder] l.log4j2 - 111. Connection opened. {executed in 48ms} 
2025-01-06 08:53:12.732 INFO  [HikariPool-1 connection adder] l.log4j2 - 111. Connection.new Connection returned 
2025-01-06 08:53:12.732 INFO  [HikariPool-1 connection adder] l.log4j2 - 111. Connection.isReadOnly() returned false
2025-01-06 08:53:12.732 INFO  [HikariPool-1 connection adder] l.log4j2 - 111. Connection.getAutoCommit() returned true
2025-01-06 08:53:12.748 INFO  [HikariPool-1 connection adder] l.log4j2 - 112. Connection opened. {executed in 0ms} 
2025-01-06 08:53:12.748 INFO  [HikariPool-1 connection adder] l.log4j2 - 112. Connection.new Connection returned 
2025-01-06 08:53:12.748 INFO  [HikariPool-1 connection adder] l.log4j2 - 112. Connection.isReadOnly() returned false
2025-01-06 08:53:12.748 INFO  [HikariPool-1 connection adder] l.log4j2 - 112. Connection.getAutoCommit() returned true
2025-01-06 08:53:12.763 INFO  [HikariPool-1 connection adder] l.log4j2 - 113. Connection opened. {executed in 0ms} 
2025-01-06 08:53:12.763 INFO  [HikariPool-1 connection adder] l.log4j2 - 113. Connection.new Connection returned 
2025-01-06 08:53:12.763 INFO  [HikariPool-1 connection adder] l.log4j2 - 113. Connection.isReadOnly() returned false
2025-01-06 08:53:12.763 INFO  [HikariPool-1 connection adder] l.log4j2 - 113. Connection.getAutoCommit() returned true
2025-01-06 08:53:12.779 INFO  [HikariPool-1 connection adder] l.log4j2 - 114. Connection opened. {executed in 0ms} 
2025-01-06 08:53:12.779 INFO  [HikariPool-1 connection adder] l.log4j2 - 114. Connection.new Connection returned 
2025-01-06 08:53:12.779 INFO  [HikariPool-1 connection adder] l.log4j2 - 114. Connection.isReadOnly() returned false
2025-01-06 08:53:12.779 INFO  [HikariPool-1 connection adder] l.log4j2 - 114. Connection.getAutoCommit() returned true
2025-01-06 08:53:12.795 INFO  [HikariPool-1 connection adder] l.log4j2 - 115. Connection opened. {executed in 0ms} 
2025-01-06 08:53:12.795 INFO  [HikariPool-1 connection adder] l.log4j2 - 115. Connection.new Connection returned 
2025-01-06 08:53:12.795 INFO  [HikariPool-1 connection adder] l.log4j2 - 115. Connection.isReadOnly() returned false
2025-01-06 08:53:12.795 INFO  [HikariPool-1 connection adder] l.log4j2 - 115. Connection.getAutoCommit() returned true
2025-01-06 08:53:12.810 INFO  [HikariPool-1 connection closer] l.log4j2 - 107. Connection closed. {executed in 126ms} 
2025-01-06 08:53:12.810 INFO  [HikariPool-1 connection closer] l.log4j2 - 107. Connection.close() returned 
2025-01-06 08:53:12.810 INFO  [HikariPool-1 connection closer] l.log4j2 - 103. Connection closed. {executed in 0ms} 
2025-01-06 08:53:12.810 INFO  [HikariPool-1 connection closer] l.log4j2 - 103. Connection.close() returned 
2025-01-06 08:53:12.810 INFO  [HikariPool-1 connection closer] l.log4j2 - 102. Connection closed. {executed in 0ms} 
2025-01-06 08:53:12.810 INFO  [HikariPool-1 connection closer] l.log4j2 - 102. Connection.close() returned 
2025-01-06 08:53:12.810 INFO  [HikariPool-1 connection closer] l.log4j2 - 104. Connection closed. {executed in 0ms} 
2025-01-06 08:53:12.810 INFO  [HikariPool-1 connection closer] l.log4j2 - 104. Connection.close() returned 
2025-01-06 08:53:12.810 INFO  [HikariPool-1 connection adder] l.log4j2 - 116. Connection opened. {executed in 0ms} 
2025-01-06 08:53:12.810 INFO  [HikariPool-1 connection adder] l.log4j2 - 116. Connection.new Connection returned 
2025-01-06 08:53:12.810 INFO  [HikariPool-1 connection closer] l.log4j2 - 105. Connection closed. {executed in 0ms} 
2025-01-06 08:53:12.810 INFO  [HikariPool-1 connection adder] l.log4j2 - 116. Connection.isReadOnly() returned false
2025-01-06 08:53:12.810 INFO  [HikariPool-1 connection closer] l.log4j2 - 105. Connection.close() returned 
2025-01-06 08:53:12.810 INFO  [HikariPool-1 connection adder] l.log4j2 - 116. Connection.getAutoCommit() returned true
2025-01-06 08:53:12.810 INFO  [HikariPool-1 connection closer] l.log4j2 - 108. Connection closed. {executed in 0ms} 
2025-01-06 08:53:12.810 INFO  [HikariPool-1 connection closer] l.log4j2 - 108. Connection.close() returned 
2025-01-06 08:53:12.810 INFO  [HikariPool-1 connection closer] l.log4j2 - 109. Connection closed. {executed in 0ms} 
2025-01-06 08:53:12.810 INFO  [HikariPool-1 connection closer] l.log4j2 - 109. Connection.close() returned 
2025-01-06 08:53:12.810 INFO  [HikariPool-1 connection closer] l.log4j2 - 110. Connection closed. {executed in 0ms} 
2025-01-06 08:53:12.810 INFO  [HikariPool-1 connection closer] l.log4j2 - 110. Connection.close() returned 
2025-01-06 08:53:12.810 INFO  [HikariPool-1 connection closer] l.log4j2 - 101. Connection closed. {executed in 0ms} 
2025-01-06 08:53:12.810 INFO  [HikariPool-1 connection closer] l.log4j2 - 101. Connection.close() returned 
2025-01-06 08:53:12.810 INFO  [HikariPool-1 connection closer] l.log4j2 - 106. Connection closed. {executed in 0ms} 
2025-01-06 08:53:12.810 INFO  [HikariPool-1 connection closer] l.log4j2 - 106. Connection.close() returned 
2025-01-06 08:53:12.826 INFO  [HikariPool-1 connection adder] l.log4j2 - 117. Connection opened. {executed in 0ms} 
2025-01-06 08:53:12.826 INFO  [HikariPool-1 connection adder] l.log4j2 - 117. Connection.new Connection returned 
2025-01-06 08:53:12.826 INFO  [HikariPool-1 connection adder] l.log4j2 - 117. Connection.isReadOnly() returned false
2025-01-06 08:53:12.826 INFO  [HikariPool-1 connection adder] l.log4j2 - 117. Connection.getAutoCommit() returned true
2025-01-06 08:53:12.845 INFO  [HikariPool-1 connection adder] l.log4j2 - 118. Connection opened. {executed in 3ms} 
2025-01-06 08:53:12.845 INFO  [HikariPool-1 connection adder] l.log4j2 - 118. Connection.new Connection returned 
2025-01-06 08:53:12.845 INFO  [HikariPool-1 connection adder] l.log4j2 - 118. Connection.isReadOnly() returned false
2025-01-06 08:53:12.845 INFO  [HikariPool-1 connection adder] l.log4j2 - 118. Connection.getAutoCommit() returned true
2025-01-06 08:53:12.858 INFO  [HikariPool-1 connection adder] l.log4j2 - 119. Connection opened. {executed in 0ms} 
2025-01-06 08:53:12.858 INFO  [HikariPool-1 connection adder] l.log4j2 - 119. Connection.new Connection returned 
2025-01-06 08:53:12.858 INFO  [HikariPool-1 connection adder] l.log4j2 - 119. Connection.isReadOnly() returned false
2025-01-06 08:53:12.858 INFO  [HikariPool-1 connection adder] l.log4j2 - 119. Connection.getAutoCommit() returned true
2025-01-06 08:53:12.874 INFO  [HikariPool-1 connection adder] l.log4j2 - 120. Connection opened. {executed in 0ms} 
2025-01-06 08:53:12.874 INFO  [HikariPool-1 connection adder] l.log4j2 - 120. Connection.new Connection returned 
2025-01-06 08:53:12.874 INFO  [HikariPool-1 connection adder] l.log4j2 - 120. Connection.isReadOnly() returned false
2025-01-06 08:53:12.874 INFO  [HikariPool-1 connection adder] l.log4j2 - 120. Connection.getAutoCommit() returned true
2025-01-06 09:08:11.779 WARN  [HikariPool-1 housekeeper] c.z.h.p.HikariPool - HikariPool-1 - Thread starvation or clock leap detected (housekeeper delta=14m59s441ms338µs).
2025-01-06 09:22:30.628 INFO  [HikariPool-1 connection closer] l.log4j2 - 113. Connection closed. {executed in 0ms} 
2025-01-06 09:22:30.628 INFO  [HikariPool-1 connection closer] l.log4j2 - 113. Connection.close() returned 
2025-01-06 09:22:30.643 INFO  [HikariPool-1 connection adder] l.log4j2 - 121. Connection opened. {executed in 15ms} 
2025-01-06 09:22:30.643 INFO  [HikariPool-1 connection adder] l.log4j2 - 121. Connection.new Connection returned 
2025-01-06 09:22:30.643 INFO  [HikariPool-1 connection adder] l.log4j2 - 121. Connection.isReadOnly() returned false
2025-01-06 09:22:30.643 INFO  [HikariPool-1 connection adder] l.log4j2 - 121. Connection.getAutoCommit() returned true
2025-01-06 09:22:32.727 INFO  [HikariPool-1 connection closer] l.log4j2 - 117. Connection closed. {executed in 0ms} 
2025-01-06 09:22:32.727 INFO  [HikariPool-1 connection closer] l.log4j2 - 117. Connection.close() returned 
2025-01-06 09:22:32.727 INFO  [HikariPool-1 connection adder] l.log4j2 - 122. Connection opened. {executed in 0ms} 
2025-01-06 09:22:32.727 INFO  [HikariPool-1 connection adder] l.log4j2 - 122. Connection.new Connection returned 
2025-01-06 09:22:32.727 INFO  [HikariPool-1 connection adder] l.log4j2 - 122. Connection.isReadOnly() returned false
2025-01-06 09:22:32.727 INFO  [HikariPool-1 connection adder] l.log4j2 - 122. Connection.getAutoCommit() returned true
2025-01-06 09:22:41.486 INFO  [HikariPool-1 connection closer] l.log4j2 - 119. Connection closed. {executed in 0ms} 
2025-01-06 09:22:41.486 INFO  [HikariPool-1 connection closer] l.log4j2 - 119. Connection.close() returned 
2025-01-06 09:22:41.486 INFO  [HikariPool-1 connection adder] l.log4j2 - 123. Connection opened. {executed in 0ms} 
2025-01-06 09:22:41.486 INFO  [HikariPool-1 connection adder] l.log4j2 - 123. Connection.new Connection returned 
2025-01-06 09:22:41.486 INFO  [HikariPool-1 connection adder] l.log4j2 - 123. Connection.isReadOnly() returned false
2025-01-06 09:22:41.486 INFO  [HikariPool-1 connection adder] l.log4j2 - 123. Connection.getAutoCommit() returned true
2025-01-06 09:22:41.721 INFO  [HikariPool-1 connection closer] l.log4j2 - 114. Connection closed. {executed in 0ms} 
2025-01-06 09:22:41.721 INFO  [HikariPool-1 connection closer] l.log4j2 - 114. Connection.close() returned 
2025-01-06 09:22:41.721 INFO  [HikariPool-1 connection adder] l.log4j2 - 124. Connection opened. {executed in 0ms} 
2025-01-06 09:22:41.721 INFO  [HikariPool-1 connection adder] l.log4j2 - 124. Connection.new Connection returned 
2025-01-06 09:22:41.721 INFO  [HikariPool-1 connection adder] l.log4j2 - 124. Connection.isReadOnly() returned false
2025-01-06 09:22:41.721 INFO  [HikariPool-1 connection adder] l.log4j2 - 124. Connection.getAutoCommit() returned true
2025-01-06 09:22:50.305 INFO  [HikariPool-1 connection closer] l.log4j2 - 120. Connection closed. {executed in 0ms} 
2025-01-06 09:22:50.305 INFO  [HikariPool-1 connection closer] l.log4j2 - 120. Connection.close() returned 
2025-01-06 09:22:50.305 INFO  [HikariPool-1 connection adder] l.log4j2 - 125. Connection opened. {executed in 0ms} 
2025-01-06 09:22:50.305 INFO  [HikariPool-1 connection adder] l.log4j2 - 125. Connection.new Connection returned 
2025-01-06 09:22:50.305 INFO  [HikariPool-1 connection adder] l.log4j2 - 125. Connection.isReadOnly() returned false
2025-01-06 09:22:50.305 INFO  [HikariPool-1 connection adder] l.log4j2 - 125. Connection.getAutoCommit() returned true
2025-01-06 09:22:51.309 INFO  [HikariPool-1 connection closer] l.log4j2 - 116. Connection closed. {executed in 0ms} 
2025-01-06 09:22:51.309 INFO  [HikariPool-1 connection closer] l.log4j2 - 116. Connection.close() returned 
2025-01-06 09:22:51.309 INFO  [HikariPool-1 connection adder] l.log4j2 - 126. Connection opened. {executed in 0ms} 
2025-01-06 09:22:51.309 INFO  [HikariPool-1 connection adder] l.log4j2 - 126. Connection.new Connection returned 
2025-01-06 09:22:51.309 INFO  [HikariPool-1 connection adder] l.log4j2 - 126. Connection.isReadOnly() returned false
2025-01-06 09:22:51.309 INFO  [HikariPool-1 connection adder] l.log4j2 - 126. Connection.getAutoCommit() returned true
2025-01-06 09:22:52.985 INFO  [HikariPool-1 connection closer] l.log4j2 - 111. Connection closed. {executed in 0ms} 
2025-01-06 09:22:52.985 INFO  [HikariPool-1 connection closer] l.log4j2 - 111. Connection.close() returned 
2025-01-06 09:22:52.985 INFO  [HikariPool-1 connection adder] l.log4j2 - 127. Connection opened. {executed in 0ms} 
2025-01-06 09:22:52.985 INFO  [HikariPool-1 connection adder] l.log4j2 - 127. Connection.new Connection returned 
2025-01-06 09:22:52.985 INFO  [HikariPool-1 connection adder] l.log4j2 - 127. Connection.isReadOnly() returned false
2025-01-06 09:22:52.985 INFO  [HikariPool-1 connection adder] l.log4j2 - 127. Connection.getAutoCommit() returned true
2025-01-06 09:22:56.821 INFO  [HikariPool-1 connection closer] l.log4j2 - 112. Connection closed. {executed in 0ms} 
2025-01-06 09:22:56.821 INFO  [HikariPool-1 connection closer] l.log4j2 - 112. Connection.close() returned 
2025-01-06 09:22:56.829 INFO  [HikariPool-1 connection adder] l.log4j2 - 128. Connection opened. {executed in 0ms} 
2025-01-06 09:22:56.829 INFO  [HikariPool-1 connection adder] l.log4j2 - 128. Connection.new Connection returned 
2025-01-06 09:22:56.829 INFO  [HikariPool-1 connection adder] l.log4j2 - 128. Connection.isReadOnly() returned false
2025-01-06 09:22:56.829 INFO  [HikariPool-1 connection adder] l.log4j2 - 128. Connection.getAutoCommit() returned true
2025-01-06 09:22:58.588 INFO  [HikariPool-1 connection closer] l.log4j2 - 118. Connection closed. {executed in 0ms} 
2025-01-06 09:22:58.588 INFO  [HikariPool-1 connection closer] l.log4j2 - 118. Connection.close() returned 
2025-01-06 09:22:58.588 INFO  [HikariPool-1 connection adder] l.log4j2 - 129. Connection opened. {executed in 0ms} 
2025-01-06 09:22:58.588 INFO  [HikariPool-1 connection adder] l.log4j2 - 129. Connection.new Connection returned 
2025-01-06 09:22:58.588 INFO  [HikariPool-1 connection adder] l.log4j2 - 129. Connection.isReadOnly() returned false
2025-01-06 09:22:58.588 INFO  [HikariPool-1 connection adder] l.log4j2 - 129. Connection.getAutoCommit() returned true
2025-01-06 09:23:12.359 INFO  [HikariPool-1 connection closer] l.log4j2 - 115. Connection closed. {executed in 0ms} 
2025-01-06 09:23:12.359 INFO  [HikariPool-1 connection closer] l.log4j2 - 115. Connection.close() returned 
2025-01-06 09:23:12.359 INFO  [HikariPool-1 connection adder] l.log4j2 - 130. Connection opened. {executed in 0ms} 
2025-01-06 09:23:12.359 INFO  [HikariPool-1 connection adder] l.log4j2 - 130. Connection.new Connection returned 
2025-01-06 09:23:12.359 INFO  [HikariPool-1 connection adder] l.log4j2 - 130. Connection.isReadOnly() returned false
2025-01-06 09:23:12.359 INFO  [HikariPool-1 connection adder] l.log4j2 - 130. Connection.getAutoCommit() returned true
2025-01-06 09:52:01.098 INFO  [HikariPool-1 connection closer] l.log4j2 - 121. Connection closed. {executed in 16ms} 
2025-01-06 09:52:01.098 INFO  [HikariPool-1 connection closer] l.log4j2 - 121. Connection.close() returned 
2025-01-06 09:52:01.113 INFO  [HikariPool-1 connection adder] l.log4j2 - 131. Connection opened. {executed in 15ms} 
2025-01-06 09:52:01.113 INFO  [HikariPool-1 connection adder] l.log4j2 - 131. Connection.new Connection returned 
2025-01-06 09:52:01.113 INFO  [HikariPool-1 connection adder] l.log4j2 - 131. Connection.isReadOnly() returned false
2025-01-06 09:52:01.113 INFO  [HikariPool-1 connection adder] l.log4j2 - 131. Connection.getAutoCommit() returned true
2025-01-06 09:52:18.823 INFO  [HikariPool-1 connection closer] l.log4j2 - 129. Connection closed. {executed in 0ms} 
2025-01-06 09:52:18.823 INFO  [HikariPool-1 connection closer] l.log4j2 - 129. Connection.close() returned 
2025-01-06 09:52:18.823 INFO  [HikariPool-1 connection adder] l.log4j2 - 132. Connection opened. {executed in 0ms} 
2025-01-06 09:52:18.823 INFO  [HikariPool-1 connection adder] l.log4j2 - 132. Connection.new Connection returned 
2025-01-06 09:52:18.823 INFO  [HikariPool-1 connection adder] l.log4j2 - 132. Connection.isReadOnly() returned false
2025-01-06 09:52:18.823 INFO  [HikariPool-1 connection adder] l.log4j2 - 132. Connection.getAutoCommit() returned true
2025-01-06 09:52:22.187 INFO  [HikariPool-1 connection closer] l.log4j2 - 125. Connection closed. {executed in 0ms} 
2025-01-06 09:52:22.187 INFO  [HikariPool-1 connection closer] l.log4j2 - 125. Connection.close() returned 
2025-01-06 09:52:22.187 INFO  [HikariPool-1 connection adder] l.log4j2 - 133. Connection opened. {executed in 0ms} 
2025-01-06 09:52:22.187 INFO  [HikariPool-1 connection adder] l.log4j2 - 133. Connection.new Connection returned 
2025-01-06 09:52:22.187 INFO  [HikariPool-1 connection adder] l.log4j2 - 133. Connection.isReadOnly() returned false
2025-01-06 09:52:22.187 INFO  [HikariPool-1 connection adder] l.log4j2 - 133. Connection.getAutoCommit() returned true
2025-01-06 09:52:24.005 INFO  [HikariPool-1 connection closer] l.log4j2 - 124. Connection closed. {executed in 0ms} 
2025-01-06 09:52:24.005 INFO  [HikariPool-1 connection closer] l.log4j2 - 124. Connection.close() returned 
2025-01-06 09:52:24.005 INFO  [HikariPool-1 connection adder] l.log4j2 - 134. Connection opened. {executed in 0ms} 
2025-01-06 09:52:24.005 INFO  [HikariPool-1 connection adder] l.log4j2 - 134. Connection.new Connection returned 
2025-01-06 09:52:24.005 INFO  [HikariPool-1 connection adder] l.log4j2 - 134. Connection.isReadOnly() returned false
2025-01-06 09:52:24.005 INFO  [HikariPool-1 connection adder] l.log4j2 - 134. Connection.getAutoCommit() returned true
2025-01-06 09:52:24.962 INFO  [HikariPool-1 connection closer] l.log4j2 - 126. Connection closed. {executed in 0ms} 
2025-01-06 09:52:24.962 INFO  [HikariPool-1 connection closer] l.log4j2 - 126. Connection.close() returned 
2025-01-06 09:52:24.962 INFO  [HikariPool-1 connection adder] l.log4j2 - 135. Connection opened. {executed in 0ms} 
2025-01-06 09:52:24.962 INFO  [HikariPool-1 connection adder] l.log4j2 - 135. Connection.new Connection returned 
2025-01-06 09:52:24.962 INFO  [HikariPool-1 connection adder] l.log4j2 - 135. Connection.isReadOnly() returned false
2025-01-06 09:52:24.962 INFO  [HikariPool-1 connection adder] l.log4j2 - 135. Connection.getAutoCommit() returned true
2025-01-06 09:52:27.878 INFO  [HikariPool-1 connection closer] l.log4j2 - 122. Connection closed. {executed in 0ms} 
2025-01-06 09:52:27.878 INFO  [HikariPool-1 connection closer] l.log4j2 - 122. Connection.close() returned 
2025-01-06 09:52:27.878 INFO  [HikariPool-1 connection adder] l.log4j2 - 136. Connection opened. {executed in 0ms} 
2025-01-06 09:52:27.878 INFO  [HikariPool-1 connection adder] l.log4j2 - 136. Connection.new Connection returned 
2025-01-06 09:52:27.878 INFO  [HikariPool-1 connection adder] l.log4j2 - 136. Connection.isReadOnly() returned false
2025-01-06 09:52:27.878 INFO  [HikariPool-1 connection adder] l.log4j2 - 136. Connection.getAutoCommit() returned true
2025-01-06 09:52:41.119 INFO  [HikariPool-1 connection closer] l.log4j2 - 123. Connection closed. {executed in 1ms} 
2025-01-06 09:52:41.119 INFO  [HikariPool-1 connection closer] l.log4j2 - 123. Connection.close() returned 
2025-01-06 09:52:41.121 INFO  [HikariPool-1 connection adder] l.log4j2 - 137. Connection opened. {executed in 2ms} 
2025-01-06 09:52:41.121 INFO  [HikariPool-1 connection adder] l.log4j2 - 137. Connection.new Connection returned 
2025-01-06 09:52:41.121 INFO  [HikariPool-1 connection adder] l.log4j2 - 137. Connection.isReadOnly() returned false
2025-01-06 09:52:41.121 INFO  [HikariPool-1 connection adder] l.log4j2 - 137. Connection.getAutoCommit() returned true
2025-01-06 09:52:50.616 INFO  [HikariPool-1 connection closer] l.log4j2 - 127. Connection closed. {executed in 0ms} 
2025-01-06 09:52:50.616 INFO  [HikariPool-1 connection closer] l.log4j2 - 127. Connection.close() returned 
2025-01-06 09:52:50.616 INFO  [HikariPool-1 connection adder] l.log4j2 - 138. Connection opened. {executed in 0ms} 
2025-01-06 09:52:50.616 INFO  [HikariPool-1 connection adder] l.log4j2 - 138. Connection.new Connection returned 
2025-01-06 09:52:50.616 INFO  [HikariPool-1 connection adder] l.log4j2 - 138. Connection.isReadOnly() returned false
2025-01-06 09:52:50.616 INFO  [HikariPool-1 connection adder] l.log4j2 - 138. Connection.getAutoCommit() returned true
2025-01-06 09:52:51.018 INFO  [HikariPool-1 connection closer] l.log4j2 - 128. Connection closed. {executed in 1ms} 
2025-01-06 09:52:51.018 INFO  [HikariPool-1 connection closer] l.log4j2 - 128. Connection.close() returned 
2025-01-06 09:52:51.019 INFO  [HikariPool-1 connection adder] l.log4j2 - 139. Connection opened. {executed in 2ms} 
2025-01-06 09:52:51.019 INFO  [HikariPool-1 connection adder] l.log4j2 - 139. Connection.new Connection returned 
2025-01-06 09:52:51.019 INFO  [HikariPool-1 connection adder] l.log4j2 - 139. Connection.isReadOnly() returned false
2025-01-06 09:52:51.019 INFO  [HikariPool-1 connection adder] l.log4j2 - 139. Connection.getAutoCommit() returned true
2025-01-06 09:53:07.239 INFO  [HikariPool-1 connection closer] l.log4j2 - 130. Connection closed. {executed in 1ms} 
2025-01-06 09:53:07.239 INFO  [HikariPool-1 connection closer] l.log4j2 - 130. Connection.close() returned 
2025-01-06 09:53:07.242 INFO  [HikariPool-1 connection adder] l.log4j2 - 140. Connection opened. {executed in 3ms} 
2025-01-06 09:53:07.242 INFO  [HikariPool-1 connection adder] l.log4j2 - 140. Connection.new Connection returned 
2025-01-06 09:53:07.242 INFO  [HikariPool-1 connection adder] l.log4j2 - 140. Connection.isReadOnly() returned false
2025-01-06 09:53:07.242 INFO  [HikariPool-1 connection adder] l.log4j2 - 140. Connection.getAutoCommit() returned true
2025-01-06 10:21:33.778 INFO  [HikariPool-1 connection closer] l.log4j2 - 131. Connection closed. {executed in 9ms} 
2025-01-06 10:21:33.780 INFO  [HikariPool-1 connection closer] l.log4j2 - 131. Connection.close() returned 
2025-01-06 10:21:33.795 INFO  [HikariPool-1 connection adder] l.log4j2 - 141. Connection opened. {executed in 25ms} 
2025-01-06 10:21:33.795 INFO  [HikariPool-1 connection adder] l.log4j2 - 141. Connection.new Connection returned 
2025-01-06 10:21:33.795 INFO  [HikariPool-1 connection adder] l.log4j2 - 141. Connection.isReadOnly() returned false
2025-01-06 10:21:33.795 INFO  [HikariPool-1 connection adder] l.log4j2 - 141. Connection.getAutoCommit() returned true
2025-01-06 10:21:42.333 INFO  [HikariPool-1 connection closer] l.log4j2 - 134. Connection closed. {executed in 2ms} 
2025-01-06 10:21:42.333 INFO  [HikariPool-1 connection closer] l.log4j2 - 134. Connection.close() returned 
2025-01-06 10:21:42.337 INFO  [HikariPool-1 connection adder] l.log4j2 - 142. Connection opened. {executed in 4ms} 
2025-01-06 10:21:42.337 INFO  [HikariPool-1 connection adder] l.log4j2 - 142. Connection.new Connection returned 
2025-01-06 10:21:42.337 INFO  [HikariPool-1 connection adder] l.log4j2 - 142. Connection.isReadOnly() returned false
2025-01-06 10:21:42.337 INFO  [HikariPool-1 connection adder] l.log4j2 - 142. Connection.getAutoCommit() returned true
2025-01-06 10:22:08.495 INFO  [HikariPool-1 connection closer] l.log4j2 - 132. Connection closed. {executed in 1ms} 
2025-01-06 10:22:08.496 INFO  [HikariPool-1 connection closer] l.log4j2 - 132. Connection.close() returned 
2025-01-06 10:22:08.499 INFO  [HikariPool-1 connection adder] l.log4j2 - 143. Connection opened. {executed in 4ms} 
2025-01-06 10:22:08.499 INFO  [HikariPool-1 connection adder] l.log4j2 - 143. Connection.new Connection returned 
2025-01-06 10:22:08.499 INFO  [HikariPool-1 connection adder] l.log4j2 - 143. Connection.isReadOnly() returned false
2025-01-06 10:22:08.499 INFO  [HikariPool-1 connection adder] l.log4j2 - 143. Connection.getAutoCommit() returned true
2025-01-06 10:22:13.790 INFO  [HikariPool-1 connection closer] l.log4j2 - 139. Connection closed. {executed in 1ms} 
2025-01-06 10:22:13.790 INFO  [HikariPool-1 connection closer] l.log4j2 - 139. Connection.close() returned 
2025-01-06 10:22:13.791 INFO  [HikariPool-1 connection adder] l.log4j2 - 144. Connection opened. {executed in 3ms} 
2025-01-06 10:22:13.791 INFO  [HikariPool-1 connection adder] l.log4j2 - 144. Connection.new Connection returned 
2025-01-06 10:22:13.791 INFO  [HikariPool-1 connection adder] l.log4j2 - 144. Connection.isReadOnly() returned false
2025-01-06 10:22:13.791 INFO  [HikariPool-1 connection adder] l.log4j2 - 144. Connection.getAutoCommit() returned true
2025-01-06 10:22:13.834 INFO  [HikariPool-1 connection closer] l.log4j2 - 135. Connection closed. {executed in 0ms} 
2025-01-06 10:22:13.835 INFO  [HikariPool-1 connection closer] l.log4j2 - 135. Connection.close() returned 
2025-01-06 10:22:13.837 INFO  [HikariPool-1 connection adder] l.log4j2 - 145. Connection opened. {executed in 3ms} 
2025-01-06 10:22:13.837 INFO  [HikariPool-1 connection adder] l.log4j2 - 145. Connection.new Connection returned 
2025-01-06 10:22:13.837 INFO  [HikariPool-1 connection adder] l.log4j2 - 145. Connection.isReadOnly() returned false
2025-01-06 10:22:13.837 INFO  [HikariPool-1 connection adder] l.log4j2 - 145. Connection.getAutoCommit() returned true
2025-01-06 10:22:14.731 INFO  [HikariPool-1 connection closer] l.log4j2 - 137. Connection closed. {executed in 0ms} 
2025-01-06 10:22:14.731 INFO  [HikariPool-1 connection closer] l.log4j2 - 137. Connection.close() returned 
2025-01-06 10:22:14.734 INFO  [HikariPool-1 connection adder] l.log4j2 - 146. Connection opened. {executed in 3ms} 
2025-01-06 10:22:14.734 INFO  [HikariPool-1 connection adder] l.log4j2 - 146. Connection.new Connection returned 
2025-01-06 10:22:14.734 INFO  [HikariPool-1 connection adder] l.log4j2 - 146. Connection.isReadOnly() returned false
2025-01-06 10:22:14.734 INFO  [HikariPool-1 connection adder] l.log4j2 - 146. Connection.getAutoCommit() returned true
2025-01-06 10:22:20.013 INFO  [HikariPool-1 connection closer] l.log4j2 - 133. Connection closed. {executed in 1ms} 
2025-01-06 10:22:20.013 INFO  [HikariPool-1 connection closer] l.log4j2 - 133. Connection.close() returned 
2025-01-06 10:22:20.025 INFO  [HikariPool-1 connection adder] l.log4j2 - 147. Connection opened. {executed in 5ms} 
2025-01-06 10:22:20.025 INFO  [HikariPool-1 connection adder] l.log4j2 - 147. Connection.new Connection returned 
2025-01-06 10:22:20.025 INFO  [HikariPool-1 connection adder] l.log4j2 - 147. Connection.isReadOnly() returned false
2025-01-06 10:22:20.025 INFO  [HikariPool-1 connection adder] l.log4j2 - 147. Connection.getAutoCommit() returned true
2025-01-06 10:22:20.591 INFO  [HikariPool-1 connection closer] l.log4j2 - 136. Connection closed. {executed in 1ms} 
2025-01-06 10:22:20.591 INFO  [HikariPool-1 connection closer] l.log4j2 - 136. Connection.close() returned 
2025-01-06 10:22:20.593 INFO  [HikariPool-1 connection adder] l.log4j2 - 148. Connection opened. {executed in 3ms} 
2025-01-06 10:22:20.593 INFO  [HikariPool-1 connection adder] l.log4j2 - 148. Connection.new Connection returned 
2025-01-06 10:22:20.593 INFO  [HikariPool-1 connection adder] l.log4j2 - 148. Connection.isReadOnly() returned false
2025-01-06 10:22:20.593 INFO  [HikariPool-1 connection adder] l.log4j2 - 148. Connection.getAutoCommit() returned true
2025-01-06 10:22:27.261 INFO  [HikariPool-1 connection closer] l.log4j2 - 138. Connection closed. {executed in 0ms} 
2025-01-06 10:22:27.262 INFO  [HikariPool-1 connection closer] l.log4j2 - 138. Connection.close() returned 
2025-01-06 10:22:27.263 INFO  [HikariPool-1 connection adder] l.log4j2 - 149. Connection opened. {executed in 2ms} 
2025-01-06 10:22:27.264 INFO  [HikariPool-1 connection adder] l.log4j2 - 149. Connection.new Connection returned 
2025-01-06 10:22:27.264 INFO  [HikariPool-1 connection adder] l.log4j2 - 149. Connection.isReadOnly() returned false
2025-01-06 10:22:27.264 INFO  [HikariPool-1 connection adder] l.log4j2 - 149. Connection.getAutoCommit() returned true
2025-01-06 10:23:00.479 INFO  [HikariPool-1 connection closer] l.log4j2 - 140. Connection closed. {executed in 0ms} 
2025-01-06 10:23:00.480 INFO  [HikariPool-1 connection closer] l.log4j2 - 140. Connection.close() returned 
2025-01-06 10:23:00.483 INFO  [HikariPool-1 connection adder] l.log4j2 - 150. Connection opened. {executed in 4ms} 
2025-01-06 10:23:00.483 INFO  [HikariPool-1 connection adder] l.log4j2 - 150. Connection.new Connection returned 
2025-01-06 10:23:00.483 INFO  [HikariPool-1 connection adder] l.log4j2 - 150. Connection.isReadOnly() returned false
2025-01-06 10:23:00.483 INFO  [HikariPool-1 connection adder] l.log4j2 - 150. Connection.getAutoCommit() returned true
2025-01-06 10:51:19.653 INFO  [HikariPool-1 connection closer] l.log4j2 - 142. Connection closed. {executed in 6ms} 
2025-01-06 10:51:19.654 INFO  [HikariPool-1 connection closer] l.log4j2 - 142. Connection.close() returned 
2025-01-06 10:51:19.670 INFO  [HikariPool-1 connection adder] l.log4j2 - 151. Connection opened. {executed in 21ms} 
2025-01-06 10:51:19.670 INFO  [HikariPool-1 connection adder] l.log4j2 - 151. Connection.new Connection returned 
2025-01-06 10:51:19.670 INFO  [HikariPool-1 connection adder] l.log4j2 - 151. Connection.isReadOnly() returned false
2025-01-06 10:51:19.670 INFO  [HikariPool-1 connection adder] l.log4j2 - 151. Connection.getAutoCommit() returned true
2025-01-06 10:51:33.789 INFO  [HikariPool-1 connection closer] l.log4j2 - 141. Connection closed. {executed in 1ms} 
2025-01-06 10:51:33.789 INFO  [HikariPool-1 connection closer] l.log4j2 - 141. Connection.close() returned 
2025-01-06 10:51:33.791 INFO  [HikariPool-1 connection adder] l.log4j2 - 152. Connection opened. {executed in 3ms} 
2025-01-06 10:51:33.791 INFO  [HikariPool-1 connection adder] l.log4j2 - 152. Connection.new Connection returned 
2025-01-06 10:51:33.791 INFO  [HikariPool-1 connection adder] l.log4j2 - 152. Connection.isReadOnly() returned false
2025-01-06 10:51:33.791 INFO  [HikariPool-1 connection adder] l.log4j2 - 152. Connection.getAutoCommit() returned true
2025-01-06 10:51:35.152 INFO  [HikariPool-1 connection closer] l.log4j2 - 144. Connection closed. {executed in 0ms} 
2025-01-06 10:51:35.152 INFO  [HikariPool-1 connection closer] l.log4j2 - 144. Connection.close() returned 
2025-01-06 10:51:35.154 INFO  [HikariPool-1 connection adder] l.log4j2 - 153. Connection opened. {executed in 2ms} 
2025-01-06 10:51:35.154 INFO  [HikariPool-1 connection adder] l.log4j2 - 153. Connection.new Connection returned 
2025-01-06 10:51:35.154 INFO  [HikariPool-1 connection adder] l.log4j2 - 153. Connection.isReadOnly() returned false
2025-01-06 10:51:35.154 INFO  [HikariPool-1 connection adder] l.log4j2 - 153. Connection.getAutoCommit() returned true
2025-01-06 10:51:36.572 INFO  [HikariPool-1 connection closer] l.log4j2 - 148. Connection closed. {executed in 1ms} 
2025-01-06 10:51:36.572 INFO  [HikariPool-1 connection closer] l.log4j2 - 148. Connection.close() returned 
2025-01-06 10:51:36.575 INFO  [HikariPool-1 connection adder] l.log4j2 - 154. Connection opened. {executed in 4ms} 
2025-01-06 10:51:36.575 INFO  [HikariPool-1 connection adder] l.log4j2 - 154. Connection.new Connection returned 
2025-01-06 10:51:36.575 INFO  [HikariPool-1 connection adder] l.log4j2 - 154. Connection.isReadOnly() returned false
2025-01-06 10:51:36.575 INFO  [HikariPool-1 connection adder] l.log4j2 - 154. Connection.getAutoCommit() returned true
2025-01-06 10:51:41.176 INFO  [HikariPool-1 connection closer] l.log4j2 - 147. Connection closed. {executed in 0ms} 
2025-01-06 10:51:41.176 INFO  [HikariPool-1 connection closer] l.log4j2 - 147. Connection.close() returned 
2025-01-06 10:51:41.179 INFO  [HikariPool-1 connection adder] l.log4j2 - 155. Connection opened. {executed in 3ms} 
2025-01-06 10:51:41.179 INFO  [HikariPool-1 connection adder] l.log4j2 - 155. Connection.new Connection returned 
2025-01-06 10:51:41.179 INFO  [HikariPool-1 connection adder] l.log4j2 - 155. Connection.isReadOnly() returned false
2025-01-06 10:51:41.179 INFO  [HikariPool-1 connection adder] l.log4j2 - 155. Connection.getAutoCommit() returned true
2025-01-06 10:51:42.466 INFO  [HikariPool-1 connection closer] l.log4j2 - 143. Connection closed. {executed in 1ms} 
2025-01-06 10:51:42.466 INFO  [HikariPool-1 connection closer] l.log4j2 - 143. Connection.close() returned 
2025-01-06 10:51:42.470 INFO  [HikariPool-1 connection adder] l.log4j2 - 156. Connection opened. {executed in 5ms} 
2025-01-06 10:51:42.470 INFO  [HikariPool-1 connection adder] l.log4j2 - 156. Connection.new Connection returned 
2025-01-06 10:51:42.470 INFO  [HikariPool-1 connection adder] l.log4j2 - 156. Connection.isReadOnly() returned false
2025-01-06 10:51:42.471 INFO  [HikariPool-1 connection adder] l.log4j2 - 156. Connection.getAutoCommit() returned true
2025-01-06 10:51:43.417 INFO  [HikariPool-1 connection closer] l.log4j2 - 145. Connection closed. {executed in 1ms} 
2025-01-06 10:51:43.417 INFO  [HikariPool-1 connection closer] l.log4j2 - 145. Connection.close() returned 
2025-01-06 10:51:43.421 INFO  [HikariPool-1 connection adder] l.log4j2 - 157. Connection opened. {executed in 5ms} 
2025-01-06 10:51:43.422 INFO  [HikariPool-1 connection adder] l.log4j2 - 157. Connection.new Connection returned 
2025-01-06 10:51:43.422 INFO  [HikariPool-1 connection adder] l.log4j2 - 157. Connection.isReadOnly() returned false
2025-01-06 10:51:43.422 INFO  [HikariPool-1 connection adder] l.log4j2 - 157. Connection.getAutoCommit() returned true
2025-01-06 10:52:08.372 INFO  [HikariPool-1 connection closer] l.log4j2 - 146. Connection closed. {executed in 0ms} 
2025-01-06 10:52:08.373 INFO  [HikariPool-1 connection closer] l.log4j2 - 146. Connection.close() returned 
2025-01-06 10:52:08.379 INFO  [HikariPool-1 connection adder] l.log4j2 - 158. Connection opened. {executed in 7ms} 
2025-01-06 10:52:08.379 INFO  [HikariPool-1 connection adder] l.log4j2 - 158. Connection.new Connection returned 
2025-01-06 10:52:08.379 INFO  [HikariPool-1 connection adder] l.log4j2 - 158. Connection.isReadOnly() returned false
2025-01-06 10:52:08.379 INFO  [HikariPool-1 connection adder] l.log4j2 - 158. Connection.getAutoCommit() returned true
2025-01-06 10:52:13.147 INFO  [HikariPool-1 connection closer] l.log4j2 - 149. Connection closed. {executed in 0ms} 
2025-01-06 10:52:13.148 INFO  [HikariPool-1 connection closer] l.log4j2 - 149. Connection.close() returned 
2025-01-06 10:52:13.150 INFO  [HikariPool-1 connection adder] l.log4j2 - 159. Connection opened. {executed in 3ms} 
2025-01-06 10:52:13.150 INFO  [HikariPool-1 connection adder] l.log4j2 - 159. Connection.new Connection returned 
2025-01-06 10:52:13.150 INFO  [HikariPool-1 connection adder] l.log4j2 - 159. Connection.isReadOnly() returned false
2025-01-06 10:52:13.150 INFO  [HikariPool-1 connection adder] l.log4j2 - 159. Connection.getAutoCommit() returned true
2025-01-06 10:52:47.106 INFO  [HikariPool-1 connection closer] l.log4j2 - 150. Connection closed. {executed in 1ms} 
2025-01-06 10:52:47.113 INFO  [HikariPool-1 connection closer] l.log4j2 - 150. Connection.close() returned 
2025-01-06 10:52:47.117 INFO  [HikariPool-1 connection adder] l.log4j2 - 160. Connection opened. {executed in 4ms} 
2025-01-06 10:52:47.117 INFO  [HikariPool-1 connection adder] l.log4j2 - 160. Connection.new Connection returned 
2025-01-06 10:52:47.117 INFO  [HikariPool-1 connection adder] l.log4j2 - 160. Connection.isReadOnly() returned false
2025-01-06 10:52:47.117 INFO  [HikariPool-1 connection adder] l.log4j2 - 160. Connection.getAutoCommit() returned true
2025-01-06 11:18:28.046 INFO  [File Watcher] o.s.b.d.a.LocalDevToolsAutoConfiguration$RestartingClassPathChangeChangedEventListener - Restarting due to 1 class path change (1 addition, 0 deletions, 0 modifications)
2025-01-06 11:18:28.796 INFO  [Thread-5] o.s.o.j.LocalContainerEntityManagerFactoryBean - Closing JPA EntityManagerFactory for persistence unit 'default'
2025-01-06 11:18:28.949 INFO  [Thread-5] c.z.h.HikariDataSource - HikariPool-1 - Shutdown initiated...
2025-01-06 11:18:28.990 INFO  [HikariPool-1 connection closer] l.log4j2 - 151. Connection closed. {executed in 14ms} 
2025-01-06 11:18:28.991 INFO  [HikariPool-1 connection closer] l.log4j2 - 151. Connection.close() returned 
2025-01-06 11:18:28.992 INFO  [HikariPool-1 connection closer] l.log4j2 - 152. Connection closed. {executed in 1ms} 
2025-01-06 11:18:28.992 INFO  [HikariPool-1 connection closer] l.log4j2 - 152. Connection.close() returned 
2025-01-06 11:18:28.993 INFO  [HikariPool-1 connection closer] l.log4j2 - 153. Connection closed. {executed in 1ms} 
2025-01-06 11:18:28.994 INFO  [HikariPool-1 connection closer] l.log4j2 - 153. Connection.close() returned 
2025-01-06 11:18:28.996 INFO  [HikariPool-1 connection closer] l.log4j2 - 154. Connection closed. {executed in 2ms} 
2025-01-06 11:18:28.996 INFO  [HikariPool-1 connection closer] l.log4j2 - 154. Connection.close() returned 
2025-01-06 11:18:28.998 INFO  [HikariPool-1 connection closer] l.log4j2 - 155. Connection closed. {executed in 2ms} 
2025-01-06 11:18:28.998 INFO  [HikariPool-1 connection closer] l.log4j2 - 155. Connection.close() returned 
2025-01-06 11:18:29.000 INFO  [HikariPool-1 connection closer] l.log4j2 - 156. Connection closed. {executed in 2ms} 
2025-01-06 11:18:29.000 INFO  [HikariPool-1 connection closer] l.log4j2 - 156. Connection.close() returned 
2025-01-06 11:18:29.000 INFO  [HikariPool-1 connection closer] l.log4j2 - 157. Connection closed. {executed in 0ms} 
2025-01-06 11:18:29.000 INFO  [HikariPool-1 connection closer] l.log4j2 - 157. Connection.close() returned 
2025-01-06 11:18:29.002 INFO  [HikariPool-1 connection closer] l.log4j2 - 158. Connection closed. {executed in 1ms} 
2025-01-06 11:18:29.002 INFO  [HikariPool-1 connection closer] l.log4j2 - 158. Connection.close() returned 
2025-01-06 11:18:29.003 INFO  [HikariPool-1 connection closer] l.log4j2 - 159. Connection closed. {executed in 1ms} 
2025-01-06 11:18:29.003 INFO  [HikariPool-1 connection closer] l.log4j2 - 159. Connection.close() returned 
2025-01-06 11:18:29.003 INFO  [HikariPool-1 connection closer] l.log4j2 - 160. Connection closed. {executed in 0ms} 
2025-01-06 11:18:29.003 INFO  [HikariPool-1 connection closer] l.log4j2 - 160. Connection.close() returned 
2025-01-06 11:18:29.004 INFO  [Thread-5] c.z.h.HikariDataSource - HikariPool-1 - Shutdown completed.
2025-01-06 11:18:29.659 INFO  [restartedMain] o.z.m.MallapiApplication - Starting MallapiApplication using Java 17.0.12 with PID 10712 (C:\Users\ktcs\backend\mallapi\build\classes\java\main started by ktcs in C:\Users\ktcs\backend\mallapi)
2025-01-06 11:18:29.659 INFO  [restartedMain] o.z.m.MallapiApplication - No active profile set, falling back to 1 default profile: "default"
2025-01-06 11:18:30.453 INFO  [restartedMain] o.s.d.r.c.RepositoryConfigurationDelegate - Bootstrapping Spring Data JPA repositories in DEFAULT mode.
2025-01-06 11:18:30.481 INFO  [restartedMain] o.s.d.r.c.RepositoryConfigurationDelegate - Finished Spring Data repository scanning in 26 ms. Found 3 JPA repository interfaces.
2025-01-06 11:18:30.649 INFO  [restartedMain] o.s.b.w.e.t.TomcatWebServer - Tomcat initialized with port 8081 (http)
2025-01-06 11:18:30.650 INFO  [restartedMain] o.a.c.c.StandardService - Starting service [Tomcat]
2025-01-06 11:18:30.650 INFO  [restartedMain] o.a.c.c.StandardEngine - Starting Servlet engine: [Apache Tomcat/10.1.28]
2025-01-06 11:18:30.701 INFO  [restartedMain] o.a.c.c.C.[.[.[/] - Initializing Spring embedded WebApplicationContext
2025-01-06 11:18:30.701 INFO  [restartedMain] o.s.b.w.s.c.ServletWebServerApplicationContext - Root WebApplicationContext: initialization completed in 1039 ms
2025-01-06 11:18:30.754 INFO  [restartedMain] o.h.j.i.u.LogHelper - HHH000204: Processing PersistenceUnitInfo [name: default]
2025-01-06 11:18:30.759 INFO  [restartedMain] o.h.c.i.RegionFactoryInitiator - HHH000026: Second-level cache disabled
2025-01-06 11:18:30.766 INFO  [restartedMain] o.s.o.j.p.SpringPersistenceUnitInfo - No LoadTimeWeaver setup: ignoring JPA class transformer
2025-01-06 11:18:30.767 INFO  [restartedMain] c.z.h.HikariDataSource - HikariPool-2 - Starting...
2025-01-06 11:18:30.774 INFO  [restartedMain] l.log4j2 - 161. Connection opened. {executed in 6ms} 
2025-01-06 11:18:30.774 INFO  [restartedMain] l.log4j2 - 161. Connection.new Connection returned 
2025-01-06 11:18:30.774 INFO  [restartedMain] l.log4j2 - 161. Connection.getNetworkTimeout() returned 0
2025-01-06 11:18:30.774 INFO  [restartedMain] l.log4j2 - 161. Connection.isReadOnly() returned false
2025-01-06 11:18:30.774 INFO  [restartedMain] l.log4j2 - 161. Connection.getAutoCommit() returned true
2025-01-06 11:18:30.774 INFO  [restartedMain] l.log4j2 - 161. Connection.isValid(1) returned true
2025-01-06 11:18:30.791 INFO  [restartedMain] l.log4j2 - 161. Connection.getTransactionIsolation() returned 4
2025-01-06 11:18:30.791 INFO  [restartedMain] c.z.h.p.HikariPool - HikariPool-2 - Added connection net.sf.log4jdbc.sql.jdbcapi.ConnectionSpy@1612637e
2025-01-06 11:18:30.791 INFO  [restartedMain] c.z.h.HikariDataSource - HikariPool-2 - Start completed.
2025-01-06 11:18:30.792 INFO  [restartedMain] l.log4j2 - 161. Connection.getMetaData() returned org.mariadb.jdbc.DatabaseMetaData@76688367
2025-01-06 11:18:30.792 INFO  [restartedMain] l.log4j2 - 161. Statement.new Statement returned 
2025-01-06 11:18:30.792 INFO  [restartedMain] l.log4j2 - 161. Connection.createStatement() returned net.sf.log4jdbc.sql.jdbcapi.StatementSpy@5b8b0833
2025-01-06 11:18:30.794 INFO  [restartedMain] l.log4j2 - 161. SELECT @@character_set_database, @@sql_mode  {executed in 2 ms}
2025-01-06 11:18:30.794 INFO  [restartedMain] l.log4j2 - 161. ResultSet.new ResultSet returned 
2025-01-06 11:18:30.794 INFO  [restartedMain] l.log4j2 - 161. Statement.executeQuery(SELECT @@character_set_database, @@sql_mode) returned net.sf.log4jdbc.sql.jdbcapi.ResultSetSpy@16fd0003
2025-01-06 11:18:30.794 INFO  [restartedMain] l.log4j2 - 161. ResultSet.next() returned true
2025-01-06 11:18:30.794 INFO  [restartedMain] l.log4j2 - 161. ResultSet.getString(1) returned utf8
2025-01-06 11:18:30.794 INFO  [restartedMain] l.log4j2 - 161. ResultSet.getString(2) returned IGNORE_SPACE,STRICT_TRANS_TABLES,ERROR_FOR_DIVISION_BY_ZERO,NO_AUTO_CREATE_USER,NO_ENGINE_SUBSTITUTION
2025-01-06 11:18:30.794 INFO  [restartedMain] l.log4j2 - 161. Statement.close() returned 
2025-01-06 11:18:30.796 INFO  [restartedMain] l.log4j2 - 161. Connection.getCatalog() returned malldb
2025-01-06 11:18:30.796 INFO  [restartedMain] l.log4j2 - 161. Connection.getSchema() returned null
2025-01-06 11:18:30.796 INFO  [restartedMain] l.log4j2 - 161. Connection.getSchema() returned null
2025-01-06 11:18:30.796 INFO  [restartedMain] l.log4j2 - 161. Connection.getMetaData() returned org.mariadb.jdbc.DatabaseMetaData@13f18831
2025-01-06 11:18:30.796 INFO  [restartedMain] l.log4j2 - 161. Connection.createClob() returned 
2025-01-06 11:18:30.796 INFO  [restartedMain] l.log4j2 - 161. Connection.createNClob() returned 
2025-01-06 11:18:30.796 INFO  [restartedMain] l.log4j2 - 161. Connection.clearWarnings() returned 
2025-01-06 11:18:30.858 INFO  [restartedMain] o.h.e.t.j.p.i.JtaPlatformInitiator - HHH000489: No JTA platform available (set 'hibernate.transaction.jta.platform' to enable JTA platform integration)
2025-01-06 11:18:30.859 INFO  [restartedMain] l.log4j2 - 161. Connection.getAutoCommit() returned true
2025-01-06 11:18:30.859 INFO  [restartedMain] l.log4j2 - 161. PreparedStatement.new PreparedStatement returned 
2025-01-06 11:18:30.859 INFO  [restartedMain] l.log4j2 - 161. Connection.prepareStatement(select table_name from information_schema.TABLES where table_schema=database() and table_type='SEQUENCE') returned net.sf.log4jdbc.sql.jdbcapi.PreparedStatementSpy@23640913
2025-01-06 11:18:30.884 INFO  [restartedMain] l.log4j2 - 161. select table_name from information_schema.TABLES where table_schema=database() and table_type='SEQUENCE'  {executed in 25 ms}
2025-01-06 11:18:30.884 INFO  [restartedMain] l.log4j2 - 161. ResultSet.new ResultSet returned 
2025-01-06 11:18:30.884 INFO  [restartedMain] l.log4j2 - 161. PreparedStatement.executeQuery() returned net.sf.log4jdbc.sql.jdbcapi.ResultSetSpy@56fbabf3
2025-01-06 11:18:30.884 INFO  [restartedMain] l.log4j2 - 
|-----------|
|table_name |
|-----------|
|-----------|

2025-01-06 11:18:30.884 INFO  [restartedMain] l.log4j2 - 161. ResultSet.next() returned false
2025-01-06 11:18:30.884 INFO  [restartedMain] l.log4j2 - 161. ResultSet.close() returned void
2025-01-06 11:18:30.884 INFO  [restartedMain] l.log4j2 - 161. PreparedStatement.close() returned 
2025-01-06 11:18:30.884 INFO  [restartedMain] l.log4j2 - 161. Connection.getMetaData() returned org.mariadb.jdbc.DatabaseMetaData@4e958f0
2025-01-06 11:18:30.898 INFO  [HikariPool-2 connection adder] l.log4j2 - 162. Connection opened. {executed in 4ms} 
2025-01-06 11:18:30.898 INFO  [HikariPool-2 connection adder] l.log4j2 - 162. Connection.new Connection returned 
2025-01-06 11:18:30.898 INFO  [HikariPool-2 connection adder] l.log4j2 - 162. Connection.isReadOnly() returned false
2025-01-06 11:18:30.898 INFO  [HikariPool-2 connection adder] l.log4j2 - 162. Connection.getAutoCommit() returned true
2025-01-06 11:18:30.912 INFO  [HikariPool-2 connection adder] l.log4j2 - 163. Connection opened. {executed in 3ms} 
2025-01-06 11:18:30.912 INFO  [HikariPool-2 connection adder] l.log4j2 - 163. Connection.new Connection returned 
2025-01-06 11:18:30.912 INFO  [HikariPool-2 connection adder] l.log4j2 - 163. Connection.isReadOnly() returned false
2025-01-06 11:18:30.912 INFO  [HikariPool-2 connection adder] l.log4j2 - 163. Connection.getAutoCommit() returned true
2025-01-06 11:18:30.928 INFO  [HikariPool-2 connection adder] l.log4j2 - 164. Connection opened. {executed in 3ms} 
2025-01-06 11:18:30.928 INFO  [HikariPool-2 connection adder] l.log4j2 - 164. Connection.new Connection returned 
2025-01-06 11:18:30.928 INFO  [HikariPool-2 connection adder] l.log4j2 - 164. Connection.isReadOnly() returned false
2025-01-06 11:18:30.928 INFO  [HikariPool-2 connection adder] l.log4j2 - 164. Connection.getAutoCommit() returned true
2025-01-06 11:18:30.938 INFO  [restartedMain] l.log4j2 - 161. PreparedStatement.new PreparedStatement returned 
2025-01-06 11:18:30.938 INFO  [restartedMain] l.log4j2 - 161. Connection.prepareStatement(select * from `malldb`.`member` where 1=0) returned net.sf.log4jdbc.sql.jdbcapi.PreparedStatementSpy@5a9f9390
2025-01-06 11:18:30.939 INFO  [restartedMain] l.log4j2 - 161. select * from `malldb`.`member` where 1=0  {executed in 1 ms}
2025-01-06 11:18:30.939 INFO  [restartedMain] l.log4j2 - 161. ResultSet.new ResultSet returned 
2025-01-06 11:18:30.939 INFO  [restartedMain] l.log4j2 - 161. PreparedStatement.executeQuery() returned net.sf.log4jdbc.sql.jdbcapi.ResultSetSpy@51301f03
2025-01-06 11:18:30.939 INFO  [restartedMain] l.log4j2 - 161. ResultSet.getMetaData() returned org.mariadb.jdbc.client.result.ResultSetMetaData@1f50f30d
2025-01-06 11:18:30.939 INFO  [restartedMain] l.log4j2 - 
|------|---------|---|-------|
|email |nickname |pw |social |
|------|---------|---|-------|
|------|---------|---|-------|

2025-01-06 11:18:30.939 INFO  [restartedMain] l.log4j2 - 161. ResultSet.close() returned void
2025-01-06 11:18:30.939 INFO  [restartedMain] l.log4j2 - 161. PreparedStatement.close() returned 
2025-01-06 11:18:30.941 INFO  [restartedMain] l.log4j2 - 161. PreparedStatement.new PreparedStatement returned 
2025-01-06 11:18:30.941 INFO  [restartedMain] l.log4j2 - 161. Connection.prepareStatement(select * from `malldb`.`tbl_product` where 1=0) returned net.sf.log4jdbc.sql.jdbcapi.PreparedStatementSpy@61b46427
2025-01-06 11:18:30.942 INFO  [restartedMain] l.log4j2 - 161. select * from `malldb`.`tbl_product` where 1=0  {executed in 1 ms}
2025-01-06 11:18:30.942 INFO  [restartedMain] l.log4j2 - 161. ResultSet.new ResultSet returned 
2025-01-06 11:18:30.942 INFO  [restartedMain] l.log4j2 - 161. PreparedStatement.executeQuery() returned net.sf.log4jdbc.sql.jdbcapi.ResultSetSpy@302da715
2025-01-06 11:18:30.942 INFO  [restartedMain] l.log4j2 - 161. ResultSet.getMetaData() returned org.mariadb.jdbc.client.result.ResultSetMetaData@28fdf286
2025-01-06 11:18:30.942 INFO  [restartedMain] l.log4j2 - 
|----|---------|------|------|------|
|pno |del_flag |pdesc |pname |price |
|----|---------|------|------|------|
|----|---------|------|------|------|

2025-01-06 11:18:30.942 INFO  [restartedMain] l.log4j2 - 161. ResultSet.close() returned void
2025-01-06 11:18:30.942 INFO  [restartedMain] l.log4j2 - 161. PreparedStatement.close() returned 
2025-01-06 11:18:30.942 INFO  [restartedMain] l.log4j2 - 161. Connection.clearWarnings() returned 
2025-01-06 11:18:30.942 INFO  [restartedMain] o.s.o.j.LocalContainerEntityManagerFactoryBean - Initialized JPA EntityManagerFactory for persistence unit 'default'
2025-01-06 11:18:30.943 INFO  [HikariPool-2 connection adder] l.log4j2 - 165. Connection opened. {executed in 2ms} 
2025-01-06 11:18:30.943 INFO  [HikariPool-2 connection adder] l.log4j2 - 165. Connection.new Connection returned 
2025-01-06 11:18:30.943 INFO  [HikariPool-2 connection adder] l.log4j2 - 165. Connection.isReadOnly() returned false
2025-01-06 11:18:30.943 INFO  [HikariPool-2 connection adder] l.log4j2 - 165. Connection.getAutoCommit() returned true
2025-01-06 11:18:30.960 INFO  [HikariPool-2 connection adder] l.log4j2 - 166. Connection opened. {executed in 3ms} 
2025-01-06 11:18:30.960 INFO  [HikariPool-2 connection adder] l.log4j2 - 166. Connection.new Connection returned 
2025-01-06 11:18:30.960 INFO  [HikariPool-2 connection adder] l.log4j2 - 166. Connection.isReadOnly() returned false
2025-01-06 11:18:30.960 INFO  [HikariPool-2 connection adder] l.log4j2 - 166. Connection.getAutoCommit() returned true
2025-01-06 11:18:30.975 INFO  [HikariPool-2 connection adder] l.log4j2 - 167. Connection opened. {executed in 3ms} 
2025-01-06 11:18:30.975 INFO  [HikariPool-2 connection adder] l.log4j2 - 167. Connection.new Connection returned 
2025-01-06 11:18:30.975 INFO  [HikariPool-2 connection adder] l.log4j2 - 167. Connection.isReadOnly() returned false
2025-01-06 11:18:30.975 INFO  [HikariPool-2 connection adder] l.log4j2 - 167. Connection.getAutoCommit() returned true
2025-01-06 11:18:30.990 INFO  [HikariPool-2 connection adder] l.log4j2 - 168. Connection opened. {executed in 2ms} 
2025-01-06 11:18:30.990 INFO  [HikariPool-2 connection adder] l.log4j2 - 168. Connection.new Connection returned 
2025-01-06 11:18:30.990 INFO  [HikariPool-2 connection adder] l.log4j2 - 168. Connection.isReadOnly() returned false
2025-01-06 11:18:30.990 INFO  [HikariPool-2 connection adder] l.log4j2 - 168. Connection.getAutoCommit() returned true
2025-01-06 11:18:31.006 INFO  [HikariPool-2 connection adder] l.log4j2 - 169. Connection opened. {executed in 2ms} 
2025-01-06 11:18:31.006 INFO  [HikariPool-2 connection adder] l.log4j2 - 169. Connection.new Connection returned 
2025-01-06 11:18:31.006 INFO  [HikariPool-2 connection adder] l.log4j2 - 169. Connection.isReadOnly() returned false
2025-01-06 11:18:31.006 INFO  [HikariPool-2 connection adder] l.log4j2 - 169. Connection.getAutoCommit() returned true
2025-01-06 11:18:31.022 INFO  [restartedMain] o.z.m.u.CustomFileUtil - -------------------------------------
2025-01-06 11:18:31.022 INFO  [restartedMain] o.z.m.u.CustomFileUtil - C:\Users\ktcs\backend\mallapi\upload
2025-01-06 11:18:31.023 INFO  [HikariPool-2 connection adder] l.log4j2 - 170. Connection opened. {executed in 4ms} 
2025-01-06 11:18:31.023 INFO  [HikariPool-2 connection adder] l.log4j2 - 170. Connection.new Connection returned 
2025-01-06 11:18:31.023 INFO  [HikariPool-2 connection adder] l.log4j2 - 170. Connection.isReadOnly() returned false
2025-01-06 11:18:31.023 INFO  [HikariPool-2 connection adder] l.log4j2 - 170. Connection.getAutoCommit() returned true
2025-01-06 11:18:31.076 WARN  [restartedMain] o.s.b.a.o.j.JpaBaseConfiguration$JpaWebConfiguration - spring.jpa.open-in-view is enabled by default. Therefore, database queries may be performed during view rendering. Explicitly configure spring.jpa.open-in-view to disable this warning
2025-01-06 11:18:31.094 INFO  [restartedMain] o.z.m.c.CustomSecurityConfig - ---------------------security config---------------------------
2025-01-06 11:18:31.110 INFO  [restartedMain] o.s.s.w.DefaultSecurityFilterChain - Will secure any request with [org.springframework.security.web.session.DisableEncodeUrlFilter@1943c3f3, org.springframework.security.web.context.request.async.WebAsyncManagerIntegrationFilter@74d3eacb, org.springframework.security.web.context.SecurityContextHolderFilter@d8464e0, org.springframework.security.web.header.HeaderWriterFilter@6efefd90, org.springframework.web.filter.CorsFilter@24b9b6e3, org.springframework.security.web.authentication.logout.LogoutFilter@317c28ca, org.zerock.mallapi.security.filter.JWTCheckFilter@43b04663, org.springframework.security.web.authentication.UsernamePasswordAuthenticationFilter@347a629d, org.springframework.security.web.savedrequest.RequestCacheAwareFilter@4fb1013c, org.springframework.security.web.servletapi.SecurityContextHolderAwareRequestFilter@563a6727, org.springframework.security.web.authentication.AnonymousAuthenticationFilter@446b59bd, org.springframework.security.web.session.SessionManagementFilter@4c184456, org.springframework.security.web.access.ExceptionTranslationFilter@252ceb7f]
2025-01-06 11:18:31.301 INFO  [restartedMain] o.s.b.d.a.OptionalLiveReloadServer - LiveReload server is running on port 35729
2025-01-06 11:18:31.315 INFO  [restartedMain] o.s.b.w.e.t.TomcatWebServer - Tomcat started on port 8081 (http) with context path ''
2025-01-06 11:18:31.321 INFO  [restartedMain] o.z.m.MallapiApplication - Started MallapiApplication in 1.734 seconds (process running for 251347.944)
2025-01-06 11:18:31.323 INFO  [restartedMain] o.s.b.d.a.ConditionEvaluationDeltaLoggingListener - Condition evaluation unchanged
2025-01-06 11:19:36.841 INFO  [File Watcher] o.s.b.d.a.LocalDevToolsAutoConfiguration$RestartingClassPathChangeChangedEventListener - Restarting due to 1 class path change (0 additions, 1 deletion, 0 modifications)
2025-01-06 11:19:37.074 INFO  [Thread-7] o.s.o.j.LocalContainerEntityManagerFactoryBean - Closing JPA EntityManagerFactory for persistence unit 'default'
2025-01-06 11:19:37.085 INFO  [Thread-7] c.z.h.HikariDataSource - HikariPool-2 - Shutdown initiated...
2025-01-06 11:19:37.096 INFO  [HikariPool-2 connection closer] l.log4j2 - 161. Connection closed. {executed in 9ms} 
2025-01-06 11:19:37.104 INFO  [HikariPool-2 connection closer] l.log4j2 - 161. Connection.close() returned 
2025-01-06 11:19:37.105 INFO  [HikariPool-2 connection closer] l.log4j2 - 162. Connection closed. {executed in 1ms} 
2025-01-06 11:19:37.105 INFO  [HikariPool-2 connection closer] l.log4j2 - 162. Connection.close() returned 
2025-01-06 11:19:37.105 INFO  [HikariPool-2 connection closer] l.log4j2 - 163. Connection closed. {executed in 0ms} 
2025-01-06 11:19:37.106 INFO  [HikariPool-2 connection closer] l.log4j2 - 163. Connection.close() returned 
2025-01-06 11:19:37.106 INFO  [HikariPool-2 connection closer] l.log4j2 - 164. Connection closed. {executed in 0ms} 
2025-01-06 11:19:37.106 INFO  [HikariPool-2 connection closer] l.log4j2 - 164. Connection.close() returned 
2025-01-06 11:19:37.107 INFO  [HikariPool-2 connection closer] l.log4j2 - 165. Connection closed. {executed in 1ms} 
2025-01-06 11:19:37.107 INFO  [HikariPool-2 connection closer] l.log4j2 - 165. Connection.close() returned 
2025-01-06 11:19:37.108 INFO  [HikariPool-2 connection closer] l.log4j2 - 166. Connection closed. {executed in 1ms} 
2025-01-06 11:19:37.108 INFO  [HikariPool-2 connection closer] l.log4j2 - 166. Connection.close() returned 
2025-01-06 11:19:37.109 INFO  [HikariPool-2 connection closer] l.log4j2 - 167. Connection closed. {executed in 1ms} 
2025-01-06 11:19:37.109 INFO  [HikariPool-2 connection closer] l.log4j2 - 167. Connection.close() returned 
2025-01-06 11:19:37.111 INFO  [HikariPool-2 connection closer] l.log4j2 - 168. Connection closed. {executed in 2ms} 
2025-01-06 11:19:37.112 INFO  [HikariPool-2 connection closer] l.log4j2 - 168. Connection.close() returned 
2025-01-06 11:19:37.116 INFO  [HikariPool-2 connection closer] l.log4j2 - 169. Connection closed. {executed in 4ms} 
2025-01-06 11:19:37.116 INFO  [HikariPool-2 connection closer] l.log4j2 - 169. Connection.close() returned 
2025-01-06 11:19:37.117 INFO  [HikariPool-2 connection closer] l.log4j2 - 170. Connection closed. {executed in 1ms} 
2025-01-06 11:19:37.117 INFO  [HikariPool-2 connection closer] l.log4j2 - 170. Connection.close() returned 
2025-01-06 11:19:37.117 INFO  [Thread-7] c.z.h.HikariDataSource - HikariPool-2 - Shutdown completed.
2025-01-06 11:19:37.204 INFO  [restartedMain] o.z.m.MallapiApplication - Starting MallapiApplication using Java 17.0.12 with PID 10712 (C:\Users\ktcs\backend\mallapi\build\classes\java\main started by ktcs in C:\Users\ktcs\backend\mallapi)
2025-01-06 11:19:37.204 INFO  [restartedMain] o.z.m.MallapiApplication - No active profile set, falling back to 1 default profile: "default"
2025-01-06 11:19:37.469 INFO  [restartedMain] o.s.d.r.c.RepositoryConfigurationDelegate - Bootstrapping Spring Data JPA repositories in DEFAULT mode.
2025-01-06 11:19:37.509 INFO  [restartedMain] o.s.d.r.c.RepositoryConfigurationDelegate - Finished Spring Data repository scanning in 40 ms. Found 3 JPA repository interfaces.
2025-01-06 11:19:37.704 INFO  [restartedMain] o.s.b.w.e.t.TomcatWebServer - Tomcat initialized with port 8081 (http)
2025-01-06 11:19:37.705 INFO  [restartedMain] o.a.c.c.StandardService - Starting service [Tomcat]
2025-01-06 11:19:37.705 INFO  [restartedMain] o.a.c.c.StandardEngine - Starting Servlet engine: [Apache Tomcat/10.1.28]
2025-01-06 11:19:37.737 INFO  [restartedMain] o.a.c.c.C.[.[.[/] - Initializing Spring embedded WebApplicationContext
2025-01-06 11:19:37.737 INFO  [restartedMain] o.s.b.w.s.c.ServletWebServerApplicationContext - Root WebApplicationContext: initialization completed in 531 ms
2025-01-06 11:19:37.815 INFO  [restartedMain] o.h.j.i.u.LogHelper - HHH000204: Processing PersistenceUnitInfo [name: default]
2025-01-06 11:19:37.819 INFO  [restartedMain] o.h.c.i.RegionFactoryInitiator - HHH000026: Second-level cache disabled
2025-01-06 11:19:37.828 INFO  [restartedMain] o.s.o.j.p.SpringPersistenceUnitInfo - No LoadTimeWeaver setup: ignoring JPA class transformer
2025-01-06 11:19:37.831 INFO  [restartedMain] c.z.h.HikariDataSource - HikariPool-3 - Starting...
2025-01-06 11:19:37.837 INFO  [restartedMain] l.log4j2 - 171. Connection opened. {executed in 6ms} 
2025-01-06 11:19:37.837 INFO  [restartedMain] l.log4j2 - 171. Connection.new Connection returned 
2025-01-06 11:19:37.837 INFO  [restartedMain] l.log4j2 - 171. Connection.getNetworkTimeout() returned 0
2025-01-06 11:19:37.837 INFO  [restartedMain] l.log4j2 - 171. Connection.isReadOnly() returned false
2025-01-06 11:19:37.837 INFO  [restartedMain] l.log4j2 - 171. Connection.getAutoCommit() returned true
2025-01-06 11:19:37.837 INFO  [restartedMain] l.log4j2 - 171. Connection.isValid(1) returned true
2025-01-06 11:19:37.837 INFO  [restartedMain] l.log4j2 - 171. Connection.getTransactionIsolation() returned 4
2025-01-06 11:19:37.838 INFO  [restartedMain] c.z.h.p.HikariPool - HikariPool-3 - Added connection net.sf.log4jdbc.sql.jdbcapi.ConnectionSpy@11218db2
2025-01-06 11:19:37.838 INFO  [restartedMain] c.z.h.HikariDataSource - HikariPool-3 - Start completed.
2025-01-06 11:19:37.838 INFO  [restartedMain] l.log4j2 - 171. Connection.getMetaData() returned org.mariadb.jdbc.DatabaseMetaData@4ca00428
2025-01-06 11:19:37.839 INFO  [restartedMain] l.log4j2 - 171. Statement.new Statement returned 
2025-01-06 11:19:37.839 INFO  [restartedMain] l.log4j2 - 171. Connection.createStatement() returned net.sf.log4jdbc.sql.jdbcapi.StatementSpy@2b7ea116
2025-01-06 11:19:37.840 INFO  [restartedMain] l.log4j2 - 171. SELECT @@character_set_database, @@sql_mode  {executed in 1 ms}
2025-01-06 11:19:37.840 INFO  [restartedMain] l.log4j2 - 171. ResultSet.new ResultSet returned 
2025-01-06 11:19:37.840 INFO  [restartedMain] l.log4j2 - 171. Statement.executeQuery(SELECT @@character_set_database, @@sql_mode) returned net.sf.log4jdbc.sql.jdbcapi.ResultSetSpy@4d44e61d
2025-01-06 11:19:37.840 INFO  [restartedMain] l.log4j2 - 171. ResultSet.next() returned true
2025-01-06 11:19:37.840 INFO  [restartedMain] l.log4j2 - 171. ResultSet.getString(1) returned utf8
2025-01-06 11:19:37.840 INFO  [restartedMain] l.log4j2 - 171. ResultSet.getString(2) returned IGNORE_SPACE,STRICT_TRANS_TABLES,ERROR_FOR_DIVISION_BY_ZERO,NO_AUTO_CREATE_USER,NO_ENGINE_SUBSTITUTION
2025-01-06 11:19:37.840 INFO  [restartedMain] l.log4j2 - 171. Statement.close() returned 
2025-01-06 11:19:37.840 INFO  [restartedMain] l.log4j2 - 171. Connection.getCatalog() returned malldb
2025-01-06 11:19:37.840 INFO  [restartedMain] l.log4j2 - 171. Connection.getSchema() returned null
2025-01-06 11:19:37.840 INFO  [restartedMain] l.log4j2 - 171. Connection.getSchema() returned null
2025-01-06 11:19:37.840 INFO  [restartedMain] l.log4j2 - 171. Connection.getMetaData() returned org.mariadb.jdbc.DatabaseMetaData@5095be1a
2025-01-06 11:19:37.840 INFO  [restartedMain] l.log4j2 - 171. Connection.createClob() returned 
2025-01-06 11:19:37.840 INFO  [restartedMain] l.log4j2 - 171. Connection.createNClob() returned 
2025-01-06 11:19:37.840 INFO  [restartedMain] l.log4j2 - 171. Connection.clearWarnings() returned 
2025-01-06 11:19:37.909 INFO  [restartedMain] o.h.e.t.j.p.i.JtaPlatformInitiator - HHH000489: No JTA platform available (set 'hibernate.transaction.jta.platform' to enable JTA platform integration)
2025-01-06 11:19:37.910 INFO  [restartedMain] l.log4j2 - 171. Connection.getAutoCommit() returned true
2025-01-06 11:19:37.910 INFO  [restartedMain] l.log4j2 - 171. PreparedStatement.new PreparedStatement returned 
2025-01-06 11:19:37.910 INFO  [restartedMain] l.log4j2 - 171. Connection.prepareStatement(select table_name from information_schema.TABLES where table_schema=database() and table_type='SEQUENCE') returned net.sf.log4jdbc.sql.jdbcapi.PreparedStatementSpy@13b7f8f2
2025-01-06 11:19:37.911 INFO  [restartedMain] l.log4j2 - 171. select table_name from information_schema.TABLES where table_schema=database() and table_type='SEQUENCE'  {executed in 1 ms}
2025-01-06 11:19:37.911 INFO  [restartedMain] l.log4j2 - 171. ResultSet.new ResultSet returned 
2025-01-06 11:19:37.911 INFO  [restartedMain] l.log4j2 - 171. PreparedStatement.executeQuery() returned net.sf.log4jdbc.sql.jdbcapi.ResultSetSpy@7519d072
2025-01-06 11:19:37.911 INFO  [restartedMain] l.log4j2 - 
|-----------|
|table_name |
|-----------|
|-----------|

2025-01-06 11:19:37.911 INFO  [restartedMain] l.log4j2 - 171. ResultSet.next() returned false
2025-01-06 11:19:37.911 INFO  [restartedMain] l.log4j2 - 171. ResultSet.close() returned void
2025-01-06 11:19:37.911 INFO  [restartedMain] l.log4j2 - 171. PreparedStatement.close() returned 
2025-01-06 11:19:37.911 INFO  [restartedMain] l.log4j2 - 171. Connection.getMetaData() returned org.mariadb.jdbc.DatabaseMetaData@17917cb8
2025-01-06 11:19:37.931 INFO  [restartedMain] l.log4j2 - 171. PreparedStatement.new PreparedStatement returned 
2025-01-06 11:19:37.932 INFO  [restartedMain] l.log4j2 - 171. Connection.prepareStatement(select * from `malldb`.`member` where 1=0) returned net.sf.log4jdbc.sql.jdbcapi.PreparedStatementSpy@3adde711
2025-01-06 11:19:37.932 INFO  [restartedMain] l.log4j2 - 171. select * from `malldb`.`member` where 1=0  {executed in 0 ms}
2025-01-06 11:19:37.932 INFO  [restartedMain] l.log4j2 - 171. ResultSet.new ResultSet returned 
2025-01-06 11:19:37.932 INFO  [restartedMain] l.log4j2 - 171. PreparedStatement.executeQuery() returned net.sf.log4jdbc.sql.jdbcapi.ResultSetSpy@1fc3a78
2025-01-06 11:19:37.932 INFO  [restartedMain] l.log4j2 - 171. ResultSet.getMetaData() returned org.mariadb.jdbc.client.result.ResultSetMetaData@1d94e243
2025-01-06 11:19:37.932 INFO  [restartedMain] l.log4j2 - 
|------|---------|---|-------|
|email |nickname |pw |social |
|------|---------|---|-------|
|------|---------|---|-------|

2025-01-06 11:19:37.932 INFO  [restartedMain] l.log4j2 - 171. ResultSet.close() returned void
2025-01-06 11:19:37.932 INFO  [restartedMain] l.log4j2 - 171. PreparedStatement.close() returned 
2025-01-06 11:19:37.934 INFO  [restartedMain] l.log4j2 - 171. PreparedStatement.new PreparedStatement returned 
2025-01-06 11:19:37.935 INFO  [restartedMain] l.log4j2 - 171. Connection.prepareStatement(select * from `malldb`.`tbl_product` where 1=0) returned net.sf.log4jdbc.sql.jdbcapi.PreparedStatementSpy@51d6256d
2025-01-06 11:19:37.935 INFO  [restartedMain] l.log4j2 - 171. select * from `malldb`.`tbl_product` where 1=0  {executed in 0 ms}
2025-01-06 11:19:37.935 INFO  [restartedMain] l.log4j2 - 171. ResultSet.new ResultSet returned 
2025-01-06 11:19:37.935 INFO  [restartedMain] l.log4j2 - 171. PreparedStatement.executeQuery() returned net.sf.log4jdbc.sql.jdbcapi.ResultSetSpy@3199fad5
2025-01-06 11:19:37.935 INFO  [restartedMain] l.log4j2 - 171. ResultSet.getMetaData() returned org.mariadb.jdbc.client.result.ResultSetMetaData@b25805f
2025-01-06 11:19:37.935 INFO  [restartedMain] l.log4j2 - 
|----|---------|------|------|------|
|pno |del_flag |pdesc |pname |price |
|----|---------|------|------|------|
|----|---------|------|------|------|

2025-01-06 11:19:37.935 INFO  [restartedMain] l.log4j2 - 171. ResultSet.close() returned void
2025-01-06 11:19:37.935 INFO  [restartedMain] l.log4j2 - 171. PreparedStatement.close() returned 
2025-01-06 11:19:37.935 INFO  [restartedMain] l.log4j2 - 171. Connection.clearWarnings() returned 
2025-01-06 11:19:37.935 INFO  [restartedMain] o.s.o.j.LocalContainerEntityManagerFactoryBean - Initialized JPA EntityManagerFactory for persistence unit 'default'
2025-01-06 11:19:37.941 INFO  [HikariPool-3 connection adder] l.log4j2 - 172. Connection opened. {executed in 3ms} 
2025-01-06 11:19:37.942 INFO  [HikariPool-3 connection adder] l.log4j2 - 172. Connection.new Connection returned 
2025-01-06 11:19:37.942 INFO  [HikariPool-3 connection adder] l.log4j2 - 172. Connection.isReadOnly() returned false
2025-01-06 11:19:37.942 INFO  [HikariPool-3 connection adder] l.log4j2 - 172. Connection.getAutoCommit() returned true
2025-01-06 11:19:37.958 INFO  [HikariPool-3 connection adder] l.log4j2 - 173. Connection opened. {executed in 4ms} 
2025-01-06 11:19:37.958 INFO  [HikariPool-3 connection adder] l.log4j2 - 173. Connection.new Connection returned 
2025-01-06 11:19:37.958 INFO  [HikariPool-3 connection adder] l.log4j2 - 173. Connection.isReadOnly() returned false
2025-01-06 11:19:37.958 INFO  [HikariPool-3 connection adder] l.log4j2 - 173. Connection.getAutoCommit() returned true
2025-01-06 11:19:37.983 INFO  [HikariPool-3 connection adder] l.log4j2 - 174. Connection opened. {executed in 6ms} 
2025-01-06 11:19:37.983 INFO  [HikariPool-3 connection adder] l.log4j2 - 174. Connection.new Connection returned 
2025-01-06 11:19:37.983 INFO  [HikariPool-3 connection adder] l.log4j2 - 174. Connection.isReadOnly() returned false
2025-01-06 11:19:37.983 INFO  [HikariPool-3 connection adder] l.log4j2 - 174. Connection.getAutoCommit() returned true
2025-01-06 11:19:38.014 INFO  [HikariPool-3 connection adder] l.log4j2 - 175. Connection opened. {executed in 6ms} 
2025-01-06 11:19:38.014 INFO  [HikariPool-3 connection adder] l.log4j2 - 175. Connection.new Connection returned 
2025-01-06 11:19:38.014 INFO  [HikariPool-3 connection adder] l.log4j2 - 175. Connection.isReadOnly() returned false
2025-01-06 11:19:38.014 INFO  [HikariPool-3 connection adder] l.log4j2 - 175. Connection.getAutoCommit() returned true
2025-01-06 11:19:38.047 INFO  [HikariPool-3 connection adder] l.log4j2 - 176. Connection opened. {executed in 9ms} 
2025-01-06 11:19:38.047 INFO  [HikariPool-3 connection adder] l.log4j2 - 176. Connection.new Connection returned 
2025-01-06 11:19:38.047 INFO  [HikariPool-3 connection adder] l.log4j2 - 176. Connection.isReadOnly() returned false
2025-01-06 11:19:38.047 INFO  [HikariPool-3 connection adder] l.log4j2 - 176. Connection.getAutoCommit() returned true
2025-01-06 11:19:38.054 INFO  [restartedMain] o.z.m.u.CustomFileUtil - -------------------------------------
2025-01-06 11:19:38.054 INFO  [restartedMain] o.z.m.u.CustomFileUtil - C:\Users\ktcs\backend\mallapi\upload
2025-01-06 11:19:38.071 INFO  [HikariPool-3 connection adder] l.log4j2 - 177. Connection opened. {executed in 2ms} 
2025-01-06 11:19:38.071 INFO  [HikariPool-3 connection adder] l.log4j2 - 177. Connection.new Connection returned 
2025-01-06 11:19:38.071 INFO  [HikariPool-3 connection adder] l.log4j2 - 177. Connection.isReadOnly() returned false
2025-01-06 11:19:38.071 INFO  [HikariPool-3 connection adder] l.log4j2 - 177. Connection.getAutoCommit() returned true
2025-01-06 11:19:38.099 INFO  [HikariPool-3 connection adder] l.log4j2 - 178. Connection opened. {executed in 9ms} 
2025-01-06 11:19:38.099 INFO  [HikariPool-3 connection adder] l.log4j2 - 178. Connection.new Connection returned 
2025-01-06 11:19:38.099 INFO  [HikariPool-3 connection adder] l.log4j2 - 178. Connection.isReadOnly() returned false
2025-01-06 11:19:38.099 INFO  [HikariPool-3 connection adder] l.log4j2 - 178. Connection.getAutoCommit() returned true
2025-01-06 11:19:38.117 INFO  [HikariPool-3 connection adder] l.log4j2 - 179. Connection opened. {executed in 2ms} 
2025-01-06 11:19:38.117 INFO  [HikariPool-3 connection adder] l.log4j2 - 179. Connection.new Connection returned 
2025-01-06 11:19:38.117 INFO  [HikariPool-3 connection adder] l.log4j2 - 179. Connection.isReadOnly() returned false
2025-01-06 11:19:38.117 INFO  [HikariPool-3 connection adder] l.log4j2 - 179. Connection.getAutoCommit() returned true
2025-01-06 11:19:38.119 WARN  [restartedMain] o.s.b.a.o.j.JpaBaseConfiguration$JpaWebConfiguration - spring.jpa.open-in-view is enabled by default. Therefore, database queries may be performed during view rendering. Explicitly configure spring.jpa.open-in-view to disable this warning
2025-01-06 11:19:38.132 INFO  [HikariPool-3 connection adder] l.log4j2 - 180. Connection opened. {executed in 2ms} 
2025-01-06 11:19:38.132 INFO  [HikariPool-3 connection adder] l.log4j2 - 180. Connection.new Connection returned 
2025-01-06 11:19:38.132 INFO  [HikariPool-3 connection adder] l.log4j2 - 180. Connection.isReadOnly() returned false
2025-01-06 11:19:38.132 INFO  [HikariPool-3 connection adder] l.log4j2 - 180. Connection.getAutoCommit() returned true
2025-01-06 11:19:38.142 INFO  [restartedMain] o.z.m.c.CustomSecurityConfig - ---------------------security config---------------------------
2025-01-06 11:19:38.161 INFO  [restartedMain] o.s.s.w.DefaultSecurityFilterChain - Will secure any request with [org.springframework.security.web.session.DisableEncodeUrlFilter@3f8a0389, org.springframework.security.web.context.request.async.WebAsyncManagerIntegrationFilter@74680bef, org.springframework.security.web.context.SecurityContextHolderFilter@4a03d7a1, org.springframework.security.web.header.HeaderWriterFilter@55435339, org.springframework.web.filter.CorsFilter@38e23d98, org.springframework.security.web.authentication.logout.LogoutFilter@5a32ce94, org.zerock.mallapi.security.filter.JWTCheckFilter@1564eef, org.springframework.security.web.authentication.UsernamePasswordAuthenticationFilter@1645e912, org.springframework.security.web.savedrequest.RequestCacheAwareFilter@45c12f57, org.springframework.security.web.servletapi.SecurityContextHolderAwareRequestFilter@a54764d, org.springframework.security.web.authentication.AnonymousAuthenticationFilter@6e2f8307, org.springframework.security.web.session.SessionManagementFilter@3f4769f7, org.springframework.security.web.access.ExceptionTranslationFilter@4029fc9a]
2025-01-06 11:19:38.367 INFO  [restartedMain] o.s.b.d.a.OptionalLiveReloadServer - LiveReload server is running on port 35729
2025-01-06 11:19:38.384 INFO  [restartedMain] o.s.b.w.e.t.TomcatWebServer - Tomcat started on port 8081 (http) with context path ''
2025-01-06 11:19:38.387 INFO  [restartedMain] o.z.m.MallapiApplication - Started MallapiApplication in 1.209 seconds (process running for 251415.01)
2025-01-06 11:19:38.388 INFO  [restartedMain] o.s.b.d.a.ConditionEvaluationDeltaLoggingListener - Condition evaluation unchanged
2025-01-06 11:19:39.875 INFO  [File Watcher] o.s.b.d.a.LocalDevToolsAutoConfiguration$RestartingClassPathChangeChangedEventListener - Restarting due to 2 class path changes (2 additions, 0 deletions, 0 modifications)
2025-01-06 11:19:40.042 INFO  [Thread-11] o.s.o.j.LocalContainerEntityManagerFactoryBean - Closing JPA EntityManagerFactory for persistence unit 'default'
2025-01-06 11:19:40.042 INFO  [Thread-11] c.z.h.HikariDataSource - HikariPool-3 - Shutdown initiated...
2025-01-06 11:19:40.043 INFO  [HikariPool-3 connection closer] l.log4j2 - 171. Connection closed. {executed in 0ms} 
2025-01-06 11:19:40.043 INFO  [HikariPool-3 connection closer] l.log4j2 - 171. Connection.close() returned 
2025-01-06 11:19:40.043 INFO  [HikariPool-3 connection closer] l.log4j2 - 172. Connection closed. {executed in 0ms} 
2025-01-06 11:19:40.043 INFO  [HikariPool-3 connection closer] l.log4j2 - 172. Connection.close() returned 
2025-01-06 11:19:40.043 INFO  [HikariPool-3 connection closer] l.log4j2 - 173. Connection closed. {executed in 0ms} 
2025-01-06 11:19:40.043 INFO  [HikariPool-3 connection closer] l.log4j2 - 173. Connection.close() returned 
2025-01-06 11:19:40.044 INFO  [HikariPool-3 connection closer] l.log4j2 - 174. Connection closed. {executed in 1ms} 
2025-01-06 11:19:40.044 INFO  [HikariPool-3 connection closer] l.log4j2 - 174. Connection.close() returned 
2025-01-06 11:19:40.044 INFO  [HikariPool-3 connection closer] l.log4j2 - 175. Connection closed. {executed in 0ms} 
2025-01-06 11:19:40.044 INFO  [HikariPool-3 connection closer] l.log4j2 - 175. Connection.close() returned 
2025-01-06 11:19:40.044 INFO  [HikariPool-3 connection closer] l.log4j2 - 176. Connection closed. {executed in 0ms} 
2025-01-06 11:19:40.044 INFO  [HikariPool-3 connection closer] l.log4j2 - 176. Connection.close() returned 
2025-01-06 11:19:40.044 INFO  [HikariPool-3 connection closer] l.log4j2 - 177. Connection closed. {executed in 0ms} 
2025-01-06 11:19:40.044 INFO  [HikariPool-3 connection closer] l.log4j2 - 177. Connection.close() returned 
2025-01-06 11:19:40.044 INFO  [HikariPool-3 connection closer] l.log4j2 - 178. Connection closed. {executed in 0ms} 
2025-01-06 11:19:40.044 INFO  [HikariPool-3 connection closer] l.log4j2 - 178. Connection.close() returned 
2025-01-06 11:19:40.044 INFO  [HikariPool-3 connection closer] l.log4j2 - 179. Connection closed. {executed in 0ms} 
2025-01-06 11:19:40.044 INFO  [HikariPool-3 connection closer] l.log4j2 - 179. Connection.close() returned 
2025-01-06 11:19:40.045 INFO  [HikariPool-3 connection closer] l.log4j2 - 180. Connection closed. {executed in 1ms} 
2025-01-06 11:19:40.045 INFO  [HikariPool-3 connection closer] l.log4j2 - 180. Connection.close() returned 
2025-01-06 11:19:40.045 INFO  [Thread-11] c.z.h.HikariDataSource - HikariPool-3 - Shutdown completed.
2025-01-06 11:19:40.107 INFO  [restartedMain] o.z.m.MallapiApplication - Starting MallapiApplication using Java 17.0.12 with PID 10712 (C:\Users\ktcs\backend\mallapi\build\classes\java\main started by ktcs in C:\Users\ktcs\backend\mallapi)
2025-01-06 11:19:40.107 INFO  [restartedMain] o.z.m.MallapiApplication - No active profile set, falling back to 1 default profile: "default"
2025-01-06 11:19:40.309 INFO  [restartedMain] o.s.d.r.c.RepositoryConfigurationDelegate - Bootstrapping Spring Data JPA repositories in DEFAULT mode.
2025-01-06 11:19:40.330 INFO  [restartedMain] o.s.d.r.c.RepositoryConfigurationDelegate - Finished Spring Data repository scanning in 21 ms. Found 3 JPA repository interfaces.
2025-01-06 11:19:40.430 INFO  [restartedMain] o.s.b.w.e.t.TomcatWebServer - Tomcat initialized with port 8081 (http)
2025-01-06 11:19:40.431 INFO  [restartedMain] o.a.c.c.StandardService - Starting service [Tomcat]
2025-01-06 11:19:40.431 INFO  [restartedMain] o.a.c.c.StandardEngine - Starting Servlet engine: [Apache Tomcat/10.1.28]
2025-01-06 11:19:40.454 INFO  [restartedMain] o.a.c.c.C.[.[.[/] - Initializing Spring embedded WebApplicationContext
2025-01-06 11:19:40.454 INFO  [restartedMain] o.s.b.w.s.c.ServletWebServerApplicationContext - Root WebApplicationContext: initialization completed in 345 ms
2025-01-06 11:19:40.496 INFO  [restartedMain] o.h.j.i.u.LogHelper - HHH000204: Processing PersistenceUnitInfo [name: default]
2025-01-06 11:19:40.502 INFO  [restartedMain] o.h.c.i.RegionFactoryInitiator - HHH000026: Second-level cache disabled
2025-01-06 11:19:40.507 INFO  [restartedMain] o.s.o.j.p.SpringPersistenceUnitInfo - No LoadTimeWeaver setup: ignoring JPA class transformer
2025-01-06 11:19:40.508 INFO  [restartedMain] c.z.h.HikariDataSource - HikariPool-4 - Starting...
2025-01-06 11:19:40.510 INFO  [restartedMain] l.log4j2 - 181. Connection opened. {executed in 2ms} 
2025-01-06 11:19:40.510 INFO  [restartedMain] l.log4j2 - 181. Connection.new Connection returned 
2025-01-06 11:19:40.510 INFO  [restartedMain] l.log4j2 - 181. Connection.getNetworkTimeout() returned 0
2025-01-06 11:19:40.510 INFO  [restartedMain] l.log4j2 - 181. Connection.isReadOnly() returned false
2025-01-06 11:19:40.510 INFO  [restartedMain] l.log4j2 - 181. Connection.getAutoCommit() returned true
2025-01-06 11:19:40.511 INFO  [restartedMain] l.log4j2 - 181. Connection.isValid(1) returned true
2025-01-06 11:19:40.511 INFO  [restartedMain] l.log4j2 - 181. Connection.getTransactionIsolation() returned 4
2025-01-06 11:19:40.511 INFO  [restartedMain] c.z.h.p.HikariPool - HikariPool-4 - Added connection net.sf.log4jdbc.sql.jdbcapi.ConnectionSpy@659b0f88
2025-01-06 11:19:40.511 INFO  [restartedMain] c.z.h.HikariDataSource - HikariPool-4 - Start completed.
2025-01-06 11:19:40.511 INFO  [restartedMain] l.log4j2 - 181. Connection.getMetaData() returned org.mariadb.jdbc.DatabaseMetaData@1fdbd9e7
2025-01-06 11:19:40.511 INFO  [restartedMain] l.log4j2 - 181. Statement.new Statement returned 
2025-01-06 11:19:40.511 INFO  [restartedMain] l.log4j2 - 181. Connection.createStatement() returned net.sf.log4jdbc.sql.jdbcapi.StatementSpy@6a14a69e
2025-01-06 11:19:40.512 INFO  [restartedMain] l.log4j2 - 181. SELECT @@character_set_database, @@sql_mode  {executed in 1 ms}
2025-01-06 11:19:40.512 INFO  [restartedMain] l.log4j2 - 181. ResultSet.new ResultSet returned 
2025-01-06 11:19:40.512 INFO  [restartedMain] l.log4j2 - 181. Statement.executeQuery(SELECT @@character_set_database, @@sql_mode) returned net.sf.log4jdbc.sql.jdbcapi.ResultSetSpy@7ac4229b
2025-01-06 11:19:40.512 INFO  [restartedMain] l.log4j2 - 181. ResultSet.next() returned true
2025-01-06 11:19:40.512 INFO  [restartedMain] l.log4j2 - 181. ResultSet.getString(1) returned utf8
2025-01-06 11:19:40.512 INFO  [restartedMain] l.log4j2 - 181. ResultSet.getString(2) returned IGNORE_SPACE,STRICT_TRANS_TABLES,ERROR_FOR_DIVISION_BY_ZERO,NO_AUTO_CREATE_USER,NO_ENGINE_SUBSTITUTION
2025-01-06 11:19:40.512 INFO  [restartedMain] l.log4j2 - 181. Statement.close() returned 
2025-01-06 11:19:40.512 INFO  [restartedMain] l.log4j2 - 181. Connection.getCatalog() returned malldb
2025-01-06 11:19:40.512 INFO  [restartedMain] l.log4j2 - 181. Connection.getSchema() returned null
2025-01-06 11:19:40.512 INFO  [restartedMain] l.log4j2 - 181. Connection.getSchema() returned null
2025-01-06 11:19:40.512 INFO  [restartedMain] l.log4j2 - 181. Connection.getMetaData() returned org.mariadb.jdbc.DatabaseMetaData@471e9504
2025-01-06 11:19:40.512 INFO  [restartedMain] l.log4j2 - 181. Connection.createClob() returned 
2025-01-06 11:19:40.512 INFO  [restartedMain] l.log4j2 - 181. Connection.createNClob() returned 
2025-01-06 11:19:40.513 INFO  [restartedMain] l.log4j2 - 181. Connection.clearWarnings() returned 
2025-01-06 11:19:40.563 INFO  [restartedMain] o.h.e.t.j.p.i.JtaPlatformInitiator - HHH000489: No JTA platform available (set 'hibernate.transaction.jta.platform' to enable JTA platform integration)
2025-01-06 11:19:40.563 INFO  [restartedMain] l.log4j2 - 181. Connection.getAutoCommit() returned true
2025-01-06 11:19:40.563 INFO  [restartedMain] l.log4j2 - 181. PreparedStatement.new PreparedStatement returned 
2025-01-06 11:19:40.564 INFO  [restartedMain] l.log4j2 - 181. Connection.prepareStatement(select table_name from information_schema.TABLES where table_schema=database() and table_type='SEQUENCE') returned net.sf.log4jdbc.sql.jdbcapi.PreparedStatementSpy@44b540ed
2025-01-06 11:19:40.565 INFO  [restartedMain] l.log4j2 - 181. select table_name from information_schema.TABLES where table_schema=database() and table_type='SEQUENCE'  {executed in 1 ms}
2025-01-06 11:19:40.565 INFO  [restartedMain] l.log4j2 - 181. ResultSet.new ResultSet returned 
2025-01-06 11:19:40.565 INFO  [restartedMain] l.log4j2 - 181. PreparedStatement.executeQuery() returned net.sf.log4jdbc.sql.jdbcapi.ResultSetSpy@120e1d6e
2025-01-06 11:19:40.565 INFO  [restartedMain] l.log4j2 - 
|-----------|
|table_name |
|-----------|
|-----------|

2025-01-06 11:19:40.565 INFO  [restartedMain] l.log4j2 - 181. ResultSet.next() returned false
2025-01-06 11:19:40.565 INFO  [restartedMain] l.log4j2 - 181. ResultSet.close() returned void
2025-01-06 11:19:40.565 INFO  [restartedMain] l.log4j2 - 181. PreparedStatement.close() returned 
2025-01-06 11:19:40.565 INFO  [restartedMain] l.log4j2 - 181. Connection.getMetaData() returned org.mariadb.jdbc.DatabaseMetaData@382d032e
2025-01-06 11:19:40.583 INFO  [restartedMain] l.log4j2 - 181. PreparedStatement.new PreparedStatement returned 
2025-01-06 11:19:40.583 INFO  [restartedMain] l.log4j2 - 181. Connection.prepareStatement(select * from `malldb`.`member` where 1=0) returned net.sf.log4jdbc.sql.jdbcapi.PreparedStatementSpy@6946083b
2025-01-06 11:19:40.583 INFO  [restartedMain] l.log4j2 - 181. select * from `malldb`.`member` where 1=0  {executed in 0 ms}
2025-01-06 11:19:40.583 INFO  [restartedMain] l.log4j2 - 181. ResultSet.new ResultSet returned 
2025-01-06 11:19:40.583 INFO  [restartedMain] l.log4j2 - 181. PreparedStatement.executeQuery() returned net.sf.log4jdbc.sql.jdbcapi.ResultSetSpy@b418d10
2025-01-06 11:19:40.583 INFO  [restartedMain] l.log4j2 - 181. ResultSet.getMetaData() returned org.mariadb.jdbc.client.result.ResultSetMetaData@5ba5db25
2025-01-06 11:19:40.584 INFO  [restartedMain] l.log4j2 - 
|------|---------|---|-------|
|email |nickname |pw |social |
|------|---------|---|-------|
|------|---------|---|-------|

2025-01-06 11:19:40.584 INFO  [restartedMain] l.log4j2 - 181. ResultSet.close() returned void
2025-01-06 11:19:40.584 INFO  [restartedMain] l.log4j2 - 181. PreparedStatement.close() returned 
2025-01-06 11:19:40.585 INFO  [restartedMain] l.log4j2 - 181. PreparedStatement.new PreparedStatement returned 
2025-01-06 11:19:40.585 INFO  [restartedMain] l.log4j2 - 181. Connection.prepareStatement(select * from `malldb`.`tbl_product` where 1=0) returned net.sf.log4jdbc.sql.jdbcapi.PreparedStatementSpy@5122e642
2025-01-06 11:19:40.586 INFO  [restartedMain] l.log4j2 - 181. select * from `malldb`.`tbl_product` where 1=0  {executed in 1 ms}
2025-01-06 11:19:40.586 INFO  [restartedMain] l.log4j2 - 181. ResultSet.new ResultSet returned 
2025-01-06 11:19:40.586 INFO  [restartedMain] l.log4j2 - 181. PreparedStatement.executeQuery() returned net.sf.log4jdbc.sql.jdbcapi.ResultSetSpy@568cd87b
2025-01-06 11:19:40.586 INFO  [restartedMain] l.log4j2 - 181. ResultSet.getMetaData() returned org.mariadb.jdbc.client.result.ResultSetMetaData@23855d7c
2025-01-06 11:19:40.586 INFO  [restartedMain] l.log4j2 - 
|----|---------|------|------|------|
|pno |del_flag |pdesc |pname |price |
|----|---------|------|------|------|
|----|---------|------|------|------|

2025-01-06 11:19:40.586 INFO  [restartedMain] l.log4j2 - 181. ResultSet.close() returned void
2025-01-06 11:19:40.586 INFO  [restartedMain] l.log4j2 - 181. PreparedStatement.close() returned 
2025-01-06 11:19:40.586 INFO  [restartedMain] l.log4j2 - 181. Connection.clearWarnings() returned 
2025-01-06 11:19:40.586 INFO  [restartedMain] o.s.o.j.LocalContainerEntityManagerFactoryBean - Initialized JPA EntityManagerFactory for persistence unit 'default'
2025-01-06 11:19:40.626 INFO  [HikariPool-4 connection adder] l.log4j2 - 182. Connection opened. {executed in 3ms} 
2025-01-06 11:19:40.626 INFO  [HikariPool-4 connection adder] l.log4j2 - 182. Connection.new Connection returned 
2025-01-06 11:19:40.626 INFO  [HikariPool-4 connection adder] l.log4j2 - 182. Connection.isReadOnly() returned false
2025-01-06 11:19:40.626 INFO  [HikariPool-4 connection adder] l.log4j2 - 182. Connection.getAutoCommit() returned true
2025-01-06 11:19:40.641 INFO  [HikariPool-4 connection adder] l.log4j2 - 183. Connection opened. {executed in 2ms} 
2025-01-06 11:19:40.641 INFO  [HikariPool-4 connection adder] l.log4j2 - 183. Connection.new Connection returned 
2025-01-06 11:19:40.641 INFO  [HikariPool-4 connection adder] l.log4j2 - 183. Connection.isReadOnly() returned false
2025-01-06 11:19:40.641 INFO  [HikariPool-4 connection adder] l.log4j2 - 183. Connection.getAutoCommit() returned true
2025-01-06 11:19:40.647 INFO  [restartedMain] o.z.m.u.CustomFileUtil - -------------------------------------
2025-01-06 11:19:40.647 INFO  [restartedMain] o.z.m.u.CustomFileUtil - C:\Users\ktcs\backend\mallapi\upload
2025-01-06 11:19:40.657 INFO  [HikariPool-4 connection adder] l.log4j2 - 184. Connection opened. {executed in 3ms} 
2025-01-06 11:19:40.657 INFO  [HikariPool-4 connection adder] l.log4j2 - 184. Connection.new Connection returned 
2025-01-06 11:19:40.657 INFO  [HikariPool-4 connection adder] l.log4j2 - 184. Connection.isReadOnly() returned false
2025-01-06 11:19:40.658 INFO  [HikariPool-4 connection adder] l.log4j2 - 184. Connection.getAutoCommit() returned true
2025-01-06 11:19:40.673 INFO  [HikariPool-4 connection adder] l.log4j2 - 185. Connection opened. {executed in 3ms} 
2025-01-06 11:19:40.674 INFO  [HikariPool-4 connection adder] l.log4j2 - 185. Connection.new Connection returned 
2025-01-06 11:19:40.674 INFO  [HikariPool-4 connection adder] l.log4j2 - 185. Connection.isReadOnly() returned false
2025-01-06 11:19:40.674 INFO  [HikariPool-4 connection adder] l.log4j2 - 185. Connection.getAutoCommit() returned true
2025-01-06 11:19:40.690 INFO  [HikariPool-4 connection adder] l.log4j2 - 186. Connection opened. {executed in 3ms} 
2025-01-06 11:19:40.690 INFO  [HikariPool-4 connection adder] l.log4j2 - 186. Connection.new Connection returned 
2025-01-06 11:19:40.690 INFO  [HikariPool-4 connection adder] l.log4j2 - 186. Connection.isReadOnly() returned false
2025-01-06 11:19:40.690 INFO  [HikariPool-4 connection adder] l.log4j2 - 186. Connection.getAutoCommit() returned true
2025-01-06 11:19:40.705 INFO  [HikariPool-4 connection adder] l.log4j2 - 187. Connection opened. {executed in 2ms} 
2025-01-06 11:19:40.706 INFO  [HikariPool-4 connection adder] l.log4j2 - 187. Connection.new Connection returned 
2025-01-06 11:19:40.706 INFO  [HikariPool-4 connection adder] l.log4j2 - 187. Connection.isReadOnly() returned false
2025-01-06 11:19:40.706 INFO  [HikariPool-4 connection adder] l.log4j2 - 187. Connection.getAutoCommit() returned true
2025-01-06 11:19:40.708 WARN  [restartedMain] o.s.b.a.o.j.JpaBaseConfiguration$JpaWebConfiguration - spring.jpa.open-in-view is enabled by default. Therefore, database queries may be performed during view rendering. Explicitly configure spring.jpa.open-in-view to disable this warning
2025-01-06 11:19:40.720 INFO  [HikariPool-4 connection adder] l.log4j2 - 188. Connection opened. {executed in 2ms} 
2025-01-06 11:19:40.720 INFO  [HikariPool-4 connection adder] l.log4j2 - 188. Connection.new Connection returned 
2025-01-06 11:19:40.720 INFO  [HikariPool-4 connection adder] l.log4j2 - 188. Connection.isReadOnly() returned false
2025-01-06 11:19:40.720 INFO  [HikariPool-4 connection adder] l.log4j2 - 188. Connection.getAutoCommit() returned true
2025-01-06 11:19:40.725 INFO  [restartedMain] o.z.m.c.CustomSecurityConfig - ---------------------security config---------------------------
2025-01-06 11:19:40.735 INFO  [HikariPool-4 connection adder] l.log4j2 - 189. Connection opened. {executed in 2ms} 
2025-01-06 11:19:40.736 INFO  [HikariPool-4 connection adder] l.log4j2 - 189. Connection.new Connection returned 
2025-01-06 11:19:40.736 INFO  [HikariPool-4 connection adder] l.log4j2 - 189. Connection.isReadOnly() returned false
2025-01-06 11:19:40.736 INFO  [HikariPool-4 connection adder] l.log4j2 - 189. Connection.getAutoCommit() returned true
2025-01-06 11:19:40.750 INFO  [HikariPool-4 connection adder] l.log4j2 - 190. Connection opened. {executed in 1ms} 
2025-01-06 11:19:40.750 INFO  [HikariPool-4 connection adder] l.log4j2 - 190. Connection.new Connection returned 
2025-01-06 11:19:40.750 INFO  [HikariPool-4 connection adder] l.log4j2 - 190. Connection.isReadOnly() returned false
2025-01-06 11:19:40.750 INFO  [HikariPool-4 connection adder] l.log4j2 - 190. Connection.getAutoCommit() returned true
2025-01-06 11:19:40.752 INFO  [restartedMain] o.s.s.w.DefaultSecurityFilterChain - Will secure any request with [org.springframework.security.web.session.DisableEncodeUrlFilter@1241dac4, org.springframework.security.web.context.request.async.WebAsyncManagerIntegrationFilter@1c1d7fc2, org.springframework.security.web.context.SecurityContextHolderFilter@10a81f71, org.springframework.security.web.header.HeaderWriterFilter@4297e67a, org.springframework.web.filter.CorsFilter@5cd8decc, org.springframework.security.web.authentication.logout.LogoutFilter@233c673a, org.zerock.mallapi.security.filter.JWTCheckFilter@15b9fe99, org.springframework.security.web.authentication.UsernamePasswordAuthenticationFilter@7a766bcd, org.springframework.security.web.savedrequest.RequestCacheAwareFilter@78bc30b, org.springframework.security.web.servletapi.SecurityContextHolderAwareRequestFilter@7a5241b6, org.springframework.security.web.authentication.AnonymousAuthenticationFilter@9b29110, org.springframework.security.web.session.SessionManagementFilter@7dde8750, org.springframework.security.web.access.ExceptionTranslationFilter@15a05295]
2025-01-06 11:19:40.964 INFO  [restartedMain] o.s.b.d.a.OptionalLiveReloadServer - LiveReload server is running on port 35729
2025-01-06 11:19:40.980 INFO  [restartedMain] o.s.b.w.e.t.TomcatWebServer - Tomcat started on port 8081 (http) with context path ''
2025-01-06 11:19:40.987 INFO  [restartedMain] o.z.m.MallapiApplication - Started MallapiApplication in 0.906 seconds (process running for 251417.61)
2025-01-06 11:19:40.988 INFO  [restartedMain] o.s.b.d.a.ConditionEvaluationDeltaLoggingListener - Condition evaluation unchanged
2025-01-06 11:20:38.095 INFO  [File Watcher] o.s.b.d.a.LocalDevToolsAutoConfiguration$RestartingClassPathChangeChangedEventListener - Restarting due to 1 class path change (0 additions, 1 deletion, 0 modifications)
2025-01-06 11:20:38.319 INFO  [Thread-15] o.s.o.j.LocalContainerEntityManagerFactoryBean - Closing JPA EntityManagerFactory for persistence unit 'default'
2025-01-06 11:20:38.320 INFO  [Thread-15] c.z.h.HikariDataSource - HikariPool-4 - Shutdown initiated...
2025-01-06 11:20:38.322 INFO  [HikariPool-4 connection closer] l.log4j2 - 181. Connection closed. {executed in 1ms} 
2025-01-06 11:20:38.322 INFO  [HikariPool-4 connection closer] l.log4j2 - 181. Connection.close() returned 
2025-01-06 11:20:38.323 INFO  [HikariPool-4 connection closer] l.log4j2 - 182. Connection closed. {executed in 1ms} 
2025-01-06 11:20:38.323 INFO  [HikariPool-4 connection closer] l.log4j2 - 182. Connection.close() returned 
2025-01-06 11:20:38.323 INFO  [HikariPool-4 connection closer] l.log4j2 - 183. Connection closed. {executed in 0ms} 
2025-01-06 11:20:38.323 INFO  [HikariPool-4 connection closer] l.log4j2 - 183. Connection.close() returned 
2025-01-06 11:20:38.324 INFO  [HikariPool-4 connection closer] l.log4j2 - 184. Connection closed. {executed in 0ms} 
2025-01-06 11:20:38.324 INFO  [HikariPool-4 connection closer] l.log4j2 - 184. Connection.close() returned 
2025-01-06 11:20:38.324 INFO  [HikariPool-4 connection closer] l.log4j2 - 185. Connection closed. {executed in 0ms} 
2025-01-06 11:20:38.324 INFO  [HikariPool-4 connection closer] l.log4j2 - 185. Connection.close() returned 
2025-01-06 11:20:38.324 INFO  [HikariPool-4 connection closer] l.log4j2 - 186. Connection closed. {executed in 0ms} 
2025-01-06 11:20:38.324 INFO  [HikariPool-4 connection closer] l.log4j2 - 186. Connection.close() returned 
2025-01-06 11:20:38.324 INFO  [HikariPool-4 connection closer] l.log4j2 - 187. Connection closed. {executed in 0ms} 
2025-01-06 11:20:38.326 INFO  [HikariPool-4 connection closer] l.log4j2 - 187. Connection.close() returned 
2025-01-06 11:20:38.326 INFO  [HikariPool-4 connection closer] l.log4j2 - 188. Connection closed. {executed in 0ms} 
2025-01-06 11:20:38.326 INFO  [HikariPool-4 connection closer] l.log4j2 - 188. Connection.close() returned 
2025-01-06 11:20:38.326 INFO  [HikariPool-4 connection closer] l.log4j2 - 189. Connection closed. {executed in 0ms} 
2025-01-06 11:20:38.326 INFO  [HikariPool-4 connection closer] l.log4j2 - 189. Connection.close() returned 
2025-01-06 11:20:38.327 INFO  [HikariPool-4 connection closer] l.log4j2 - 190. Connection closed. {executed in 1ms} 
2025-01-06 11:20:38.327 INFO  [HikariPool-4 connection closer] l.log4j2 - 190. Connection.close() returned 
2025-01-06 11:20:38.327 INFO  [Thread-15] c.z.h.HikariDataSource - HikariPool-4 - Shutdown completed.
2025-01-06 11:20:38.405 INFO  [restartedMain] o.z.m.MallapiApplication - Starting MallapiApplication using Java 17.0.12 with PID 10712 (C:\Users\ktcs\backend\mallapi\build\classes\java\main started by ktcs in C:\Users\ktcs\backend\mallapi)
2025-01-06 11:20:38.407 INFO  [restartedMain] o.z.m.MallapiApplication - No active profile set, falling back to 1 default profile: "default"
2025-01-06 11:20:38.650 INFO  [restartedMain] o.s.d.r.c.RepositoryConfigurationDelegate - Bootstrapping Spring Data JPA repositories in DEFAULT mode.
2025-01-06 11:20:38.672 INFO  [restartedMain] o.s.d.r.c.RepositoryConfigurationDelegate - Finished Spring Data repository scanning in 22 ms. Found 3 JPA repository interfaces.
2025-01-06 11:20:38.805 INFO  [restartedMain] o.s.b.w.e.t.TomcatWebServer - Tomcat initialized with port 8081 (http)
2025-01-06 11:20:38.805 INFO  [restartedMain] o.a.c.c.StandardService - Starting service [Tomcat]
2025-01-06 11:20:38.806 INFO  [restartedMain] o.a.c.c.StandardEngine - Starting Servlet engine: [Apache Tomcat/10.1.28]
2025-01-06 11:20:38.861 INFO  [restartedMain] o.a.c.c.C.[.[.[/] - Initializing Spring embedded WebApplicationContext
2025-01-06 11:20:38.861 INFO  [restartedMain] o.s.b.w.s.c.ServletWebServerApplicationContext - Root WebApplicationContext: initialization completed in 453 ms
2025-01-06 11:20:39.006 INFO  [restartedMain] o.h.j.i.u.LogHelper - HHH000204: Processing PersistenceUnitInfo [name: default]
2025-01-06 11:20:39.018 INFO  [restartedMain] o.h.c.i.RegionFactoryInitiator - HHH000026: Second-level cache disabled
2025-01-06 11:20:39.026 INFO  [restartedMain] o.s.o.j.p.SpringPersistenceUnitInfo - No LoadTimeWeaver setup: ignoring JPA class transformer
2025-01-06 11:20:39.027 INFO  [restartedMain] c.z.h.HikariDataSource - HikariPool-5 - Starting...
2025-01-06 11:20:39.033 INFO  [restartedMain] l.log4j2 - 191. Connection opened. {executed in 6ms} 
2025-01-06 11:20:39.033 INFO  [restartedMain] l.log4j2 - 191. Connection.new Connection returned 
2025-01-06 11:20:39.033 INFO  [restartedMain] l.log4j2 - 191. Connection.getNetworkTimeout() returned 0
2025-01-06 11:20:39.033 INFO  [restartedMain] l.log4j2 - 191. Connection.isReadOnly() returned false
2025-01-06 11:20:39.033 INFO  [restartedMain] l.log4j2 - 191. Connection.getAutoCommit() returned true
2025-01-06 11:20:39.034 INFO  [restartedMain] l.log4j2 - 191. Connection.isValid(1) returned true
2025-01-06 11:20:39.034 INFO  [restartedMain] l.log4j2 - 191. Connection.getTransactionIsolation() returned 4
2025-01-06 11:20:39.035 INFO  [restartedMain] c.z.h.p.HikariPool - HikariPool-5 - Added connection net.sf.log4jdbc.sql.jdbcapi.ConnectionSpy@73074f39
2025-01-06 11:20:39.035 INFO  [restartedMain] c.z.h.HikariDataSource - HikariPool-5 - Start completed.
2025-01-06 11:20:39.035 INFO  [restartedMain] l.log4j2 - 191. Connection.getMetaData() returned org.mariadb.jdbc.DatabaseMetaData@6efa8483
2025-01-06 11:20:39.035 INFO  [restartedMain] l.log4j2 - 191. Statement.new Statement returned 
2025-01-06 11:20:39.036 INFO  [restartedMain] l.log4j2 - 191. Connection.createStatement() returned net.sf.log4jdbc.sql.jdbcapi.StatementSpy@676d0a61
2025-01-06 11:20:39.038 INFO  [restartedMain] l.log4j2 - 191. SELECT @@character_set_database, @@sql_mode  {executed in 2 ms}
2025-01-06 11:20:39.038 INFO  [restartedMain] l.log4j2 - 191. ResultSet.new ResultSet returned 
2025-01-06 11:20:39.038 INFO  [restartedMain] l.log4j2 - 191. Statement.executeQuery(SELECT @@character_set_database, @@sql_mode) returned net.sf.log4jdbc.sql.jdbcapi.ResultSetSpy@6a8c7dd7
2025-01-06 11:20:39.038 INFO  [restartedMain] l.log4j2 - 191. ResultSet.next() returned true
2025-01-06 11:20:39.038 INFO  [restartedMain] l.log4j2 - 191. ResultSet.getString(1) returned utf8
2025-01-06 11:20:39.038 INFO  [restartedMain] l.log4j2 - 191. ResultSet.getString(2) returned IGNORE_SPACE,STRICT_TRANS_TABLES,ERROR_FOR_DIVISION_BY_ZERO,NO_AUTO_CREATE_USER,NO_ENGINE_SUBSTITUTION
2025-01-06 11:20:39.038 INFO  [restartedMain] l.log4j2 - 191. Statement.close() returned 
2025-01-06 11:20:39.045 INFO  [restartedMain] l.log4j2 - 191. Connection.getCatalog() returned malldb
2025-01-06 11:20:39.045 INFO  [restartedMain] l.log4j2 - 191. Connection.getSchema() returned null
2025-01-06 11:20:39.045 INFO  [restartedMain] l.log4j2 - 191. Connection.getSchema() returned null
2025-01-06 11:20:39.046 INFO  [restartedMain] l.log4j2 - 191. Connection.getMetaData() returned org.mariadb.jdbc.DatabaseMetaData@23bb8938
2025-01-06 11:20:39.046 INFO  [restartedMain] l.log4j2 - 191. Connection.createClob() returned 
2025-01-06 11:20:39.046 INFO  [restartedMain] l.log4j2 - 191. Connection.createNClob() returned 
2025-01-06 11:20:39.046 INFO  [restartedMain] l.log4j2 - 191. Connection.clearWarnings() returned 
2025-01-06 11:20:39.107 INFO  [restartedMain] o.h.e.t.j.p.i.JtaPlatformInitiator - HHH000489: No JTA platform available (set 'hibernate.transaction.jta.platform' to enable JTA platform integration)
2025-01-06 11:20:39.107 INFO  [restartedMain] l.log4j2 - 191. Connection.getAutoCommit() returned true
2025-01-06 11:20:39.107 INFO  [restartedMain] l.log4j2 - 191. PreparedStatement.new PreparedStatement returned 
2025-01-06 11:20:39.107 INFO  [restartedMain] l.log4j2 - 191. Connection.prepareStatement(select table_name from information_schema.TABLES where table_schema=database() and table_type='SEQUENCE') returned net.sf.log4jdbc.sql.jdbcapi.PreparedStatementSpy@75b8bc6a
2025-01-06 11:20:39.108 INFO  [restartedMain] l.log4j2 - 191. select table_name from information_schema.TABLES where table_schema=database() and table_type='SEQUENCE'  {executed in 1 ms}
2025-01-06 11:20:39.108 INFO  [restartedMain] l.log4j2 - 191. ResultSet.new ResultSet returned 
2025-01-06 11:20:39.108 INFO  [restartedMain] l.log4j2 - 191. PreparedStatement.executeQuery() returned net.sf.log4jdbc.sql.jdbcapi.ResultSetSpy@5325d3bc
2025-01-06 11:20:39.108 INFO  [restartedMain] l.log4j2 - 
|-----------|
|table_name |
|-----------|
|-----------|

2025-01-06 11:20:39.108 INFO  [restartedMain] l.log4j2 - 191. ResultSet.next() returned false
2025-01-06 11:20:39.108 INFO  [restartedMain] l.log4j2 - 191. ResultSet.close() returned void
2025-01-06 11:20:39.108 INFO  [restartedMain] l.log4j2 - 191. PreparedStatement.close() returned 
2025-01-06 11:20:39.108 INFO  [restartedMain] l.log4j2 - 191. Connection.getMetaData() returned org.mariadb.jdbc.DatabaseMetaData@64d634f4
2025-01-06 11:20:39.128 INFO  [restartedMain] l.log4j2 - 191. PreparedStatement.new PreparedStatement returned 
2025-01-06 11:20:39.128 INFO  [restartedMain] l.log4j2 - 191. Connection.prepareStatement(select * from `malldb`.`member` where 1=0) returned net.sf.log4jdbc.sql.jdbcapi.PreparedStatementSpy@69b7cd86
2025-01-06 11:20:39.128 INFO  [restartedMain] l.log4j2 - 191. select * from `malldb`.`member` where 1=0  {executed in 0 ms}
2025-01-06 11:20:39.128 INFO  [restartedMain] l.log4j2 - 191. ResultSet.new ResultSet returned 
2025-01-06 11:20:39.128 INFO  [restartedMain] l.log4j2 - 191. PreparedStatement.executeQuery() returned net.sf.log4jdbc.sql.jdbcapi.ResultSetSpy@14f24b3f
2025-01-06 11:20:39.128 INFO  [restartedMain] l.log4j2 - 191. ResultSet.getMetaData() returned org.mariadb.jdbc.client.result.ResultSetMetaData@41d6bcc1
2025-01-06 11:20:39.129 INFO  [restartedMain] l.log4j2 - 
|------|---------|---|-------|
|email |nickname |pw |social |
|------|---------|---|-------|
|------|---------|---|-------|

2025-01-06 11:20:39.129 INFO  [restartedMain] l.log4j2 - 191. ResultSet.close() returned void
2025-01-06 11:20:39.129 INFO  [restartedMain] l.log4j2 - 191. PreparedStatement.close() returned 
2025-01-06 11:20:39.130 INFO  [restartedMain] l.log4j2 - 191. PreparedStatement.new PreparedStatement returned 
2025-01-06 11:20:39.130 INFO  [restartedMain] l.log4j2 - 191. Connection.prepareStatement(select * from `malldb`.`tbl_product` where 1=0) returned net.sf.log4jdbc.sql.jdbcapi.PreparedStatementSpy@2c357175
2025-01-06 11:20:39.130 INFO  [restartedMain] l.log4j2 - 191. select * from `malldb`.`tbl_product` where 1=0  {executed in 0 ms}
2025-01-06 11:20:39.130 INFO  [restartedMain] l.log4j2 - 191. ResultSet.new ResultSet returned 
2025-01-06 11:20:39.131 INFO  [restartedMain] l.log4j2 - 191. PreparedStatement.executeQuery() returned net.sf.log4jdbc.sql.jdbcapi.ResultSetSpy@2a987c7f
2025-01-06 11:20:39.131 INFO  [restartedMain] l.log4j2 - 191. ResultSet.getMetaData() returned org.mariadb.jdbc.client.result.ResultSetMetaData@5edced59
2025-01-06 11:20:39.131 INFO  [restartedMain] l.log4j2 - 
|----|---------|------|------|------|
|pno |del_flag |pdesc |pname |price |
|----|---------|------|------|------|
|----|---------|------|------|------|

2025-01-06 11:20:39.131 INFO  [restartedMain] l.log4j2 - 191. ResultSet.close() returned void
2025-01-06 11:20:39.131 INFO  [restartedMain] l.log4j2 - 191. PreparedStatement.close() returned 
2025-01-06 11:20:39.131 INFO  [restartedMain] l.log4j2 - 191. Connection.clearWarnings() returned 
2025-01-06 11:20:39.131 INFO  [restartedMain] o.s.o.j.LocalContainerEntityManagerFactoryBean - Initialized JPA EntityManagerFactory for persistence unit 'default'
2025-01-06 11:20:39.146 INFO  [HikariPool-5 connection adder] l.log4j2 - 192. Connection opened. {executed in 3ms} 
2025-01-06 11:20:39.147 INFO  [HikariPool-5 connection adder] l.log4j2 - 192. Connection.new Connection returned 
2025-01-06 11:20:39.147 INFO  [HikariPool-5 connection adder] l.log4j2 - 192. Connection.isReadOnly() returned false
2025-01-06 11:20:39.147 INFO  [HikariPool-5 connection adder] l.log4j2 - 192. Connection.getAutoCommit() returned true
2025-01-06 11:20:39.163 INFO  [HikariPool-5 connection adder] l.log4j2 - 193. Connection opened. {executed in 4ms} 
2025-01-06 11:20:39.163 INFO  [HikariPool-5 connection adder] l.log4j2 - 193. Connection.new Connection returned 
2025-01-06 11:20:39.163 INFO  [HikariPool-5 connection adder] l.log4j2 - 193. Connection.isReadOnly() returned false
2025-01-06 11:20:39.163 INFO  [HikariPool-5 connection adder] l.log4j2 - 193. Connection.getAutoCommit() returned true
2025-01-06 11:20:39.177 INFO  [HikariPool-5 connection adder] l.log4j2 - 194. Connection opened. {executed in 3ms} 
2025-01-06 11:20:39.177 INFO  [HikariPool-5 connection adder] l.log4j2 - 194. Connection.new Connection returned 
2025-01-06 11:20:39.177 INFO  [HikariPool-5 connection adder] l.log4j2 - 194. Connection.isReadOnly() returned false
2025-01-06 11:20:39.177 INFO  [HikariPool-5 connection adder] l.log4j2 - 194. Connection.getAutoCommit() returned true
2025-01-06 11:20:39.195 INFO  [HikariPool-5 connection adder] l.log4j2 - 195. Connection opened. {executed in 5ms} 
2025-01-06 11:20:39.195 INFO  [HikariPool-5 connection adder] l.log4j2 - 195. Connection.new Connection returned 
2025-01-06 11:20:39.195 INFO  [HikariPool-5 connection adder] l.log4j2 - 195. Connection.isReadOnly() returned false
2025-01-06 11:20:39.195 INFO  [HikariPool-5 connection adder] l.log4j2 - 195. Connection.getAutoCommit() returned true
2025-01-06 11:20:39.217 INFO  [restartedMain] o.z.m.u.CustomFileUtil - -------------------------------------
2025-01-06 11:20:39.218 INFO  [restartedMain] o.z.m.u.CustomFileUtil - C:\Users\ktcs\backend\mallapi\upload
2025-01-06 11:20:39.223 INFO  [HikariPool-5 connection adder] l.log4j2 - 196. Connection opened. {executed in 3ms} 
2025-01-06 11:20:39.223 INFO  [HikariPool-5 connection adder] l.log4j2 - 196. Connection.new Connection returned 
2025-01-06 11:20:39.223 INFO  [HikariPool-5 connection adder] l.log4j2 - 196. Connection.isReadOnly() returned false
2025-01-06 11:20:39.223 INFO  [HikariPool-5 connection adder] l.log4j2 - 196. Connection.getAutoCommit() returned true
2025-01-06 11:20:39.238 INFO  [HikariPool-5 connection adder] l.log4j2 - 197. Connection opened. {executed in 2ms} 
2025-01-06 11:20:39.238 INFO  [HikariPool-5 connection adder] l.log4j2 - 197. Connection.new Connection returned 
2025-01-06 11:20:39.238 INFO  [HikariPool-5 connection adder] l.log4j2 - 197. Connection.isReadOnly() returned false
2025-01-06 11:20:39.238 INFO  [HikariPool-5 connection adder] l.log4j2 - 197. Connection.getAutoCommit() returned true
2025-01-06 11:20:39.255 INFO  [HikariPool-5 connection adder] l.log4j2 - 198. Connection opened. {executed in 3ms} 
2025-01-06 11:20:39.255 INFO  [HikariPool-5 connection adder] l.log4j2 - 198. Connection.new Connection returned 
2025-01-06 11:20:39.255 INFO  [HikariPool-5 connection adder] l.log4j2 - 198. Connection.isReadOnly() returned false
2025-01-06 11:20:39.255 INFO  [HikariPool-5 connection adder] l.log4j2 - 198. Connection.getAutoCommit() returned true
2025-01-06 11:20:39.269 INFO  [HikariPool-5 connection adder] l.log4j2 - 199. Connection opened. {executed in 2ms} 
2025-01-06 11:20:39.269 INFO  [HikariPool-5 connection adder] l.log4j2 - 199. Connection.new Connection returned 
2025-01-06 11:20:39.269 INFO  [HikariPool-5 connection adder] l.log4j2 - 199. Connection.isReadOnly() returned false
2025-01-06 11:20:39.269 INFO  [HikariPool-5 connection adder] l.log4j2 - 199. Connection.getAutoCommit() returned true
2025-01-06 11:20:39.286 INFO  [HikariPool-5 connection adder] l.log4j2 - 200. Connection opened. {executed in 4ms} 
2025-01-06 11:20:39.286 INFO  [HikariPool-5 connection adder] l.log4j2 - 200. Connection.new Connection returned 
2025-01-06 11:20:39.286 INFO  [HikariPool-5 connection adder] l.log4j2 - 200. Connection.isReadOnly() returned false
2025-01-06 11:20:39.286 INFO  [HikariPool-5 connection adder] l.log4j2 - 200. Connection.getAutoCommit() returned true
2025-01-06 11:20:39.308 WARN  [restartedMain] o.s.b.a.o.j.JpaBaseConfiguration$JpaWebConfiguration - spring.jpa.open-in-view is enabled by default. Therefore, database queries may be performed during view rendering. Explicitly configure spring.jpa.open-in-view to disable this warning
2025-01-06 11:20:39.366 INFO  [restartedMain] o.z.m.c.CustomSecurityConfig - ---------------------security config---------------------------
2025-01-06 11:20:39.402 INFO  [restartedMain] o.s.s.w.DefaultSecurityFilterChain - Will secure any request with [org.springframework.security.web.session.DisableEncodeUrlFilter@5c53f3da, org.springframework.security.web.context.request.async.WebAsyncManagerIntegrationFilter@4cbd10a4, org.springframework.security.web.context.SecurityContextHolderFilter@5b7351ba, org.springframework.security.web.header.HeaderWriterFilter@1582d7b6, org.springframework.web.filter.CorsFilter@66532b85, org.springframework.security.web.authentication.logout.LogoutFilter@3d72e6d0, org.zerock.mallapi.security.filter.JWTCheckFilter@6f22505a, org.springframework.security.web.authentication.UsernamePasswordAuthenticationFilter@2b045f9a, org.springframework.security.web.savedrequest.RequestCacheAwareFilter@3a958eba, org.springframework.security.web.servletapi.SecurityContextHolderAwareRequestFilter@3929d139, org.springframework.security.web.authentication.AnonymousAuthenticationFilter@2c2ca347, org.springframework.security.web.session.SessionManagementFilter@9e9991f, org.springframework.security.web.access.ExceptionTranslationFilter@145ebb3d]
2025-01-06 11:20:39.728 INFO  [restartedMain] o.s.b.d.a.OptionalLiveReloadServer - LiveReload server is running on port 35729
2025-01-06 11:20:39.743 INFO  [restartedMain] o.s.b.w.e.t.TomcatWebServer - Tomcat started on port 8081 (http) with context path ''
2025-01-06 11:20:39.749 INFO  [restartedMain] o.z.m.MallapiApplication - Started MallapiApplication in 1.375 seconds (process running for 251476.373)
2025-01-06 11:20:39.751 INFO  [restartedMain] o.s.b.d.a.ConditionEvaluationDeltaLoggingListener - Condition evaluation unchanged
2025-01-06 11:20:41.187 INFO  [File Watcher] o.s.b.d.a.LocalDevToolsAutoConfiguration$RestartingClassPathChangeChangedEventListener - Restarting due to 1 class path change (1 addition, 0 deletions, 0 modifications)
2025-01-06 11:20:41.439 INFO  [Thread-19] o.s.o.j.LocalContainerEntityManagerFactoryBean - Closing JPA EntityManagerFactory for persistence unit 'default'
2025-01-06 11:20:41.440 INFO  [Thread-19] c.z.h.HikariDataSource - HikariPool-5 - Shutdown initiated...
2025-01-06 11:20:41.443 INFO  [HikariPool-5 connection closer] l.log4j2 - 191. Connection closed. {executed in 1ms} 
2025-01-06 11:20:41.443 INFO  [HikariPool-5 connection closer] l.log4j2 - 191. Connection.close() returned 
2025-01-06 11:20:41.444 INFO  [HikariPool-5 connection closer] l.log4j2 - 192. Connection closed. {executed in 1ms} 
2025-01-06 11:20:41.444 INFO  [HikariPool-5 connection closer] l.log4j2 - 192. Connection.close() returned 
2025-01-06 11:20:41.444 INFO  [HikariPool-5 connection closer] l.log4j2 - 193. Connection closed. {executed in 0ms} 
2025-01-06 11:20:41.444 INFO  [HikariPool-5 connection closer] l.log4j2 - 193. Connection.close() returned 
2025-01-06 11:20:41.444 INFO  [HikariPool-5 connection closer] l.log4j2 - 194. Connection closed. {executed in 0ms} 
2025-01-06 11:20:41.444 INFO  [HikariPool-5 connection closer] l.log4j2 - 194. Connection.close() returned 
2025-01-06 11:20:41.445 INFO  [HikariPool-5 connection closer] l.log4j2 - 195. Connection closed. {executed in 1ms} 
2025-01-06 11:20:41.445 INFO  [HikariPool-5 connection closer] l.log4j2 - 195. Connection.close() returned 
2025-01-06 11:20:41.446 INFO  [HikariPool-5 connection closer] l.log4j2 - 196. Connection closed. {executed in 1ms} 
2025-01-06 11:20:41.446 INFO  [HikariPool-5 connection closer] l.log4j2 - 196. Connection.close() returned 
2025-01-06 11:20:41.446 INFO  [HikariPool-5 connection closer] l.log4j2 - 197. Connection closed. {executed in 0ms} 
2025-01-06 11:20:41.446 INFO  [HikariPool-5 connection closer] l.log4j2 - 197. Connection.close() returned 
2025-01-06 11:20:41.446 INFO  [HikariPool-5 connection closer] l.log4j2 - 198. Connection closed. {executed in 0ms} 
2025-01-06 11:20:41.446 INFO  [HikariPool-5 connection closer] l.log4j2 - 198. Connection.close() returned 
2025-01-06 11:20:42.299 INFO  [HikariPool-5 connection closer] l.log4j2 - 199. Connection closed. {executed in 0ms} 
2025-01-06 11:20:42.299 INFO  [HikariPool-5 connection closer] l.log4j2 - 199. Connection.close() returned 
2025-01-06 11:20:42.300 INFO  [HikariPool-5 connection closer] l.log4j2 - 200. Connection closed. {executed in 1ms} 
2025-01-06 11:20:42.300 INFO  [HikariPool-5 connection closer] l.log4j2 - 200. Connection.close() returned 
2025-01-06 11:20:42.300 INFO  [Thread-19] c.z.h.HikariDataSource - HikariPool-5 - Shutdown completed.
2025-01-06 11:20:42.401 INFO  [restartedMain] o.z.m.MallapiApplication - Starting MallapiApplication using Java 17.0.12 with PID 10712 (C:\Users\ktcs\backend\mallapi\build\classes\java\main started by ktcs in C:\Users\ktcs\backend\mallapi)
2025-01-06 11:20:42.402 INFO  [restartedMain] o.z.m.MallapiApplication - No active profile set, falling back to 1 default profile: "default"
2025-01-06 11:20:42.751 INFO  [restartedMain] o.s.d.r.c.RepositoryConfigurationDelegate - Bootstrapping Spring Data JPA repositories in DEFAULT mode.
2025-01-06 11:20:42.788 INFO  [restartedMain] o.s.d.r.c.RepositoryConfigurationDelegate - Finished Spring Data repository scanning in 34 ms. Found 3 JPA repository interfaces.
2025-01-06 11:20:42.994 INFO  [restartedMain] o.s.b.w.e.t.TomcatWebServer - Tomcat initialized with port 8081 (http)
2025-01-06 11:20:42.996 INFO  [restartedMain] o.a.c.c.StandardService - Starting service [Tomcat]
2025-01-06 11:20:42.996 INFO  [restartedMain] o.a.c.c.StandardEngine - Starting Servlet engine: [Apache Tomcat/10.1.28]
2025-01-06 11:20:43.034 INFO  [restartedMain] o.a.c.c.C.[.[.[/] - Initializing Spring embedded WebApplicationContext
2025-01-06 11:20:43.034 INFO  [restartedMain] o.s.b.w.s.c.ServletWebServerApplicationContext - Root WebApplicationContext: initialization completed in 630 ms
2025-01-06 11:20:43.095 INFO  [restartedMain] o.h.j.i.u.LogHelper - HHH000204: Processing PersistenceUnitInfo [name: default]
2025-01-06 11:20:43.100 INFO  [restartedMain] o.h.c.i.RegionFactoryInitiator - HHH000026: Second-level cache disabled
2025-01-06 11:20:43.105 INFO  [restartedMain] o.s.o.j.p.SpringPersistenceUnitInfo - No LoadTimeWeaver setup: ignoring JPA class transformer
2025-01-06 11:20:43.106 INFO  [restartedMain] c.z.h.HikariDataSource - HikariPool-6 - Starting...
2025-01-06 11:20:43.109 INFO  [restartedMain] l.log4j2 - 201. Connection opened. {executed in 3ms} 
2025-01-06 11:20:43.109 INFO  [restartedMain] l.log4j2 - 201. Connection.new Connection returned 
2025-01-06 11:20:43.109 INFO  [restartedMain] l.log4j2 - 201. Connection.getNetworkTimeout() returned 0
2025-01-06 11:20:43.109 INFO  [restartedMain] l.log4j2 - 201. Connection.isReadOnly() returned false
2025-01-06 11:20:43.109 INFO  [restartedMain] l.log4j2 - 201. Connection.getAutoCommit() returned true
2025-01-06 11:20:43.109 INFO  [restartedMain] l.log4j2 - 201. Connection.isValid(1) returned true
2025-01-06 11:20:43.111 INFO  [restartedMain] l.log4j2 - 201. Connection.getTransactionIsolation() returned 4
2025-01-06 11:20:43.111 INFO  [restartedMain] c.z.h.p.HikariPool - HikariPool-6 - Added connection net.sf.log4jdbc.sql.jdbcapi.ConnectionSpy@5962b6ba
2025-01-06 11:20:43.111 INFO  [restartedMain] c.z.h.HikariDataSource - HikariPool-6 - Start completed.
2025-01-06 11:20:43.111 INFO  [restartedMain] l.log4j2 - 201. Connection.getMetaData() returned org.mariadb.jdbc.DatabaseMetaData@14216ba9
2025-01-06 11:20:43.111 INFO  [restartedMain] l.log4j2 - 201. Statement.new Statement returned 
2025-01-06 11:20:43.111 INFO  [restartedMain] l.log4j2 - 201. Connection.createStatement() returned net.sf.log4jdbc.sql.jdbcapi.StatementSpy@64e2448c
2025-01-06 11:20:43.112 INFO  [restartedMain] l.log4j2 - 201. SELECT @@character_set_database, @@sql_mode  {executed in 0 ms}
2025-01-06 11:20:43.112 INFO  [restartedMain] l.log4j2 - 201. ResultSet.new ResultSet returned 
2025-01-06 11:20:43.112 INFO  [restartedMain] l.log4j2 - 201. Statement.executeQuery(SELECT @@character_set_database, @@sql_mode) returned net.sf.log4jdbc.sql.jdbcapi.ResultSetSpy@4347aeb
2025-01-06 11:20:43.112 INFO  [restartedMain] l.log4j2 - 201. ResultSet.next() returned true
2025-01-06 11:20:43.112 INFO  [restartedMain] l.log4j2 - 201. ResultSet.getString(1) returned utf8
2025-01-06 11:20:43.112 INFO  [restartedMain] l.log4j2 - 201. ResultSet.getString(2) returned IGNORE_SPACE,STRICT_TRANS_TABLES,ERROR_FOR_DIVISION_BY_ZERO,NO_AUTO_CREATE_USER,NO_ENGINE_SUBSTITUTION
2025-01-06 11:20:43.112 INFO  [restartedMain] l.log4j2 - 201. Statement.close() returned 
2025-01-06 11:20:43.112 INFO  [restartedMain] l.log4j2 - 201. Connection.getCatalog() returned malldb
2025-01-06 11:20:43.113 INFO  [restartedMain] l.log4j2 - 201. Connection.getSchema() returned null
2025-01-06 11:20:43.113 INFO  [restartedMain] l.log4j2 - 201. Connection.getSchema() returned null
2025-01-06 11:20:43.113 INFO  [restartedMain] l.log4j2 - 201. Connection.getMetaData() returned org.mariadb.jdbc.DatabaseMetaData@482fcbb1
2025-01-06 11:20:43.113 INFO  [restartedMain] l.log4j2 - 201. Connection.createClob() returned 
2025-01-06 11:20:43.113 INFO  [restartedMain] l.log4j2 - 201. Connection.createNClob() returned 
2025-01-06 11:20:43.113 INFO  [restartedMain] l.log4j2 - 201. Connection.clearWarnings() returned 
2025-01-06 11:20:43.168 INFO  [restartedMain] o.h.e.t.j.p.i.JtaPlatformInitiator - HHH000489: No JTA platform available (set 'hibernate.transaction.jta.platform' to enable JTA platform integration)
2025-01-06 11:20:43.168 INFO  [restartedMain] l.log4j2 - 201. Connection.getAutoCommit() returned true
2025-01-06 11:20:43.168 INFO  [restartedMain] l.log4j2 - 201. PreparedStatement.new PreparedStatement returned 
2025-01-06 11:20:43.168 INFO  [restartedMain] l.log4j2 - 201. Connection.prepareStatement(select table_name from information_schema.TABLES where table_schema=database() and table_type='SEQUENCE') returned net.sf.log4jdbc.sql.jdbcapi.PreparedStatementSpy@24d11c9c
2025-01-06 11:20:43.169 INFO  [restartedMain] l.log4j2 - 201. select table_name from information_schema.TABLES where table_schema=database() and table_type='SEQUENCE'  {executed in 1 ms}
2025-01-06 11:20:43.170 INFO  [restartedMain] l.log4j2 - 201. ResultSet.new ResultSet returned 
2025-01-06 11:20:43.170 INFO  [restartedMain] l.log4j2 - 201. PreparedStatement.executeQuery() returned net.sf.log4jdbc.sql.jdbcapi.ResultSetSpy@63cb4a76
2025-01-06 11:20:43.170 INFO  [restartedMain] l.log4j2 - 
|-----------|
|table_name |
|-----------|
|-----------|

2025-01-06 11:20:43.170 INFO  [restartedMain] l.log4j2 - 201. ResultSet.next() returned false
2025-01-06 11:20:43.170 INFO  [restartedMain] l.log4j2 - 201. ResultSet.close() returned void
2025-01-06 11:20:43.170 INFO  [restartedMain] l.log4j2 - 201. PreparedStatement.close() returned 
2025-01-06 11:20:43.170 INFO  [restartedMain] l.log4j2 - 201. Connection.getMetaData() returned org.mariadb.jdbc.DatabaseMetaData@367192b
2025-01-06 11:20:43.188 INFO  [restartedMain] l.log4j2 - 201. PreparedStatement.new PreparedStatement returned 
2025-01-06 11:20:43.188 INFO  [restartedMain] l.log4j2 - 201. Connection.prepareStatement(select * from `malldb`.`member` where 1=0) returned net.sf.log4jdbc.sql.jdbcapi.PreparedStatementSpy@400941d7
2025-01-06 11:20:43.188 INFO  [restartedMain] l.log4j2 - 201. select * from `malldb`.`member` where 1=0  {executed in 0 ms}
2025-01-06 11:20:43.188 INFO  [restartedMain] l.log4j2 - 201. ResultSet.new ResultSet returned 
2025-01-06 11:20:43.189 INFO  [restartedMain] l.log4j2 - 201. PreparedStatement.executeQuery() returned net.sf.log4jdbc.sql.jdbcapi.ResultSetSpy@79a83b5a
2025-01-06 11:20:43.189 INFO  [restartedMain] l.log4j2 - 201. ResultSet.getMetaData() returned org.mariadb.jdbc.client.result.ResultSetMetaData@423dcb05
2025-01-06 11:20:43.189 INFO  [restartedMain] l.log4j2 - 
|------|---------|---|-------|
|email |nickname |pw |social |
|------|---------|---|-------|
|------|---------|---|-------|

2025-01-06 11:20:43.189 INFO  [restartedMain] l.log4j2 - 201. ResultSet.close() returned void
2025-01-06 11:20:43.189 INFO  [restartedMain] l.log4j2 - 201. PreparedStatement.close() returned 
2025-01-06 11:20:43.191 INFO  [restartedMain] l.log4j2 - 201. PreparedStatement.new PreparedStatement returned 
2025-01-06 11:20:43.191 INFO  [restartedMain] l.log4j2 - 201. Connection.prepareStatement(select * from `malldb`.`tbl_product` where 1=0) returned net.sf.log4jdbc.sql.jdbcapi.PreparedStatementSpy@20e13ca9
2025-01-06 11:20:43.191 INFO  [restartedMain] l.log4j2 - 201. select * from `malldb`.`tbl_product` where 1=0  {executed in 0 ms}
2025-01-06 11:20:43.191 INFO  [restartedMain] l.log4j2 - 201. ResultSet.new ResultSet returned 
2025-01-06 11:20:43.191 INFO  [restartedMain] l.log4j2 - 201. PreparedStatement.executeQuery() returned net.sf.log4jdbc.sql.jdbcapi.ResultSetSpy@182bb104
2025-01-06 11:20:43.191 INFO  [restartedMain] l.log4j2 - 201. ResultSet.getMetaData() returned org.mariadb.jdbc.client.result.ResultSetMetaData@346234e7
2025-01-06 11:20:43.191 INFO  [restartedMain] l.log4j2 - 
|----|---------|------|------|------|
|pno |del_flag |pdesc |pname |price |
|----|---------|------|------|------|
|----|---------|------|------|------|

2025-01-06 11:20:43.191 INFO  [restartedMain] l.log4j2 - 201. ResultSet.close() returned void
2025-01-06 11:20:43.191 INFO  [restartedMain] l.log4j2 - 201. PreparedStatement.close() returned 
2025-01-06 11:20:43.191 INFO  [restartedMain] l.log4j2 - 201. Connection.clearWarnings() returned 
2025-01-06 11:20:43.191 INFO  [restartedMain] o.s.o.j.LocalContainerEntityManagerFactoryBean - Initialized JPA EntityManagerFactory for persistence unit 'default'
2025-01-06 11:20:43.223 INFO  [HikariPool-6 connection adder] l.log4j2 - 202. Connection opened. {executed in 3ms} 
2025-01-06 11:20:43.223 INFO  [HikariPool-6 connection adder] l.log4j2 - 202. Connection.new Connection returned 
2025-01-06 11:20:43.223 INFO  [HikariPool-6 connection adder] l.log4j2 - 202. Connection.isReadOnly() returned false
2025-01-06 11:20:43.223 INFO  [HikariPool-6 connection adder] l.log4j2 - 202. Connection.getAutoCommit() returned true
2025-01-06 11:20:43.236 INFO  [HikariPool-6 connection adder] l.log4j2 - 203. Connection opened. {executed in 2ms} 
2025-01-06 11:20:43.238 INFO  [HikariPool-6 connection adder] l.log4j2 - 203. Connection.new Connection returned 
2025-01-06 11:20:43.238 INFO  [HikariPool-6 connection adder] l.log4j2 - 203. Connection.isReadOnly() returned false
2025-01-06 11:20:43.238 INFO  [HikariPool-6 connection adder] l.log4j2 - 203. Connection.getAutoCommit() returned true
2025-01-06 11:20:43.253 INFO  [HikariPool-6 connection adder] l.log4j2 - 204. Connection opened. {executed in 4ms} 
2025-01-06 11:20:43.253 INFO  [HikariPool-6 connection adder] l.log4j2 - 204. Connection.new Connection returned 
2025-01-06 11:20:43.253 INFO  [HikariPool-6 connection adder] l.log4j2 - 204. Connection.isReadOnly() returned false
2025-01-06 11:20:43.253 INFO  [HikariPool-6 connection adder] l.log4j2 - 204. Connection.getAutoCommit() returned true
2025-01-06 11:20:43.269 INFO  [restartedMain] o.z.m.u.CustomFileUtil - -------------------------------------
2025-01-06 11:20:43.269 INFO  [restartedMain] o.z.m.u.CustomFileUtil - C:\Users\ktcs\backend\mallapi\upload
2025-01-06 11:20:43.269 INFO  [HikariPool-6 connection adder] l.log4j2 - 205. Connection opened. {executed in 4ms} 
2025-01-06 11:20:43.269 INFO  [HikariPool-6 connection adder] l.log4j2 - 205. Connection.new Connection returned 
2025-01-06 11:20:43.269 INFO  [HikariPool-6 connection adder] l.log4j2 - 205. Connection.isReadOnly() returned false
2025-01-06 11:20:43.269 INFO  [HikariPool-6 connection adder] l.log4j2 - 205. Connection.getAutoCommit() returned true
2025-01-06 11:20:43.287 INFO  [HikariPool-6 connection adder] l.log4j2 - 206. Connection opened. {executed in 2ms} 
2025-01-06 11:20:43.288 INFO  [HikariPool-6 connection adder] l.log4j2 - 206. Connection.new Connection returned 
2025-01-06 11:20:43.288 INFO  [HikariPool-6 connection adder] l.log4j2 - 206. Connection.isReadOnly() returned false
2025-01-06 11:20:43.288 INFO  [HikariPool-6 connection adder] l.log4j2 - 206. Connection.getAutoCommit() returned true
2025-01-06 11:20:43.303 INFO  [HikariPool-6 connection adder] l.log4j2 - 207. Connection opened. {executed in 3ms} 
2025-01-06 11:20:43.303 INFO  [HikariPool-6 connection adder] l.log4j2 - 207. Connection.new Connection returned 
2025-01-06 11:20:43.303 INFO  [HikariPool-6 connection adder] l.log4j2 - 207. Connection.isReadOnly() returned false
2025-01-06 11:20:43.303 INFO  [HikariPool-6 connection adder] l.log4j2 - 207. Connection.getAutoCommit() returned true
2025-01-06 11:20:43.319 INFO  [HikariPool-6 connection adder] l.log4j2 - 208. Connection opened. {executed in 3ms} 
2025-01-06 11:20:43.319 INFO  [HikariPool-6 connection adder] l.log4j2 - 208. Connection.new Connection returned 
2025-01-06 11:20:43.320 INFO  [HikariPool-6 connection adder] l.log4j2 - 208. Connection.isReadOnly() returned false
2025-01-06 11:20:43.320 INFO  [HikariPool-6 connection adder] l.log4j2 - 208. Connection.getAutoCommit() returned true
2025-01-06 11:20:43.334 INFO  [HikariPool-6 connection adder] l.log4j2 - 209. Connection opened. {executed in 3ms} 
2025-01-06 11:20:43.335 INFO  [HikariPool-6 connection adder] l.log4j2 - 209. Connection.new Connection returned 
2025-01-06 11:20:43.335 INFO  [HikariPool-6 connection adder] l.log4j2 - 209. Connection.isReadOnly() returned false
2025-01-06 11:20:43.335 INFO  [HikariPool-6 connection adder] l.log4j2 - 209. Connection.getAutoCommit() returned true
2025-01-06 11:20:43.351 INFO  [HikariPool-6 connection adder] l.log4j2 - 210. Connection opened. {executed in 4ms} 
2025-01-06 11:20:43.351 INFO  [HikariPool-6 connection adder] l.log4j2 - 210. Connection.new Connection returned 
2025-01-06 11:20:43.351 INFO  [HikariPool-6 connection adder] l.log4j2 - 210. Connection.isReadOnly() returned false
2025-01-06 11:20:43.351 INFO  [HikariPool-6 connection adder] l.log4j2 - 210. Connection.getAutoCommit() returned true
2025-01-06 11:20:43.354 WARN  [restartedMain] o.s.b.a.o.j.JpaBaseConfiguration$JpaWebConfiguration - spring.jpa.open-in-view is enabled by default. Therefore, database queries may be performed during view rendering. Explicitly configure spring.jpa.open-in-view to disable this warning
2025-01-06 11:20:43.385 INFO  [restartedMain] o.z.m.c.CustomSecurityConfig - ---------------------security config---------------------------
2025-01-06 11:20:43.413 INFO  [restartedMain] o.s.s.w.DefaultSecurityFilterChain - Will secure any request with [org.springframework.security.web.session.DisableEncodeUrlFilter@2a1e95ad, org.springframework.security.web.context.request.async.WebAsyncManagerIntegrationFilter@4e58aa86, org.springframework.security.web.context.SecurityContextHolderFilter@56fec90b, org.springframework.security.web.header.HeaderWriterFilter@c96ca70, org.springframework.web.filter.CorsFilter@3be9e1bd, org.springframework.security.web.authentication.logout.LogoutFilter@6c7326e6, org.zerock.mallapi.security.filter.JWTCheckFilter@28bf3d58, org.springframework.security.web.authentication.UsernamePasswordAuthenticationFilter@3e35ae06, org.springframework.security.web.savedrequest.RequestCacheAwareFilter@2ddfe97f, org.springframework.security.web.servletapi.SecurityContextHolderAwareRequestFilter@17a063fe, org.springframework.security.web.authentication.AnonymousAuthenticationFilter@76d2761f, org.springframework.security.web.session.SessionManagementFilter@6f669f0d, org.springframework.security.web.access.ExceptionTranslationFilter@1e1ca8db]
2025-01-06 11:20:43.619 INFO  [restartedMain] o.s.b.d.a.OptionalLiveReloadServer - LiveReload server is running on port 35729
2025-01-06 11:20:43.637 INFO  [restartedMain] o.s.b.w.e.t.TomcatWebServer - Tomcat started on port 8081 (http) with context path ''
2025-01-06 11:20:43.643 INFO  [restartedMain] o.z.m.MallapiApplication - Started MallapiApplication in 1.288 seconds (process running for 251480.266)
2025-01-06 11:20:43.645 INFO  [restartedMain] o.s.b.d.a.ConditionEvaluationDeltaLoggingListener - Condition evaluation unchanged
2025-01-06 11:21:31.436 INFO  [File Watcher] o.s.b.d.a.LocalDevToolsAutoConfiguration$RestartingClassPathChangeChangedEventListener - Restarting due to 1 class path change (0 additions, 1 deletion, 0 modifications)
2025-01-06 11:21:31.660 INFO  [Thread-23] o.s.o.j.LocalContainerEntityManagerFactoryBean - Closing JPA EntityManagerFactory for persistence unit 'default'
2025-01-06 11:21:31.665 INFO  [Thread-23] c.z.h.HikariDataSource - HikariPool-6 - Shutdown initiated...
2025-01-06 11:21:31.666 INFO  [HikariPool-6 connection closer] l.log4j2 - 201. Connection closed. {executed in 1ms} 
2025-01-06 11:21:31.666 INFO  [HikariPool-6 connection closer] l.log4j2 - 201. Connection.close() returned 
2025-01-06 11:21:31.666 INFO  [HikariPool-6 connection closer] l.log4j2 - 202. Connection closed. {executed in 0ms} 
2025-01-06 11:21:31.666 INFO  [HikariPool-6 connection closer] l.log4j2 - 202. Connection.close() returned 
2025-01-06 11:21:31.666 INFO  [HikariPool-6 connection closer] l.log4j2 - 203. Connection closed. {executed in 0ms} 
2025-01-06 11:21:31.666 INFO  [HikariPool-6 connection closer] l.log4j2 - 203. Connection.close() returned 
2025-01-06 11:21:31.666 INFO  [HikariPool-6 connection closer] l.log4j2 - 204. Connection closed. {executed in 0ms} 
2025-01-06 11:21:31.668 INFO  [HikariPool-6 connection closer] l.log4j2 - 204. Connection.close() returned 
2025-01-06 11:21:31.668 INFO  [HikariPool-6 connection closer] l.log4j2 - 205. Connection closed. {executed in 0ms} 
2025-01-06 11:21:31.668 INFO  [HikariPool-6 connection closer] l.log4j2 - 205. Connection.close() returned 
2025-01-06 11:21:31.668 INFO  [HikariPool-6 connection closer] l.log4j2 - 206. Connection closed. {executed in 0ms} 
2025-01-06 11:21:31.668 INFO  [HikariPool-6 connection closer] l.log4j2 - 206. Connection.close() returned 
2025-01-06 11:21:31.668 INFO  [HikariPool-6 connection closer] l.log4j2 - 207. Connection closed. {executed in 0ms} 
2025-01-06 11:21:31.668 INFO  [HikariPool-6 connection closer] l.log4j2 - 207. Connection.close() returned 
2025-01-06 11:21:31.669 INFO  [HikariPool-6 connection closer] l.log4j2 - 208. Connection closed. {executed in 1ms} 
2025-01-06 11:21:31.669 INFO  [HikariPool-6 connection closer] l.log4j2 - 208. Connection.close() returned 
2025-01-06 11:21:31.669 INFO  [HikariPool-6 connection closer] l.log4j2 - 209. Connection closed. {executed in 0ms} 
2025-01-06 11:21:31.669 INFO  [HikariPool-6 connection closer] l.log4j2 - 209. Connection.close() returned 
2025-01-06 11:21:31.669 INFO  [HikariPool-6 connection closer] l.log4j2 - 210. Connection closed. {executed in 0ms} 
2025-01-06 11:21:31.669 INFO  [HikariPool-6 connection closer] l.log4j2 - 210. Connection.close() returned 
2025-01-06 11:21:31.670 INFO  [Thread-23] c.z.h.HikariDataSource - HikariPool-6 - Shutdown completed.
2025-01-06 11:21:31.760 INFO  [restartedMain] o.z.m.MallapiApplication - Starting MallapiApplication using Java 17.0.12 with PID 10712 (C:\Users\ktcs\backend\mallapi\build\classes\java\main started by ktcs in C:\Users\ktcs\backend\mallapi)
2025-01-06 11:21:31.760 INFO  [restartedMain] o.z.m.MallapiApplication - No active profile set, falling back to 1 default profile: "default"
2025-01-06 11:21:32.001 INFO  [restartedMain] o.s.d.r.c.RepositoryConfigurationDelegate - Bootstrapping Spring Data JPA repositories in DEFAULT mode.
2025-01-06 11:21:32.040 INFO  [restartedMain] o.s.d.r.c.RepositoryConfigurationDelegate - Finished Spring Data repository scanning in 38 ms. Found 3 JPA repository interfaces.
2025-01-06 11:21:32.190 INFO  [restartedMain] o.s.b.w.e.t.TomcatWebServer - Tomcat initialized with port 8081 (http)
2025-01-06 11:21:32.190 INFO  [restartedMain] o.a.c.c.StandardService - Starting service [Tomcat]
2025-01-06 11:21:32.190 INFO  [restartedMain] o.a.c.c.StandardEngine - Starting Servlet engine: [Apache Tomcat/10.1.28]
2025-01-06 11:21:32.222 INFO  [restartedMain] o.a.c.c.C.[.[.[/] - Initializing Spring embedded WebApplicationContext
2025-01-06 11:21:32.222 INFO  [restartedMain] o.s.b.w.s.c.ServletWebServerApplicationContext - Root WebApplicationContext: initialization completed in 460 ms
2025-01-06 11:21:32.281 INFO  [restartedMain] o.h.j.i.u.LogHelper - HHH000204: Processing PersistenceUnitInfo [name: default]
2025-01-06 11:21:32.284 INFO  [restartedMain] o.h.c.i.RegionFactoryInitiator - HHH000026: Second-level cache disabled
2025-01-06 11:21:32.297 INFO  [restartedMain] o.s.o.j.p.SpringPersistenceUnitInfo - No LoadTimeWeaver setup: ignoring JPA class transformer
2025-01-06 11:21:32.298 INFO  [restartedMain] c.z.h.HikariDataSource - HikariPool-7 - Starting...
2025-01-06 11:21:32.302 INFO  [restartedMain] l.log4j2 - 211. Connection opened. {executed in 4ms} 
2025-01-06 11:21:32.302 INFO  [restartedMain] l.log4j2 - 211. Connection.new Connection returned 
2025-01-06 11:21:32.302 INFO  [restartedMain] l.log4j2 - 211. Connection.getNetworkTimeout() returned 0
2025-01-06 11:21:32.302 INFO  [restartedMain] l.log4j2 - 211. Connection.isReadOnly() returned false
2025-01-06 11:21:32.302 INFO  [restartedMain] l.log4j2 - 211. Connection.getAutoCommit() returned true
2025-01-06 11:21:32.302 INFO  [restartedMain] l.log4j2 - 211. Connection.isValid(1) returned true
2025-01-06 11:21:32.303 INFO  [restartedMain] l.log4j2 - 211. Connection.getTransactionIsolation() returned 4
2025-01-06 11:21:32.303 INFO  [restartedMain] c.z.h.p.HikariPool - HikariPool-7 - Added connection net.sf.log4jdbc.sql.jdbcapi.ConnectionSpy@fe475b2
2025-01-06 11:21:32.303 INFO  [restartedMain] c.z.h.HikariDataSource - HikariPool-7 - Start completed.
2025-01-06 11:21:32.303 INFO  [restartedMain] l.log4j2 - 211. Connection.getMetaData() returned org.mariadb.jdbc.DatabaseMetaData@43c4bfd2
2025-01-06 11:21:32.303 INFO  [restartedMain] l.log4j2 - 211. Statement.new Statement returned 
2025-01-06 11:21:32.303 INFO  [restartedMain] l.log4j2 - 211. Connection.createStatement() returned net.sf.log4jdbc.sql.jdbcapi.StatementSpy@10a9ffb6
2025-01-06 11:21:32.304 INFO  [restartedMain] l.log4j2 - 211. SELECT @@character_set_database, @@sql_mode  {executed in 1 ms}
2025-01-06 11:21:32.304 INFO  [restartedMain] l.log4j2 - 211. ResultSet.new ResultSet returned 
2025-01-06 11:21:32.304 INFO  [restartedMain] l.log4j2 - 211. Statement.executeQuery(SELECT @@character_set_database, @@sql_mode) returned net.sf.log4jdbc.sql.jdbcapi.ResultSetSpy@1b3994da
2025-01-06 11:21:32.304 INFO  [restartedMain] l.log4j2 - 211. ResultSet.next() returned true
2025-01-06 11:21:32.304 INFO  [restartedMain] l.log4j2 - 211. ResultSet.getString(1) returned utf8
2025-01-06 11:21:32.304 INFO  [restartedMain] l.log4j2 - 211. ResultSet.getString(2) returned IGNORE_SPACE,STRICT_TRANS_TABLES,ERROR_FOR_DIVISION_BY_ZERO,NO_AUTO_CREATE_USER,NO_ENGINE_SUBSTITUTION
2025-01-06 11:21:32.304 INFO  [restartedMain] l.log4j2 - 211. Statement.close() returned 
2025-01-06 11:21:32.305 INFO  [restartedMain] l.log4j2 - 211. Connection.getCatalog() returned malldb
2025-01-06 11:21:32.305 INFO  [restartedMain] l.log4j2 - 211. Connection.getSchema() returned null
2025-01-06 11:21:32.305 INFO  [restartedMain] l.log4j2 - 211. Connection.getSchema() returned null
2025-01-06 11:21:32.305 INFO  [restartedMain] l.log4j2 - 211. Connection.getMetaData() returned org.mariadb.jdbc.DatabaseMetaData@375c2bea
2025-01-06 11:21:32.305 INFO  [restartedMain] l.log4j2 - 211. Connection.createClob() returned 
2025-01-06 11:21:32.305 INFO  [restartedMain] l.log4j2 - 211. Connection.createNClob() returned 
2025-01-06 11:21:32.305 INFO  [restartedMain] l.log4j2 - 211. Connection.clearWarnings() returned 
2025-01-06 11:21:32.373 INFO  [restartedMain] o.h.e.t.j.p.i.JtaPlatformInitiator - HHH000489: No JTA platform available (set 'hibernate.transaction.jta.platform' to enable JTA platform integration)
2025-01-06 11:21:32.374 INFO  [restartedMain] l.log4j2 - 211. Connection.getAutoCommit() returned true
2025-01-06 11:21:32.374 INFO  [restartedMain] l.log4j2 - 211. PreparedStatement.new PreparedStatement returned 
2025-01-06 11:21:32.374 INFO  [restartedMain] l.log4j2 - 211. Connection.prepareStatement(select table_name from information_schema.TABLES where table_schema=database() and table_type='SEQUENCE') returned net.sf.log4jdbc.sql.jdbcapi.PreparedStatementSpy@c13209c
2025-01-06 11:21:32.375 INFO  [restartedMain] l.log4j2 - 211. select table_name from information_schema.TABLES where table_schema=database() and table_type='SEQUENCE'  {executed in 1 ms}
2025-01-06 11:21:32.375 INFO  [restartedMain] l.log4j2 - 211. ResultSet.new ResultSet returned 
2025-01-06 11:21:32.375 INFO  [restartedMain] l.log4j2 - 211. PreparedStatement.executeQuery() returned net.sf.log4jdbc.sql.jdbcapi.ResultSetSpy@269e100c
2025-01-06 11:21:32.375 INFO  [restartedMain] l.log4j2 - 
|-----------|
|table_name |
|-----------|
|-----------|

2025-01-06 11:21:32.375 INFO  [restartedMain] l.log4j2 - 211. ResultSet.next() returned false
2025-01-06 11:21:32.375 INFO  [restartedMain] l.log4j2 - 211. ResultSet.close() returned void
2025-01-06 11:21:32.375 INFO  [restartedMain] l.log4j2 - 211. PreparedStatement.close() returned 
2025-01-06 11:21:32.375 INFO  [restartedMain] l.log4j2 - 211. Connection.getMetaData() returned org.mariadb.jdbc.DatabaseMetaData@1d63620c
2025-01-06 11:21:32.399 INFO  [restartedMain] l.log4j2 - 211. PreparedStatement.new PreparedStatement returned 
2025-01-06 11:21:32.399 INFO  [restartedMain] l.log4j2 - 211. Connection.prepareStatement(select * from `malldb`.`member` where 1=0) returned net.sf.log4jdbc.sql.jdbcapi.PreparedStatementSpy@34e97755
2025-01-06 11:21:32.399 INFO  [restartedMain] l.log4j2 - 211. select * from `malldb`.`member` where 1=0  {executed in 0 ms}
2025-01-06 11:21:32.399 INFO  [restartedMain] l.log4j2 - 211. ResultSet.new ResultSet returned 
2025-01-06 11:21:32.399 INFO  [restartedMain] l.log4j2 - 211. PreparedStatement.executeQuery() returned net.sf.log4jdbc.sql.jdbcapi.ResultSetSpy@62211fb4
2025-01-06 11:21:32.399 INFO  [restartedMain] l.log4j2 - 211. ResultSet.getMetaData() returned org.mariadb.jdbc.client.result.ResultSetMetaData@64d472fe
2025-01-06 11:21:32.400 INFO  [restartedMain] l.log4j2 - 
|------|---------|---|-------|
|email |nickname |pw |social |
|------|---------|---|-------|
|------|---------|---|-------|

2025-01-06 11:21:32.400 INFO  [restartedMain] l.log4j2 - 211. ResultSet.close() returned void
2025-01-06 11:21:32.400 INFO  [restartedMain] l.log4j2 - 211. PreparedStatement.close() returned 
2025-01-06 11:21:32.403 INFO  [restartedMain] l.log4j2 - 211. PreparedStatement.new PreparedStatement returned 
2025-01-06 11:21:32.403 INFO  [restartedMain] l.log4j2 - 211. Connection.prepareStatement(select * from `malldb`.`tbl_product` where 1=0) returned net.sf.log4jdbc.sql.jdbcapi.PreparedStatementSpy@67cebf42
2025-01-06 11:21:32.403 INFO  [restartedMain] l.log4j2 - 211. select * from `malldb`.`tbl_product` where 1=0  {executed in 0 ms}
2025-01-06 11:21:32.403 INFO  [restartedMain] l.log4j2 - 211. ResultSet.new ResultSet returned 
2025-01-06 11:21:32.403 INFO  [restartedMain] l.log4j2 - 211. PreparedStatement.executeQuery() returned net.sf.log4jdbc.sql.jdbcapi.ResultSetSpy@df8c0b0
2025-01-06 11:21:32.403 INFO  [restartedMain] l.log4j2 - 211. ResultSet.getMetaData() returned org.mariadb.jdbc.client.result.ResultSetMetaData@4a7c0073
2025-01-06 11:21:32.405 INFO  [restartedMain] l.log4j2 - 
|----|---------|------|------|------|
|pno |del_flag |pdesc |pname |price |
|----|---------|------|------|------|
|----|---------|------|------|------|

2025-01-06 11:21:32.405 INFO  [restartedMain] l.log4j2 - 211. ResultSet.close() returned void
2025-01-06 11:21:32.405 INFO  [restartedMain] l.log4j2 - 211. PreparedStatement.close() returned 
2025-01-06 11:21:32.405 INFO  [restartedMain] l.log4j2 - 211. Connection.clearWarnings() returned 
2025-01-06 11:21:32.405 INFO  [restartedMain] o.s.o.j.LocalContainerEntityManagerFactoryBean - Initialized JPA EntityManagerFactory for persistence unit 'default'
2025-01-06 11:21:32.418 INFO  [HikariPool-7 connection adder] l.log4j2 - 212. Connection opened. {executed in 4ms} 
2025-01-06 11:21:32.418 INFO  [HikariPool-7 connection adder] l.log4j2 - 212. Connection.new Connection returned 
2025-01-06 11:21:32.418 INFO  [HikariPool-7 connection adder] l.log4j2 - 212. Connection.isReadOnly() returned false
2025-01-06 11:21:32.418 INFO  [HikariPool-7 connection adder] l.log4j2 - 212. Connection.getAutoCommit() returned true
2025-01-06 11:21:32.433 INFO  [HikariPool-7 connection adder] l.log4j2 - 213. Connection opened. {executed in 2ms} 
2025-01-06 11:21:32.433 INFO  [HikariPool-7 connection adder] l.log4j2 - 213. Connection.new Connection returned 
2025-01-06 11:21:32.434 INFO  [HikariPool-7 connection adder] l.log4j2 - 213. Connection.isReadOnly() returned false
2025-01-06 11:21:32.434 INFO  [HikariPool-7 connection adder] l.log4j2 - 213. Connection.getAutoCommit() returned true
2025-01-06 11:21:32.448 INFO  [HikariPool-7 connection adder] l.log4j2 - 214. Connection opened. {executed in 2ms} 
2025-01-06 11:21:32.449 INFO  [HikariPool-7 connection adder] l.log4j2 - 214. Connection.new Connection returned 
2025-01-06 11:21:32.449 INFO  [HikariPool-7 connection adder] l.log4j2 - 214. Connection.isReadOnly() returned false
2025-01-06 11:21:32.449 INFO  [HikariPool-7 connection adder] l.log4j2 - 214. Connection.getAutoCommit() returned true
2025-01-06 11:21:32.464 INFO  [HikariPool-7 connection adder] l.log4j2 - 215. Connection opened. {executed in 3ms} 
2025-01-06 11:21:32.465 INFO  [HikariPool-7 connection adder] l.log4j2 - 215. Connection.new Connection returned 
2025-01-06 11:21:32.465 INFO  [HikariPool-7 connection adder] l.log4j2 - 215. Connection.isReadOnly() returned false
2025-01-06 11:21:32.465 INFO  [HikariPool-7 connection adder] l.log4j2 - 215. Connection.getAutoCommit() returned true
2025-01-06 11:21:32.479 INFO  [HikariPool-7 connection adder] l.log4j2 - 216. Connection opened. {executed in 3ms} 
2025-01-06 11:21:32.479 INFO  [HikariPool-7 connection adder] l.log4j2 - 216. Connection.new Connection returned 
2025-01-06 11:21:32.479 INFO  [HikariPool-7 connection adder] l.log4j2 - 216. Connection.isReadOnly() returned false
2025-01-06 11:21:32.479 INFO  [HikariPool-7 connection adder] l.log4j2 - 216. Connection.getAutoCommit() returned true
2025-01-06 11:21:32.495 INFO  [HikariPool-7 connection adder] l.log4j2 - 217. Connection opened. {executed in 3ms} 
2025-01-06 11:21:32.495 INFO  [HikariPool-7 connection adder] l.log4j2 - 217. Connection.new Connection returned 
2025-01-06 11:21:32.496 INFO  [HikariPool-7 connection adder] l.log4j2 - 217. Connection.isReadOnly() returned false
2025-01-06 11:21:32.496 INFO  [HikariPool-7 connection adder] l.log4j2 - 217. Connection.getAutoCommit() returned true
2025-01-06 11:21:32.501 INFO  [restartedMain] o.z.m.u.CustomFileUtil - -------------------------------------
2025-01-06 11:21:32.501 INFO  [restartedMain] o.z.m.u.CustomFileUtil - C:\Users\ktcs\backend\mallapi\upload
2025-01-06 11:21:32.510 INFO  [HikariPool-7 connection adder] l.log4j2 - 218. Connection opened. {executed in 2ms} 
2025-01-06 11:21:32.510 INFO  [HikariPool-7 connection adder] l.log4j2 - 218. Connection.new Connection returned 
2025-01-06 11:21:32.510 INFO  [HikariPool-7 connection adder] l.log4j2 - 218. Connection.isReadOnly() returned false
2025-01-06 11:21:32.510 INFO  [HikariPool-7 connection adder] l.log4j2 - 218. Connection.getAutoCommit() returned true
2025-01-06 11:21:32.527 INFO  [HikariPool-7 connection adder] l.log4j2 - 219. Connection opened. {executed in 3ms} 
2025-01-06 11:21:32.527 INFO  [HikariPool-7 connection adder] l.log4j2 - 219. Connection.new Connection returned 
2025-01-06 11:21:32.527 INFO  [HikariPool-7 connection adder] l.log4j2 - 219. Connection.isReadOnly() returned false
2025-01-06 11:21:32.527 INFO  [HikariPool-7 connection adder] l.log4j2 - 219. Connection.getAutoCommit() returned true
2025-01-06 11:21:32.541 INFO  [HikariPool-7 connection adder] l.log4j2 - 220. Connection opened. {executed in 2ms} 
2025-01-06 11:21:32.541 INFO  [HikariPool-7 connection adder] l.log4j2 - 220. Connection.new Connection returned 
2025-01-06 11:21:32.543 INFO  [HikariPool-7 connection adder] l.log4j2 - 220. Connection.isReadOnly() returned false
2025-01-06 11:21:32.543 INFO  [HikariPool-7 connection adder] l.log4j2 - 220. Connection.getAutoCommit() returned true
2025-01-06 11:21:32.557 WARN  [restartedMain] o.s.b.a.o.j.JpaBaseConfiguration$JpaWebConfiguration - spring.jpa.open-in-view is enabled by default. Therefore, database queries may be performed during view rendering. Explicitly configure spring.jpa.open-in-view to disable this warning
2025-01-06 11:21:32.582 INFO  [restartedMain] o.z.m.c.CustomSecurityConfig - ---------------------security config---------------------------
2025-01-06 11:21:32.604 INFO  [restartedMain] o.s.s.w.DefaultSecurityFilterChain - Will secure any request with [org.springframework.security.web.session.DisableEncodeUrlFilter@67a3a546, org.springframework.security.web.context.request.async.WebAsyncManagerIntegrationFilter@66d7e89a, org.springframework.security.web.context.SecurityContextHolderFilter@25b4cd0f, org.springframework.security.web.header.HeaderWriterFilter@c8fa453, org.springframework.web.filter.CorsFilter@2e0772ed, org.springframework.security.web.authentication.logout.LogoutFilter@24ad86b3, org.zerock.mallapi.security.filter.JWTCheckFilter@1e6f6acb, org.springframework.security.web.authentication.UsernamePasswordAuthenticationFilter@1e35cdb3, org.springframework.security.web.savedrequest.RequestCacheAwareFilter@26912845, org.springframework.security.web.servletapi.SecurityContextHolderAwareRequestFilter@574dadf8, org.springframework.security.web.authentication.AnonymousAuthenticationFilter@649c65d5, org.springframework.security.web.session.SessionManagementFilter@57610fb1, org.springframework.security.web.access.ExceptionTranslationFilter@5f5b9fbb]
2025-01-06 11:21:32.862 INFO  [restartedMain] o.s.b.d.a.OptionalLiveReloadServer - LiveReload server is running on port 35729
2025-01-06 11:21:32.876 INFO  [restartedMain] o.s.b.w.e.t.TomcatWebServer - Tomcat started on port 8081 (http) with context path ''
2025-01-06 11:21:32.879 INFO  [restartedMain] o.z.m.MallapiApplication - Started MallapiApplication in 1.155 seconds (process running for 251529.503)
2025-01-06 11:21:32.880 INFO  [restartedMain] o.s.b.d.a.ConditionEvaluationDeltaLoggingListener - Condition evaluation unchanged
2025-01-06 11:21:34.311 INFO  [File Watcher] o.s.b.d.a.LocalDevToolsAutoConfiguration$RestartingClassPathChangeChangedEventListener - Restarting due to 1 class path change (1 addition, 0 deletions, 0 modifications)
2025-01-06 11:21:34.453 INFO  [Thread-27] o.s.o.j.LocalContainerEntityManagerFactoryBean - Closing JPA EntityManagerFactory for persistence unit 'default'
2025-01-06 11:21:34.454 INFO  [Thread-27] c.z.h.HikariDataSource - HikariPool-7 - Shutdown initiated...
2025-01-06 11:21:34.455 INFO  [HikariPool-7 connection closer] l.log4j2 - 211. Connection closed. {executed in 1ms} 
2025-01-06 11:21:34.455 INFO  [HikariPool-7 connection closer] l.log4j2 - 211. Connection.close() returned 
2025-01-06 11:21:34.455 INFO  [HikariPool-7 connection closer] l.log4j2 - 212. Connection closed. {executed in 0ms} 
2025-01-06 11:21:34.455 INFO  [HikariPool-7 connection closer] l.log4j2 - 212. Connection.close() returned 
2025-01-06 11:21:34.455 INFO  [HikariPool-7 connection closer] l.log4j2 - 213. Connection closed. {executed in 0ms} 
2025-01-06 11:21:34.455 INFO  [HikariPool-7 connection closer] l.log4j2 - 213. Connection.close() returned 
2025-01-06 11:21:34.456 INFO  [HikariPool-7 connection closer] l.log4j2 - 214. Connection closed. {executed in 1ms} 
2025-01-06 11:21:34.456 INFO  [HikariPool-7 connection closer] l.log4j2 - 214. Connection.close() returned 
2025-01-06 11:21:34.456 INFO  [HikariPool-7 connection closer] l.log4j2 - 215. Connection closed. {executed in 0ms} 
2025-01-06 11:21:34.456 INFO  [HikariPool-7 connection closer] l.log4j2 - 215. Connection.close() returned 
2025-01-06 11:21:34.456 INFO  [HikariPool-7 connection closer] l.log4j2 - 216. Connection closed. {executed in 0ms} 
2025-01-06 11:21:34.456 INFO  [HikariPool-7 connection closer] l.log4j2 - 216. Connection.close() returned 
2025-01-06 11:21:34.456 INFO  [HikariPool-7 connection closer] l.log4j2 - 217. Connection closed. {executed in 0ms} 
2025-01-06 11:21:34.456 INFO  [HikariPool-7 connection closer] l.log4j2 - 217. Connection.close() returned 
2025-01-06 11:21:34.457 INFO  [HikariPool-7 connection closer] l.log4j2 - 218. Connection closed. {executed in 1ms} 
2025-01-06 11:21:34.457 INFO  [HikariPool-7 connection closer] l.log4j2 - 218. Connection.close() returned 
2025-01-06 11:21:34.457 INFO  [HikariPool-7 connection closer] l.log4j2 - 219. Connection closed. {executed in 0ms} 
2025-01-06 11:21:34.457 INFO  [HikariPool-7 connection closer] l.log4j2 - 219. Connection.close() returned 
2025-01-06 11:21:34.457 INFO  [HikariPool-7 connection closer] l.log4j2 - 220. Connection closed. {executed in 0ms} 
2025-01-06 11:21:34.457 INFO  [HikariPool-7 connection closer] l.log4j2 - 220. Connection.close() returned 
2025-01-06 11:21:34.457 INFO  [Thread-27] c.z.h.HikariDataSource - HikariPool-7 - Shutdown completed.
2025-01-06 11:21:34.513 INFO  [restartedMain] o.z.m.MallapiApplication - Starting MallapiApplication using Java 17.0.12 with PID 10712 (C:\Users\ktcs\backend\mallapi\build\classes\java\main started by ktcs in C:\Users\ktcs\backend\mallapi)
2025-01-06 11:21:34.514 INFO  [restartedMain] o.z.m.MallapiApplication - No active profile set, falling back to 1 default profile: "default"
2025-01-06 11:21:34.674 INFO  [restartedMain] o.s.d.r.c.RepositoryConfigurationDelegate - Bootstrapping Spring Data JPA repositories in DEFAULT mode.
2025-01-06 11:21:34.691 INFO  [restartedMain] o.s.d.r.c.RepositoryConfigurationDelegate - Finished Spring Data repository scanning in 16 ms. Found 3 JPA repository interfaces.
2025-01-06 11:21:34.775 INFO  [restartedMain] o.s.b.w.e.t.TomcatWebServer - Tomcat initialized with port 8081 (http)
2025-01-06 11:21:34.775 INFO  [restartedMain] o.a.c.c.StandardService - Starting service [Tomcat]
2025-01-06 11:21:34.775 INFO  [restartedMain] o.a.c.c.StandardEngine - Starting Servlet engine: [Apache Tomcat/10.1.28]
2025-01-06 11:21:34.804 INFO  [restartedMain] o.a.c.c.C.[.[.[/] - Initializing Spring embedded WebApplicationContext
2025-01-06 11:21:34.804 INFO  [restartedMain] o.s.b.w.s.c.ServletWebServerApplicationContext - Root WebApplicationContext: initialization completed in 288 ms
2025-01-06 11:21:34.873 INFO  [restartedMain] o.h.j.i.u.LogHelper - HHH000204: Processing PersistenceUnitInfo [name: default]
2025-01-06 11:21:34.878 INFO  [restartedMain] o.h.c.i.RegionFactoryInitiator - HHH000026: Second-level cache disabled
2025-01-06 11:21:34.883 INFO  [restartedMain] o.s.o.j.p.SpringPersistenceUnitInfo - No LoadTimeWeaver setup: ignoring JPA class transformer
2025-01-06 11:21:34.885 INFO  [restartedMain] c.z.h.HikariDataSource - HikariPool-8 - Starting...
2025-01-06 11:21:34.887 INFO  [restartedMain] l.log4j2 - 221. Connection opened. {executed in 2ms} 
2025-01-06 11:21:34.887 INFO  [restartedMain] l.log4j2 - 221. Connection.new Connection returned 
2025-01-06 11:21:34.887 INFO  [restartedMain] l.log4j2 - 221. Connection.getNetworkTimeout() returned 0
2025-01-06 11:21:34.887 INFO  [restartedMain] l.log4j2 - 221. Connection.isReadOnly() returned false
2025-01-06 11:21:34.887 INFO  [restartedMain] l.log4j2 - 221. Connection.getAutoCommit() returned true
2025-01-06 11:21:34.887 INFO  [restartedMain] l.log4j2 - 221. Connection.isValid(1) returned true
2025-01-06 11:21:34.888 INFO  [restartedMain] l.log4j2 - 221. Connection.getTransactionIsolation() returned 4
2025-01-06 11:21:34.888 INFO  [restartedMain] c.z.h.p.HikariPool - HikariPool-8 - Added connection net.sf.log4jdbc.sql.jdbcapi.ConnectionSpy@1886ff38
2025-01-06 11:21:34.888 INFO  [restartedMain] c.z.h.HikariDataSource - HikariPool-8 - Start completed.
2025-01-06 11:21:34.888 INFO  [restartedMain] l.log4j2 - 221. Connection.getMetaData() returned org.mariadb.jdbc.DatabaseMetaData@46381ed5
2025-01-06 11:21:34.888 INFO  [restartedMain] l.log4j2 - 221. Statement.new Statement returned 
2025-01-06 11:21:34.888 INFO  [restartedMain] l.log4j2 - 221. Connection.createStatement() returned net.sf.log4jdbc.sql.jdbcapi.StatementSpy@3c6786a7
2025-01-06 11:21:34.889 INFO  [restartedMain] l.log4j2 - 221. SELECT @@character_set_database, @@sql_mode  {executed in 0 ms}
2025-01-06 11:21:34.889 INFO  [restartedMain] l.log4j2 - 221. ResultSet.new ResultSet returned 
2025-01-06 11:21:34.889 INFO  [restartedMain] l.log4j2 - 221. Statement.executeQuery(SELECT @@character_set_database, @@sql_mode) returned net.sf.log4jdbc.sql.jdbcapi.ResultSetSpy@293781b7
2025-01-06 11:21:34.889 INFO  [restartedMain] l.log4j2 - 221. ResultSet.next() returned true
2025-01-06 11:21:34.889 INFO  [restartedMain] l.log4j2 - 221. ResultSet.getString(1) returned utf8
2025-01-06 11:21:34.889 INFO  [restartedMain] l.log4j2 - 221. ResultSet.getString(2) returned IGNORE_SPACE,STRICT_TRANS_TABLES,ERROR_FOR_DIVISION_BY_ZERO,NO_AUTO_CREATE_USER,NO_ENGINE_SUBSTITUTION
2025-01-06 11:21:34.889 INFO  [restartedMain] l.log4j2 - 221. Statement.close() returned 
2025-01-06 11:21:34.889 INFO  [restartedMain] l.log4j2 - 221. Connection.getCatalog() returned malldb
2025-01-06 11:21:34.889 INFO  [restartedMain] l.log4j2 - 221. Connection.getSchema() returned null
2025-01-06 11:21:34.889 INFO  [restartedMain] l.log4j2 - 221. Connection.getSchema() returned null
2025-01-06 11:21:34.889 INFO  [restartedMain] l.log4j2 - 221. Connection.getMetaData() returned org.mariadb.jdbc.DatabaseMetaData@667d496
2025-01-06 11:21:34.889 INFO  [restartedMain] l.log4j2 - 221. Connection.createClob() returned 
2025-01-06 11:21:34.889 INFO  [restartedMain] l.log4j2 - 221. Connection.createNClob() returned 
2025-01-06 11:21:34.889 INFO  [restartedMain] l.log4j2 - 221. Connection.clearWarnings() returned 
2025-01-06 11:21:34.945 INFO  [restartedMain] o.h.e.t.j.p.i.JtaPlatformInitiator - HHH000489: No JTA platform available (set 'hibernate.transaction.jta.platform' to enable JTA platform integration)
2025-01-06 11:21:34.945 INFO  [restartedMain] l.log4j2 - 221. Connection.getAutoCommit() returned true
2025-01-06 11:21:34.945 INFO  [restartedMain] l.log4j2 - 221. PreparedStatement.new PreparedStatement returned 
2025-01-06 11:21:34.945 INFO  [restartedMain] l.log4j2 - 221. Connection.prepareStatement(select table_name from information_schema.TABLES where table_schema=database() and table_type='SEQUENCE') returned net.sf.log4jdbc.sql.jdbcapi.PreparedStatementSpy@5a85f2d2
2025-01-06 11:21:34.946 INFO  [restartedMain] l.log4j2 - 221. select table_name from information_schema.TABLES where table_schema=database() and table_type='SEQUENCE'  {executed in 1 ms}
2025-01-06 11:21:34.946 INFO  [restartedMain] l.log4j2 - 221. ResultSet.new ResultSet returned 
2025-01-06 11:21:34.946 INFO  [restartedMain] l.log4j2 - 221. PreparedStatement.executeQuery() returned net.sf.log4jdbc.sql.jdbcapi.ResultSetSpy@2ccd862a
2025-01-06 11:21:34.946 INFO  [restartedMain] l.log4j2 - 
|-----------|
|table_name |
|-----------|
|-----------|

2025-01-06 11:21:34.947 INFO  [restartedMain] l.log4j2 - 221. ResultSet.next() returned false
2025-01-06 11:21:34.947 INFO  [restartedMain] l.log4j2 - 221. ResultSet.close() returned void
2025-01-06 11:21:34.947 INFO  [restartedMain] l.log4j2 - 221. PreparedStatement.close() returned 
2025-01-06 11:21:34.947 INFO  [restartedMain] l.log4j2 - 221. Connection.getMetaData() returned org.mariadb.jdbc.DatabaseMetaData@2b4e8afa
2025-01-06 11:21:34.964 INFO  [restartedMain] l.log4j2 - 221. PreparedStatement.new PreparedStatement returned 
2025-01-06 11:21:34.964 INFO  [restartedMain] l.log4j2 - 221. Connection.prepareStatement(select * from `malldb`.`member` where 1=0) returned net.sf.log4jdbc.sql.jdbcapi.PreparedStatementSpy@6b0e517d
2025-01-06 11:21:34.965 INFO  [restartedMain] l.log4j2 - 221. select * from `malldb`.`member` where 1=0  {executed in 1 ms}
2025-01-06 11:21:34.965 INFO  [restartedMain] l.log4j2 - 221. ResultSet.new ResultSet returned 
2025-01-06 11:21:34.965 INFO  [restartedMain] l.log4j2 - 221. PreparedStatement.executeQuery() returned net.sf.log4jdbc.sql.jdbcapi.ResultSetSpy@2b3276e0
2025-01-06 11:21:34.965 INFO  [restartedMain] l.log4j2 - 221. ResultSet.getMetaData() returned org.mariadb.jdbc.client.result.ResultSetMetaData@74f42026
2025-01-06 11:21:34.965 INFO  [restartedMain] l.log4j2 - 
|------|---------|---|-------|
|email |nickname |pw |social |
|------|---------|---|-------|
|------|---------|---|-------|

2025-01-06 11:21:34.965 INFO  [restartedMain] l.log4j2 - 221. ResultSet.close() returned void
2025-01-06 11:21:34.965 INFO  [restartedMain] l.log4j2 - 221. PreparedStatement.close() returned 
2025-01-06 11:21:34.967 INFO  [restartedMain] l.log4j2 - 221. PreparedStatement.new PreparedStatement returned 
2025-01-06 11:21:34.967 INFO  [restartedMain] l.log4j2 - 221. Connection.prepareStatement(select * from `malldb`.`tbl_product` where 1=0) returned net.sf.log4jdbc.sql.jdbcapi.PreparedStatementSpy@32c7c4b4
2025-01-06 11:21:34.967 INFO  [restartedMain] l.log4j2 - 221. select * from `malldb`.`tbl_product` where 1=0  {executed in 0 ms}
2025-01-06 11:21:34.967 INFO  [restartedMain] l.log4j2 - 221. ResultSet.new ResultSet returned 
2025-01-06 11:21:34.967 INFO  [restartedMain] l.log4j2 - 221. PreparedStatement.executeQuery() returned net.sf.log4jdbc.sql.jdbcapi.ResultSetSpy@a7a217a
2025-01-06 11:21:34.967 INFO  [restartedMain] l.log4j2 - 221. ResultSet.getMetaData() returned org.mariadb.jdbc.client.result.ResultSetMetaData@5f5ad503
2025-01-06 11:21:34.967 INFO  [restartedMain] l.log4j2 - 
|----|---------|------|------|------|
|pno |del_flag |pdesc |pname |price |
|----|---------|------|------|------|
|----|---------|------|------|------|

2025-01-06 11:21:34.968 INFO  [restartedMain] l.log4j2 - 221. ResultSet.close() returned void
2025-01-06 11:21:34.968 INFO  [restartedMain] l.log4j2 - 221. PreparedStatement.close() returned 
2025-01-06 11:21:34.968 INFO  [restartedMain] l.log4j2 - 221. Connection.clearWarnings() returned 
2025-01-06 11:21:34.968 INFO  [restartedMain] o.s.o.j.LocalContainerEntityManagerFactoryBean - Initialized JPA EntityManagerFactory for persistence unit 'default'
2025-01-06 11:21:34.998 INFO  [HikariPool-8 connection adder] l.log4j2 - 222. Connection opened. {executed in 2ms} 
2025-01-06 11:21:34.998 INFO  [HikariPool-8 connection adder] l.log4j2 - 222. Connection.new Connection returned 
2025-01-06 11:21:34.998 INFO  [HikariPool-8 connection adder] l.log4j2 - 222. Connection.isReadOnly() returned false
2025-01-06 11:21:34.998 INFO  [HikariPool-8 connection adder] l.log4j2 - 222. Connection.getAutoCommit() returned true
2025-01-06 11:21:35.013 INFO  [HikariPool-8 connection adder] l.log4j2 - 223. Connection opened. {executed in 2ms} 
2025-01-06 11:21:35.013 INFO  [HikariPool-8 connection adder] l.log4j2 - 223. Connection.new Connection returned 
2025-01-06 11:21:35.013 INFO  [HikariPool-8 connection adder] l.log4j2 - 223. Connection.isReadOnly() returned false
2025-01-06 11:21:35.013 INFO  [HikariPool-8 connection adder] l.log4j2 - 223. Connection.getAutoCommit() returned true
2025-01-06 11:21:35.027 INFO  [restartedMain] o.z.m.u.CustomFileUtil - -------------------------------------
2025-01-06 11:21:35.028 INFO  [restartedMain] o.z.m.u.CustomFileUtil - C:\Users\ktcs\backend\mallapi\upload
2025-01-06 11:21:35.028 INFO  [HikariPool-8 connection adder] l.log4j2 - 224. Connection opened. {executed in 2ms} 
2025-01-06 11:21:35.028 INFO  [HikariPool-8 connection adder] l.log4j2 - 224. Connection.new Connection returned 
2025-01-06 11:21:35.028 INFO  [HikariPool-8 connection adder] l.log4j2 - 224. Connection.isReadOnly() returned false
2025-01-06 11:21:35.028 INFO  [HikariPool-8 connection adder] l.log4j2 - 224. Connection.getAutoCommit() returned true
2025-01-06 11:21:35.045 INFO  [HikariPool-8 connection adder] l.log4j2 - 225. Connection opened. {executed in 2ms} 
2025-01-06 11:21:35.045 INFO  [HikariPool-8 connection adder] l.log4j2 - 225. Connection.new Connection returned 
2025-01-06 11:21:35.045 INFO  [HikariPool-8 connection adder] l.log4j2 - 225. Connection.isReadOnly() returned false
2025-01-06 11:21:35.045 INFO  [HikariPool-8 connection adder] l.log4j2 - 225. Connection.getAutoCommit() returned true
2025-01-06 11:21:35.065 INFO  [HikariPool-8 connection adder] l.log4j2 - 226. Connection opened. {executed in 8ms} 
2025-01-06 11:21:35.065 INFO  [HikariPool-8 connection adder] l.log4j2 - 226. Connection.new Connection returned 
2025-01-06 11:21:35.065 INFO  [HikariPool-8 connection adder] l.log4j2 - 226. Connection.isReadOnly() returned false
2025-01-06 11:21:35.065 INFO  [HikariPool-8 connection adder] l.log4j2 - 226. Connection.getAutoCommit() returned true
2025-01-06 11:21:35.076 WARN  [restartedMain] o.s.b.a.o.j.JpaBaseConfiguration$JpaWebConfiguration - spring.jpa.open-in-view is enabled by default. Therefore, database queries may be performed during view rendering. Explicitly configure spring.jpa.open-in-view to disable this warning
2025-01-06 11:21:35.091 INFO  [HikariPool-8 connection adder] l.log4j2 - 227. Connection opened. {executed in 3ms} 
2025-01-06 11:21:35.091 INFO  [HikariPool-8 connection adder] l.log4j2 - 227. Connection.new Connection returned 
2025-01-06 11:21:35.091 INFO  [HikariPool-8 connection adder] l.log4j2 - 227. Connection.isReadOnly() returned false
2025-01-06 11:21:35.091 INFO  [HikariPool-8 connection adder] l.log4j2 - 227. Connection.getAutoCommit() returned true
2025-01-06 11:21:35.094 INFO  [restartedMain] o.z.m.c.CustomSecurityConfig - ---------------------security config---------------------------
2025-01-06 11:21:35.107 INFO  [HikariPool-8 connection adder] l.log4j2 - 228. Connection opened. {executed in 3ms} 
2025-01-06 11:21:35.107 INFO  [HikariPool-8 connection adder] l.log4j2 - 228. Connection.new Connection returned 
2025-01-06 11:21:35.107 INFO  [HikariPool-8 connection adder] l.log4j2 - 228. Connection.isReadOnly() returned false
2025-01-06 11:21:35.107 INFO  [HikariPool-8 connection adder] l.log4j2 - 228. Connection.getAutoCommit() returned true
2025-01-06 11:21:35.112 INFO  [restartedMain] o.s.s.w.DefaultSecurityFilterChain - Will secure any request with [org.springframework.security.web.session.DisableEncodeUrlFilter@412ff0cf, org.springframework.security.web.context.request.async.WebAsyncManagerIntegrationFilter@70a8bc11, org.springframework.security.web.context.SecurityContextHolderFilter@93f1533, org.springframework.security.web.header.HeaderWriterFilter@b78b724, org.springframework.web.filter.CorsFilter@8584346, org.springframework.security.web.authentication.logout.LogoutFilter@7581a13b, org.zerock.mallapi.security.filter.JWTCheckFilter@13eb40e9, org.springframework.security.web.authentication.UsernamePasswordAuthenticationFilter@79fc5a8e, org.springframework.security.web.savedrequest.RequestCacheAwareFilter@20158c81, org.springframework.security.web.servletapi.SecurityContextHolderAwareRequestFilter@6e9ace30, org.springframework.security.web.authentication.AnonymousAuthenticationFilter@2d7c73d3, org.springframework.security.web.session.SessionManagementFilter@3caad795, org.springframework.security.web.access.ExceptionTranslationFilter@72db7b1e]
2025-01-06 11:21:35.122 INFO  [HikariPool-8 connection adder] l.log4j2 - 229. Connection opened. {executed in 2ms} 
2025-01-06 11:21:35.122 INFO  [HikariPool-8 connection adder] l.log4j2 - 229. Connection.new Connection returned 
2025-01-06 11:21:35.122 INFO  [HikariPool-8 connection adder] l.log4j2 - 229. Connection.isReadOnly() returned false
2025-01-06 11:21:35.122 INFO  [HikariPool-8 connection adder] l.log4j2 - 229. Connection.getAutoCommit() returned true
2025-01-06 11:21:35.137 INFO  [HikariPool-8 connection adder] l.log4j2 - 230. Connection opened. {executed in 2ms} 
2025-01-06 11:21:35.137 INFO  [HikariPool-8 connection adder] l.log4j2 - 230. Connection.new Connection returned 
2025-01-06 11:21:35.137 INFO  [HikariPool-8 connection adder] l.log4j2 - 230. Connection.isReadOnly() returned false
2025-01-06 11:21:35.137 INFO  [HikariPool-8 connection adder] l.log4j2 - 230. Connection.getAutoCommit() returned true
2025-01-06 11:21:35.295 INFO  [restartedMain] o.s.b.d.a.OptionalLiveReloadServer - LiveReload server is running on port 35729
2025-01-06 11:21:35.307 INFO  [restartedMain] o.s.b.w.e.t.TomcatWebServer - Tomcat started on port 8081 (http) with context path ''
2025-01-06 11:21:35.310 INFO  [restartedMain] o.z.m.MallapiApplication - Started MallapiApplication in 0.816 seconds (process running for 251531.934)
2025-01-06 11:21:35.311 INFO  [restartedMain] o.s.b.d.a.ConditionEvaluationDeltaLoggingListener - Condition evaluation unchanged
2025-01-06 11:22:14.401 INFO  [File Watcher] o.s.b.d.a.LocalDevToolsAutoConfiguration$RestartingClassPathChangeChangedEventListener - Restarting due to 1 class path change (0 additions, 1 deletion, 0 modifications)
2025-01-06 11:22:14.738 INFO  [Thread-31] o.s.o.j.LocalContainerEntityManagerFactoryBean - Closing JPA EntityManagerFactory for persistence unit 'default'
2025-01-06 11:22:14.739 INFO  [Thread-31] c.z.h.HikariDataSource - HikariPool-8 - Shutdown initiated...
2025-01-06 11:22:14.742 INFO  [HikariPool-8 connection closer] l.log4j2 - 221. Connection closed. {executed in 0ms} 
2025-01-06 11:22:14.742 INFO  [HikariPool-8 connection closer] l.log4j2 - 221. Connection.close() returned 
2025-01-06 11:22:14.742 INFO  [HikariPool-8 connection closer] l.log4j2 - 222. Connection closed. {executed in 0ms} 
2025-01-06 11:22:14.742 INFO  [HikariPool-8 connection closer] l.log4j2 - 222. Connection.close() returned 
2025-01-06 11:22:14.742 INFO  [HikariPool-8 connection closer] l.log4j2 - 223. Connection closed. {executed in 0ms} 
2025-01-06 11:22:14.743 INFO  [HikariPool-8 connection closer] l.log4j2 - 223. Connection.close() returned 
2025-01-06 11:22:14.743 INFO  [HikariPool-8 connection closer] l.log4j2 - 224. Connection closed. {executed in 0ms} 
2025-01-06 11:22:14.743 INFO  [HikariPool-8 connection closer] l.log4j2 - 224. Connection.close() returned 
2025-01-06 11:22:14.743 INFO  [HikariPool-8 connection closer] l.log4j2 - 225. Connection closed. {executed in 0ms} 
2025-01-06 11:22:14.743 INFO  [HikariPool-8 connection closer] l.log4j2 - 225. Connection.close() returned 
2025-01-06 11:22:14.744 INFO  [HikariPool-8 connection closer] l.log4j2 - 226. Connection closed. {executed in 1ms} 
2025-01-06 11:22:14.744 INFO  [HikariPool-8 connection closer] l.log4j2 - 226. Connection.close() returned 
2025-01-06 11:22:14.744 INFO  [HikariPool-8 connection closer] l.log4j2 - 227. Connection closed. {executed in 0ms} 
2025-01-06 11:22:14.744 INFO  [HikariPool-8 connection closer] l.log4j2 - 227. Connection.close() returned 
2025-01-06 11:22:14.744 INFO  [HikariPool-8 connection closer] l.log4j2 - 228. Connection closed. {executed in 0ms} 
2025-01-06 11:22:14.744 INFO  [HikariPool-8 connection closer] l.log4j2 - 228. Connection.close() returned 
2025-01-06 11:22:14.744 INFO  [HikariPool-8 connection closer] l.log4j2 - 229. Connection closed. {executed in 0ms} 
2025-01-06 11:22:14.744 INFO  [HikariPool-8 connection closer] l.log4j2 - 229. Connection.close() returned 
2025-01-06 11:22:14.745 INFO  [HikariPool-8 connection closer] l.log4j2 - 230. Connection closed. {executed in 1ms} 
2025-01-06 11:22:14.745 INFO  [HikariPool-8 connection closer] l.log4j2 - 230. Connection.close() returned 
2025-01-06 11:22:14.745 INFO  [Thread-31] c.z.h.HikariDataSource - HikariPool-8 - Shutdown completed.
2025-01-06 11:22:14.825 INFO  [restartedMain] o.z.m.MallapiApplication - Starting MallapiApplication using Java 17.0.12 with PID 10712 (C:\Users\ktcs\backend\mallapi\build\classes\java\main started by ktcs in C:\Users\ktcs\backend\mallapi)
2025-01-06 11:22:14.825 INFO  [restartedMain] o.z.m.MallapiApplication - No active profile set, falling back to 1 default profile: "default"
2025-01-06 11:22:15.121 INFO  [restartedMain] o.s.d.r.c.RepositoryConfigurationDelegate - Bootstrapping Spring Data JPA repositories in DEFAULT mode.
2025-01-06 11:22:15.144 INFO  [restartedMain] o.s.d.r.c.RepositoryConfigurationDelegate - Finished Spring Data repository scanning in 22 ms. Found 3 JPA repository interfaces.
2025-01-06 11:22:15.246 INFO  [restartedMain] o.s.b.w.e.t.TomcatWebServer - Tomcat initialized with port 8081 (http)
2025-01-06 11:22:15.246 INFO  [restartedMain] o.a.c.c.StandardService - Starting service [Tomcat]
2025-01-06 11:22:15.246 INFO  [restartedMain] o.a.c.c.StandardEngine - Starting Servlet engine: [Apache Tomcat/10.1.28]
2025-01-06 11:22:15.276 INFO  [restartedMain] o.a.c.c.C.[.[.[/] - Initializing Spring embedded WebApplicationContext
2025-01-06 11:22:15.276 INFO  [restartedMain] o.s.b.w.s.c.ServletWebServerApplicationContext - Root WebApplicationContext: initialization completed in 449 ms
2025-01-06 11:22:15.393 INFO  [restartedMain] o.h.j.i.u.LogHelper - HHH000204: Processing PersistenceUnitInfo [name: default]
2025-01-06 11:22:15.398 INFO  [restartedMain] o.h.c.i.RegionFactoryInitiator - HHH000026: Second-level cache disabled
2025-01-06 11:22:15.406 INFO  [restartedMain] o.s.o.j.p.SpringPersistenceUnitInfo - No LoadTimeWeaver setup: ignoring JPA class transformer
2025-01-06 11:22:15.408 INFO  [restartedMain] c.z.h.HikariDataSource - HikariPool-9 - Starting...
2025-01-06 11:22:15.412 INFO  [restartedMain] l.log4j2 - 231. Connection opened. {executed in 3ms} 
2025-01-06 11:22:15.412 INFO  [restartedMain] l.log4j2 - 231. Connection.new Connection returned 
2025-01-06 11:22:15.412 INFO  [restartedMain] l.log4j2 - 231. Connection.getNetworkTimeout() returned 0
2025-01-06 11:22:15.412 INFO  [restartedMain] l.log4j2 - 231. Connection.isReadOnly() returned false
2025-01-06 11:22:15.412 INFO  [restartedMain] l.log4j2 - 231. Connection.getAutoCommit() returned true
2025-01-06 11:22:15.412 INFO  [restartedMain] l.log4j2 - 231. Connection.isValid(1) returned true
2025-01-06 11:22:15.412 INFO  [restartedMain] l.log4j2 - 231. Connection.getTransactionIsolation() returned 4
2025-01-06 11:22:15.412 INFO  [restartedMain] c.z.h.p.HikariPool - HikariPool-9 - Added connection net.sf.log4jdbc.sql.jdbcapi.ConnectionSpy@f087b77
2025-01-06 11:22:15.413 INFO  [restartedMain] c.z.h.HikariDataSource - HikariPool-9 - Start completed.
2025-01-06 11:22:15.413 INFO  [restartedMain] l.log4j2 - 231. Connection.getMetaData() returned org.mariadb.jdbc.DatabaseMetaData@12e69633
2025-01-06 11:22:15.413 INFO  [restartedMain] l.log4j2 - 231. Statement.new Statement returned 
2025-01-06 11:22:15.413 INFO  [restartedMain] l.log4j2 - 231. Connection.createStatement() returned net.sf.log4jdbc.sql.jdbcapi.StatementSpy@63d297d8
2025-01-06 11:22:15.413 INFO  [restartedMain] l.log4j2 - 231. SELECT @@character_set_database, @@sql_mode  {executed in 0 ms}
2025-01-06 11:22:15.415 INFO  [restartedMain] l.log4j2 - 231. ResultSet.new ResultSet returned 
2025-01-06 11:22:15.415 INFO  [restartedMain] l.log4j2 - 231. Statement.executeQuery(SELECT @@character_set_database, @@sql_mode) returned net.sf.log4jdbc.sql.jdbcapi.ResultSetSpy@3af897b4
2025-01-06 11:22:15.415 INFO  [restartedMain] l.log4j2 - 231. ResultSet.next() returned true
2025-01-06 11:22:15.415 INFO  [restartedMain] l.log4j2 - 231. ResultSet.getString(1) returned utf8
2025-01-06 11:22:15.415 INFO  [restartedMain] l.log4j2 - 231. ResultSet.getString(2) returned IGNORE_SPACE,STRICT_TRANS_TABLES,ERROR_FOR_DIVISION_BY_ZERO,NO_AUTO_CREATE_USER,NO_ENGINE_SUBSTITUTION
2025-01-06 11:22:15.415 INFO  [restartedMain] l.log4j2 - 231. Statement.close() returned 
2025-01-06 11:22:15.415 INFO  [restartedMain] l.log4j2 - 231. Connection.getCatalog() returned malldb
2025-01-06 11:22:15.415 INFO  [restartedMain] l.log4j2 - 231. Connection.getSchema() returned null
2025-01-06 11:22:15.415 INFO  [restartedMain] l.log4j2 - 231. Connection.getSchema() returned null
2025-01-06 11:22:15.415 INFO  [restartedMain] l.log4j2 - 231. Connection.getMetaData() returned org.mariadb.jdbc.DatabaseMetaData@7667905f
2025-01-06 11:22:15.415 INFO  [restartedMain] l.log4j2 - 231. Connection.createClob() returned 
2025-01-06 11:22:15.415 INFO  [restartedMain] l.log4j2 - 231. Connection.createNClob() returned 
2025-01-06 11:22:15.415 INFO  [restartedMain] l.log4j2 - 231. Connection.clearWarnings() returned 
2025-01-06 11:22:15.484 INFO  [restartedMain] o.h.e.t.j.p.i.JtaPlatformInitiator - HHH000489: No JTA platform available (set 'hibernate.transaction.jta.platform' to enable JTA platform integration)
2025-01-06 11:22:15.484 INFO  [restartedMain] l.log4j2 - 231. Connection.getAutoCommit() returned true
2025-01-06 11:22:15.484 INFO  [restartedMain] l.log4j2 - 231. PreparedStatement.new PreparedStatement returned 
2025-01-06 11:22:15.484 INFO  [restartedMain] l.log4j2 - 231. Connection.prepareStatement(select table_name from information_schema.TABLES where table_schema=database() and table_type='SEQUENCE') returned net.sf.log4jdbc.sql.jdbcapi.PreparedStatementSpy@6c5eaaa6
2025-01-06 11:22:15.486 INFO  [restartedMain] l.log4j2 - 231. select table_name from information_schema.TABLES where table_schema=database() and table_type='SEQUENCE'  {executed in 2 ms}
2025-01-06 11:22:15.486 INFO  [restartedMain] l.log4j2 - 231. ResultSet.new ResultSet returned 
2025-01-06 11:22:15.486 INFO  [restartedMain] l.log4j2 - 231. PreparedStatement.executeQuery() returned net.sf.log4jdbc.sql.jdbcapi.ResultSetSpy@46d8dc94
2025-01-06 11:22:15.486 INFO  [restartedMain] l.log4j2 - 
|-----------|
|table_name |
|-----------|
|-----------|

2025-01-06 11:22:15.486 INFO  [restartedMain] l.log4j2 - 231. ResultSet.next() returned false
2025-01-06 11:22:15.486 INFO  [restartedMain] l.log4j2 - 231. ResultSet.close() returned void
2025-01-06 11:22:15.486 INFO  [restartedMain] l.log4j2 - 231. PreparedStatement.close() returned 
2025-01-06 11:22:15.486 INFO  [restartedMain] l.log4j2 - 231. Connection.getMetaData() returned org.mariadb.jdbc.DatabaseMetaData@39402cd3
2025-01-06 11:22:15.510 INFO  [restartedMain] l.log4j2 - 231. PreparedStatement.new PreparedStatement returned 
2025-01-06 11:22:15.510 INFO  [restartedMain] l.log4j2 - 231. Connection.prepareStatement(select * from `malldb`.`member` where 1=0) returned net.sf.log4jdbc.sql.jdbcapi.PreparedStatementSpy@2086d994
2025-01-06 11:22:15.510 INFO  [restartedMain] l.log4j2 - 231. select * from `malldb`.`member` where 1=0  {executed in 0 ms}
2025-01-06 11:22:15.510 INFO  [restartedMain] l.log4j2 - 231. ResultSet.new ResultSet returned 
2025-01-06 11:22:15.510 INFO  [restartedMain] l.log4j2 - 231. PreparedStatement.executeQuery() returned net.sf.log4jdbc.sql.jdbcapi.ResultSetSpy@20ba8d6c
2025-01-06 11:22:15.510 INFO  [restartedMain] l.log4j2 - 231. ResultSet.getMetaData() returned org.mariadb.jdbc.client.result.ResultSetMetaData@18a40b1c
2025-01-06 11:22:15.510 INFO  [restartedMain] l.log4j2 - 
|------|---------|---|-------|
|email |nickname |pw |social |
|------|---------|---|-------|
|------|---------|---|-------|

2025-01-06 11:22:15.510 INFO  [restartedMain] l.log4j2 - 231. ResultSet.close() returned void
2025-01-06 11:22:15.511 INFO  [restartedMain] l.log4j2 - 231. PreparedStatement.close() returned 
2025-01-06 11:22:15.512 INFO  [restartedMain] l.log4j2 - 231. PreparedStatement.new PreparedStatement returned 
2025-01-06 11:22:15.512 INFO  [restartedMain] l.log4j2 - 231. Connection.prepareStatement(select * from `malldb`.`tbl_product` where 1=0) returned net.sf.log4jdbc.sql.jdbcapi.PreparedStatementSpy@158b5c1a
2025-01-06 11:22:15.513 INFO  [restartedMain] l.log4j2 - 231. select * from `malldb`.`tbl_product` where 1=0  {executed in 0 ms}
2025-01-06 11:22:15.513 INFO  [restartedMain] l.log4j2 - 231. ResultSet.new ResultSet returned 
2025-01-06 11:22:15.513 INFO  [restartedMain] l.log4j2 - 231. PreparedStatement.executeQuery() returned net.sf.log4jdbc.sql.jdbcapi.ResultSetSpy@612e722a
2025-01-06 11:22:15.513 INFO  [restartedMain] l.log4j2 - 231. ResultSet.getMetaData() returned org.mariadb.jdbc.client.result.ResultSetMetaData@596a79f8
2025-01-06 11:22:15.513 INFO  [restartedMain] l.log4j2 - 
|----|---------|------|------|------|
|pno |del_flag |pdesc |pname |price |
|----|---------|------|------|------|
|----|---------|------|------|------|

2025-01-06 11:22:15.513 INFO  [restartedMain] l.log4j2 - 231. ResultSet.close() returned void
2025-01-06 11:22:15.513 INFO  [restartedMain] l.log4j2 - 231. PreparedStatement.close() returned 
2025-01-06 11:22:15.513 INFO  [restartedMain] l.log4j2 - 231. Connection.clearWarnings() returned 
2025-01-06 11:22:15.513 INFO  [restartedMain] o.s.o.j.LocalContainerEntityManagerFactoryBean - Initialized JPA EntityManagerFactory for persistence unit 'default'
2025-01-06 11:22:15.523 INFO  [HikariPool-9 connection adder] l.log4j2 - 232. Connection opened. {executed in 3ms} 
2025-01-06 11:22:15.523 INFO  [HikariPool-9 connection adder] l.log4j2 - 232. Connection.new Connection returned 
2025-01-06 11:22:15.523 INFO  [HikariPool-9 connection adder] l.log4j2 - 232. Connection.isReadOnly() returned false
2025-01-06 11:22:15.523 INFO  [HikariPool-9 connection adder] l.log4j2 - 232. Connection.getAutoCommit() returned true
2025-01-06 11:22:15.538 INFO  [HikariPool-9 connection adder] l.log4j2 - 233. Connection opened. {executed in 2ms} 
2025-01-06 11:22:15.539 INFO  [HikariPool-9 connection adder] l.log4j2 - 233. Connection.new Connection returned 
2025-01-06 11:22:15.539 INFO  [HikariPool-9 connection adder] l.log4j2 - 233. Connection.isReadOnly() returned false
2025-01-06 11:22:15.539 INFO  [HikariPool-9 connection adder] l.log4j2 - 233. Connection.getAutoCommit() returned true
2025-01-06 11:22:15.555 INFO  [HikariPool-9 connection adder] l.log4j2 - 234. Connection opened. {executed in 4ms} 
2025-01-06 11:22:15.555 INFO  [HikariPool-9 connection adder] l.log4j2 - 234. Connection.new Connection returned 
2025-01-06 11:22:15.555 INFO  [HikariPool-9 connection adder] l.log4j2 - 234. Connection.isReadOnly() returned false
2025-01-06 11:22:15.555 INFO  [HikariPool-9 connection adder] l.log4j2 - 234. Connection.getAutoCommit() returned true
2025-01-06 11:22:15.571 INFO  [HikariPool-9 connection adder] l.log4j2 - 235. Connection opened. {executed in 4ms} 
2025-01-06 11:22:15.571 INFO  [HikariPool-9 connection adder] l.log4j2 - 235. Connection.new Connection returned 
2025-01-06 11:22:15.571 INFO  [HikariPool-9 connection adder] l.log4j2 - 235. Connection.isReadOnly() returned false
2025-01-06 11:22:15.571 INFO  [HikariPool-9 connection adder] l.log4j2 - 235. Connection.getAutoCommit() returned true
2025-01-06 11:22:15.587 INFO  [HikariPool-9 connection adder] l.log4j2 - 236. Connection opened. {executed in 4ms} 
2025-01-06 11:22:15.587 INFO  [HikariPool-9 connection adder] l.log4j2 - 236. Connection.new Connection returned 
2025-01-06 11:22:15.587 INFO  [HikariPool-9 connection adder] l.log4j2 - 236. Connection.isReadOnly() returned false
2025-01-06 11:22:15.587 INFO  [HikariPool-9 connection adder] l.log4j2 - 236. Connection.getAutoCommit() returned true
2025-01-06 11:22:15.601 INFO  [restartedMain] o.z.m.u.CustomFileUtil - -------------------------------------
2025-01-06 11:22:15.601 INFO  [restartedMain] o.z.m.u.CustomFileUtil - C:\Users\ktcs\backend\mallapi\upload
2025-01-06 11:22:15.603 INFO  [HikariPool-9 connection adder] l.log4j2 - 237. Connection opened. {executed in 3ms} 
2025-01-06 11:22:15.603 INFO  [HikariPool-9 connection adder] l.log4j2 - 237. Connection.new Connection returned 
2025-01-06 11:22:15.603 INFO  [HikariPool-9 connection adder] l.log4j2 - 237. Connection.isReadOnly() returned false
2025-01-06 11:22:15.603 INFO  [HikariPool-9 connection adder] l.log4j2 - 237. Connection.getAutoCommit() returned true
2025-01-06 11:22:15.618 INFO  [HikariPool-9 connection adder] l.log4j2 - 238. Connection opened. {executed in 4ms} 
2025-01-06 11:22:15.618 INFO  [HikariPool-9 connection adder] l.log4j2 - 238. Connection.new Connection returned 
2025-01-06 11:22:15.618 INFO  [HikariPool-9 connection adder] l.log4j2 - 238. Connection.isReadOnly() returned false
2025-01-06 11:22:15.618 INFO  [HikariPool-9 connection adder] l.log4j2 - 238. Connection.getAutoCommit() returned true
2025-01-06 11:22:15.633 INFO  [HikariPool-9 connection adder] l.log4j2 - 239. Connection opened. {executed in 3ms} 
2025-01-06 11:22:15.633 INFO  [HikariPool-9 connection adder] l.log4j2 - 239. Connection.new Connection returned 
2025-01-06 11:22:15.633 INFO  [HikariPool-9 connection adder] l.log4j2 - 239. Connection.isReadOnly() returned false
2025-01-06 11:22:15.633 INFO  [HikariPool-9 connection adder] l.log4j2 - 239. Connection.getAutoCommit() returned true
2025-01-06 11:22:15.648 INFO  [HikariPool-9 connection adder] l.log4j2 - 240. Connection opened. {executed in 3ms} 
2025-01-06 11:22:15.648 INFO  [HikariPool-9 connection adder] l.log4j2 - 240. Connection.new Connection returned 
2025-01-06 11:22:15.648 INFO  [HikariPool-9 connection adder] l.log4j2 - 240. Connection.isReadOnly() returned false
2025-01-06 11:22:15.648 INFO  [HikariPool-9 connection adder] l.log4j2 - 240. Connection.getAutoCommit() returned true
2025-01-06 11:22:15.669 WARN  [restartedMain] o.s.b.a.o.j.JpaBaseConfiguration$JpaWebConfiguration - spring.jpa.open-in-view is enabled by default. Therefore, database queries may be performed during view rendering. Explicitly configure spring.jpa.open-in-view to disable this warning
2025-01-06 11:22:15.698 INFO  [restartedMain] o.z.m.c.CustomSecurityConfig - ---------------------security config---------------------------
2025-01-06 11:22:15.719 INFO  [restartedMain] o.s.s.w.DefaultSecurityFilterChain - Will secure any request with [org.springframework.security.web.session.DisableEncodeUrlFilter@567877c5, org.springframework.security.web.context.request.async.WebAsyncManagerIntegrationFilter@6be5dc16, org.springframework.security.web.context.SecurityContextHolderFilter@21a1c78d, org.springframework.security.web.header.HeaderWriterFilter@2f9487d4, org.springframework.web.filter.CorsFilter@689be8dc, org.springframework.security.web.authentication.logout.LogoutFilter@515a44e2, org.zerock.mallapi.security.filter.JWTCheckFilter@1acfd2c4, org.springframework.security.web.authentication.UsernamePasswordAuthenticationFilter@242ad18a, org.springframework.security.web.savedrequest.RequestCacheAwareFilter@6b13c2c9, org.springframework.security.web.servletapi.SecurityContextHolderAwareRequestFilter@60b25258, org.springframework.security.web.authentication.AnonymousAuthenticationFilter@f1c4807, org.springframework.security.web.session.SessionManagementFilter@71ddf330, org.springframework.security.web.access.ExceptionTranslationFilter@6bf42199]
2025-01-06 11:22:15.919 INFO  [restartedMain] o.s.b.d.a.OptionalLiveReloadServer - LiveReload server is running on port 35729
2025-01-06 11:22:15.938 INFO  [restartedMain] o.s.b.w.e.t.TomcatWebServer - Tomcat started on port 8081 (http) with context path ''
2025-01-06 11:22:15.944 INFO  [restartedMain] o.z.m.MallapiApplication - Started MallapiApplication in 1.148 seconds (process running for 251572.567)
2025-01-06 11:22:15.946 INFO  [restartedMain] o.s.b.d.a.ConditionEvaluationDeltaLoggingListener - Condition evaluation unchanged
2025-01-06 11:22:17.389 INFO  [File Watcher] o.s.b.d.a.LocalDevToolsAutoConfiguration$RestartingClassPathChangeChangedEventListener - Restarting due to 1 class path change (1 addition, 0 deletions, 0 modifications)
2025-01-06 11:22:17.540 INFO  [Thread-35] o.s.o.j.LocalContainerEntityManagerFactoryBean - Closing JPA EntityManagerFactory for persistence unit 'default'
2025-01-06 11:22:17.540 INFO  [Thread-35] c.z.h.HikariDataSource - HikariPool-9 - Shutdown initiated...
2025-01-06 11:22:17.541 INFO  [HikariPool-9 connection closer] l.log4j2 - 231. Connection closed. {executed in 0ms} 
2025-01-06 11:22:17.541 INFO  [HikariPool-9 connection closer] l.log4j2 - 231. Connection.close() returned 
2025-01-06 11:22:17.542 INFO  [HikariPool-9 connection closer] l.log4j2 - 232. Connection closed. {executed in 1ms} 
2025-01-06 11:22:17.542 INFO  [HikariPool-9 connection closer] l.log4j2 - 232. Connection.close() returned 
2025-01-06 11:22:17.542 INFO  [HikariPool-9 connection closer] l.log4j2 - 233. Connection closed. {executed in 0ms} 
2025-01-06 11:22:17.542 INFO  [HikariPool-9 connection closer] l.log4j2 - 233. Connection.close() returned 
2025-01-06 11:22:17.542 INFO  [HikariPool-9 connection closer] l.log4j2 - 234. Connection closed. {executed in 0ms} 
2025-01-06 11:22:17.542 INFO  [HikariPool-9 connection closer] l.log4j2 - 234. Connection.close() returned 
2025-01-06 11:22:17.543 INFO  [HikariPool-9 connection closer] l.log4j2 - 235. Connection closed. {executed in 1ms} 
2025-01-06 11:22:17.543 INFO  [HikariPool-9 connection closer] l.log4j2 - 235. Connection.close() returned 
2025-01-06 11:22:17.543 INFO  [HikariPool-9 connection closer] l.log4j2 - 236. Connection closed. {executed in 0ms} 
2025-01-06 11:22:17.543 INFO  [HikariPool-9 connection closer] l.log4j2 - 236. Connection.close() returned 
2025-01-06 11:22:17.543 INFO  [HikariPool-9 connection closer] l.log4j2 - 237. Connection closed. {executed in 0ms} 
2025-01-06 11:22:17.543 INFO  [HikariPool-9 connection closer] l.log4j2 - 237. Connection.close() returned 
2025-01-06 11:22:17.543 INFO  [HikariPool-9 connection closer] l.log4j2 - 238. Connection closed. {executed in 0ms} 
2025-01-06 11:22:17.543 INFO  [HikariPool-9 connection closer] l.log4j2 - 238. Connection.close() returned 
2025-01-06 11:22:17.543 INFO  [HikariPool-9 connection closer] l.log4j2 - 239. Connection closed. {executed in 0ms} 
2025-01-06 11:22:17.543 INFO  [HikariPool-9 connection closer] l.log4j2 - 239. Connection.close() returned 
2025-01-06 11:22:17.543 INFO  [HikariPool-9 connection closer] l.log4j2 - 240. Connection closed. {executed in 0ms} 
2025-01-06 11:22:17.543 INFO  [HikariPool-9 connection closer] l.log4j2 - 240. Connection.close() returned 
2025-01-06 11:22:17.544 INFO  [Thread-35] c.z.h.HikariDataSource - HikariPool-9 - Shutdown completed.
2025-01-06 11:22:17.608 INFO  [restartedMain] o.z.m.MallapiApplication - Starting MallapiApplication using Java 17.0.12 with PID 10712 (C:\Users\ktcs\backend\mallapi\build\classes\java\main started by ktcs in C:\Users\ktcs\backend\mallapi)
2025-01-06 11:22:17.609 INFO  [restartedMain] o.z.m.MallapiApplication - No active profile set, falling back to 1 default profile: "default"
2025-01-06 11:22:18.007 INFO  [restartedMain] o.s.d.r.c.RepositoryConfigurationDelegate - Bootstrapping Spring Data JPA repositories in DEFAULT mode.
2025-01-06 11:22:18.092 INFO  [restartedMain] o.s.d.r.c.RepositoryConfigurationDelegate - Finished Spring Data repository scanning in 83 ms. Found 3 JPA repository interfaces.
2025-01-06 11:22:18.308 INFO  [restartedMain] o.s.b.w.e.t.TomcatWebServer - Tomcat initialized with port 8081 (http)
2025-01-06 11:22:18.308 INFO  [restartedMain] o.a.c.c.StandardService - Starting service [Tomcat]
2025-01-06 11:22:18.308 INFO  [restartedMain] o.a.c.c.StandardEngine - Starting Servlet engine: [Apache Tomcat/10.1.28]
2025-01-06 11:22:18.335 INFO  [restartedMain] o.a.c.c.C.[.[.[/] - Initializing Spring embedded WebApplicationContext
2025-01-06 11:22:18.336 INFO  [restartedMain] o.s.b.w.s.c.ServletWebServerApplicationContext - Root WebApplicationContext: initialization completed in 726 ms
2025-01-06 11:22:18.391 INFO  [restartedMain] o.h.j.i.u.LogHelper - HHH000204: Processing PersistenceUnitInfo [name: default]
2025-01-06 11:22:18.395 INFO  [restartedMain] o.h.c.i.RegionFactoryInitiator - HHH000026: Second-level cache disabled
2025-01-06 11:22:18.400 INFO  [restartedMain] o.s.o.j.p.SpringPersistenceUnitInfo - No LoadTimeWeaver setup: ignoring JPA class transformer
2025-01-06 11:22:18.402 INFO  [restartedMain] c.z.h.HikariDataSource - HikariPool-10 - Starting...
2025-01-06 11:22:18.405 INFO  [restartedMain] l.log4j2 - 241. Connection opened. {executed in 3ms} 
2025-01-06 11:22:18.405 INFO  [restartedMain] l.log4j2 - 241. Connection.new Connection returned 
2025-01-06 11:22:18.405 INFO  [restartedMain] l.log4j2 - 241. Connection.getNetworkTimeout() returned 0
2025-01-06 11:22:18.406 INFO  [restartedMain] l.log4j2 - 241. Connection.isReadOnly() returned false
2025-01-06 11:22:18.406 INFO  [restartedMain] l.log4j2 - 241. Connection.getAutoCommit() returned true
2025-01-06 11:22:18.406 INFO  [restartedMain] l.log4j2 - 241. Connection.isValid(1) returned true
2025-01-06 11:22:18.406 INFO  [restartedMain] l.log4j2 - 241. Connection.getTransactionIsolation() returned 4
2025-01-06 11:22:18.407 INFO  [restartedMain] c.z.h.p.HikariPool - HikariPool-10 - Added connection net.sf.log4jdbc.sql.jdbcapi.ConnectionSpy@382d522f
2025-01-06 11:22:18.407 INFO  [restartedMain] c.z.h.HikariDataSource - HikariPool-10 - Start completed.
2025-01-06 11:22:18.407 INFO  [restartedMain] l.log4j2 - 241. Connection.getMetaData() returned org.mariadb.jdbc.DatabaseMetaData@7db14c7c
2025-01-06 11:22:18.407 INFO  [restartedMain] l.log4j2 - 241. Statement.new Statement returned 
2025-01-06 11:22:18.407 INFO  [restartedMain] l.log4j2 - 241. Connection.createStatement() returned net.sf.log4jdbc.sql.jdbcapi.StatementSpy@5f6eb127
2025-01-06 11:22:18.407 INFO  [restartedMain] l.log4j2 - 241. SELECT @@character_set_database, @@sql_mode  {executed in 0 ms}
2025-01-06 11:22:18.407 INFO  [restartedMain] l.log4j2 - 241. ResultSet.new ResultSet returned 
2025-01-06 11:22:18.407 INFO  [restartedMain] l.log4j2 - 241. Statement.executeQuery(SELECT @@character_set_database, @@sql_mode) returned net.sf.log4jdbc.sql.jdbcapi.ResultSetSpy@58c89215
2025-01-06 11:22:18.407 INFO  [restartedMain] l.log4j2 - 241. ResultSet.next() returned true
2025-01-06 11:22:18.407 INFO  [restartedMain] l.log4j2 - 241. ResultSet.getString(1) returned utf8
2025-01-06 11:22:18.408 INFO  [restartedMain] l.log4j2 - 241. ResultSet.getString(2) returned IGNORE_SPACE,STRICT_TRANS_TABLES,ERROR_FOR_DIVISION_BY_ZERO,NO_AUTO_CREATE_USER,NO_ENGINE_SUBSTITUTION
2025-01-06 11:22:18.408 INFO  [restartedMain] l.log4j2 - 241. Statement.close() returned 
2025-01-06 11:22:18.408 INFO  [restartedMain] l.log4j2 - 241. Connection.getCatalog() returned malldb
2025-01-06 11:22:18.408 INFO  [restartedMain] l.log4j2 - 241. Connection.getSchema() returned null
2025-01-06 11:22:18.408 INFO  [restartedMain] l.log4j2 - 241. Connection.getSchema() returned null
2025-01-06 11:22:18.408 INFO  [restartedMain] l.log4j2 - 241. Connection.getMetaData() returned org.mariadb.jdbc.DatabaseMetaData@aa61f09
2025-01-06 11:22:18.408 INFO  [restartedMain] l.log4j2 - 241. Connection.createClob() returned 
2025-01-06 11:22:18.408 INFO  [restartedMain] l.log4j2 - 241. Connection.createNClob() returned 
2025-01-06 11:22:18.408 INFO  [restartedMain] l.log4j2 - 241. Connection.clearWarnings() returned 
2025-01-06 11:22:18.469 INFO  [restartedMain] o.h.e.t.j.p.i.JtaPlatformInitiator - HHH000489: No JTA platform available (set 'hibernate.transaction.jta.platform' to enable JTA platform integration)
2025-01-06 11:22:18.469 INFO  [restartedMain] l.log4j2 - 241. Connection.getAutoCommit() returned true
2025-01-06 11:22:18.470 INFO  [restartedMain] l.log4j2 - 241. PreparedStatement.new PreparedStatement returned 
2025-01-06 11:22:18.470 INFO  [restartedMain] l.log4j2 - 241. Connection.prepareStatement(select table_name from information_schema.TABLES where table_schema=database() and table_type='SEQUENCE') returned net.sf.log4jdbc.sql.jdbcapi.PreparedStatementSpy@4ad6ee13
2025-01-06 11:22:18.470 INFO  [restartedMain] l.log4j2 - 241. select table_name from information_schema.TABLES where table_schema=database() and table_type='SEQUENCE'  {executed in 0 ms}
2025-01-06 11:22:18.471 INFO  [restartedMain] l.log4j2 - 241. ResultSet.new ResultSet returned 
2025-01-06 11:22:18.471 INFO  [restartedMain] l.log4j2 - 241. PreparedStatement.executeQuery() returned net.sf.log4jdbc.sql.jdbcapi.ResultSetSpy@475be53a
2025-01-06 11:22:18.471 INFO  [restartedMain] l.log4j2 - 
|-----------|
|table_name |
|-----------|
|-----------|

2025-01-06 11:22:18.471 INFO  [restartedMain] l.log4j2 - 241. ResultSet.next() returned false
2025-01-06 11:22:18.471 INFO  [restartedMain] l.log4j2 - 241. ResultSet.close() returned void
2025-01-06 11:22:18.471 INFO  [restartedMain] l.log4j2 - 241. PreparedStatement.close() returned 
2025-01-06 11:22:18.471 INFO  [restartedMain] l.log4j2 - 241. Connection.getMetaData() returned org.mariadb.jdbc.DatabaseMetaData@1e26b8dd
2025-01-06 11:22:18.492 INFO  [restartedMain] l.log4j2 - 241. PreparedStatement.new PreparedStatement returned 
2025-01-06 11:22:18.492 INFO  [restartedMain] l.log4j2 - 241. Connection.prepareStatement(select * from `malldb`.`member` where 1=0) returned net.sf.log4jdbc.sql.jdbcapi.PreparedStatementSpy@19221086
2025-01-06 11:22:18.492 INFO  [restartedMain] l.log4j2 - 241. select * from `malldb`.`member` where 1=0  {executed in 0 ms}
2025-01-06 11:22:18.492 INFO  [restartedMain] l.log4j2 - 241. ResultSet.new ResultSet returned 
2025-01-06 11:22:18.492 INFO  [restartedMain] l.log4j2 - 241. PreparedStatement.executeQuery() returned net.sf.log4jdbc.sql.jdbcapi.ResultSetSpy@14844ad
2025-01-06 11:22:18.492 INFO  [restartedMain] l.log4j2 - 241. ResultSet.getMetaData() returned org.mariadb.jdbc.client.result.ResultSetMetaData@2a83e409
2025-01-06 11:22:18.492 INFO  [restartedMain] l.log4j2 - 
|------|---------|---|-------|
|email |nickname |pw |social |
|------|---------|---|-------|
|------|---------|---|-------|

2025-01-06 11:22:18.492 INFO  [restartedMain] l.log4j2 - 241. ResultSet.close() returned void
2025-01-06 11:22:18.492 INFO  [restartedMain] l.log4j2 - 241. PreparedStatement.close() returned 
2025-01-06 11:22:18.494 INFO  [restartedMain] l.log4j2 - 241. PreparedStatement.new PreparedStatement returned 
2025-01-06 11:22:18.494 INFO  [restartedMain] l.log4j2 - 241. Connection.prepareStatement(select * from `malldb`.`tbl_product` where 1=0) returned net.sf.log4jdbc.sql.jdbcapi.PreparedStatementSpy@99c41a9
2025-01-06 11:22:18.495 INFO  [restartedMain] l.log4j2 - 241. select * from `malldb`.`tbl_product` where 1=0  {executed in 1 ms}
2025-01-06 11:22:18.495 INFO  [restartedMain] l.log4j2 - 241. ResultSet.new ResultSet returned 
2025-01-06 11:22:18.495 INFO  [restartedMain] l.log4j2 - 241. PreparedStatement.executeQuery() returned net.sf.log4jdbc.sql.jdbcapi.ResultSetSpy@4a32011b
2025-01-06 11:22:18.495 INFO  [restartedMain] l.log4j2 - 241. ResultSet.getMetaData() returned org.mariadb.jdbc.client.result.ResultSetMetaData@7f2417f8
2025-01-06 11:22:18.495 INFO  [restartedMain] l.log4j2 - 
|----|---------|------|------|------|
|pno |del_flag |pdesc |pname |price |
|----|---------|------|------|------|
|----|---------|------|------|------|

2025-01-06 11:22:18.495 INFO  [restartedMain] l.log4j2 - 241. ResultSet.close() returned void
2025-01-06 11:22:18.495 INFO  [restartedMain] l.log4j2 - 241. PreparedStatement.close() returned 
2025-01-06 11:22:18.495 INFO  [restartedMain] l.log4j2 - 241. Connection.clearWarnings() returned 
2025-01-06 11:22:18.496 INFO  [restartedMain] o.s.o.j.LocalContainerEntityManagerFactoryBean - Initialized JPA EntityManagerFactory for persistence unit 'default'
2025-01-06 11:22:18.513 INFO  [HikariPool-10 connection adder] l.log4j2 - 242. Connection opened. {executed in 3ms} 
2025-01-06 11:22:18.513 INFO  [HikariPool-10 connection adder] l.log4j2 - 242. Connection.new Connection returned 
2025-01-06 11:22:18.513 INFO  [HikariPool-10 connection adder] l.log4j2 - 242. Connection.isReadOnly() returned false
2025-01-06 11:22:18.513 INFO  [HikariPool-10 connection adder] l.log4j2 - 242. Connection.getAutoCommit() returned true
2025-01-06 11:22:18.529 INFO  [HikariPool-10 connection adder] l.log4j2 - 243. Connection opened. {executed in 3ms} 
2025-01-06 11:22:18.529 INFO  [HikariPool-10 connection adder] l.log4j2 - 243. Connection.new Connection returned 
2025-01-06 11:22:18.529 INFO  [HikariPool-10 connection adder] l.log4j2 - 243. Connection.isReadOnly() returned false
2025-01-06 11:22:18.529 INFO  [HikariPool-10 connection adder] l.log4j2 - 243. Connection.getAutoCommit() returned true
2025-01-06 11:22:18.543 INFO  [HikariPool-10 connection adder] l.log4j2 - 244. Connection opened. {executed in 2ms} 
2025-01-06 11:22:18.543 INFO  [HikariPool-10 connection adder] l.log4j2 - 244. Connection.new Connection returned 
2025-01-06 11:22:18.543 INFO  [HikariPool-10 connection adder] l.log4j2 - 244. Connection.isReadOnly() returned false
2025-01-06 11:22:18.543 INFO  [HikariPool-10 connection adder] l.log4j2 - 244. Connection.getAutoCommit() returned true
2025-01-06 11:22:18.559 INFO  [HikariPool-10 connection adder] l.log4j2 - 245. Connection opened. {executed in 2ms} 
2025-01-06 11:22:18.559 INFO  [HikariPool-10 connection adder] l.log4j2 - 245. Connection.new Connection returned 
2025-01-06 11:22:18.559 INFO  [HikariPool-10 connection adder] l.log4j2 - 245. Connection.isReadOnly() returned false
2025-01-06 11:22:18.559 INFO  [HikariPool-10 connection adder] l.log4j2 - 245. Connection.getAutoCommit() returned true
2025-01-06 11:22:18.567 INFO  [restartedMain] o.z.m.u.CustomFileUtil - -------------------------------------
2025-01-06 11:22:18.568 INFO  [restartedMain] o.z.m.u.CustomFileUtil - C:\Users\ktcs\backend\mallapi\upload
2025-01-06 11:22:18.575 INFO  [HikariPool-10 connection adder] l.log4j2 - 246. Connection opened. {executed in 3ms} 
2025-01-06 11:22:18.575 INFO  [HikariPool-10 connection adder] l.log4j2 - 246. Connection.new Connection returned 
2025-01-06 11:22:18.575 INFO  [HikariPool-10 connection adder] l.log4j2 - 246. Connection.isReadOnly() returned false
2025-01-06 11:22:18.575 INFO  [HikariPool-10 connection adder] l.log4j2 - 246. Connection.getAutoCommit() returned true
2025-01-06 11:22:18.593 INFO  [HikariPool-10 connection adder] l.log4j2 - 247. Connection opened. {executed in 5ms} 
2025-01-06 11:22:18.593 INFO  [HikariPool-10 connection adder] l.log4j2 - 247. Connection.new Connection returned 
2025-01-06 11:22:18.593 INFO  [HikariPool-10 connection adder] l.log4j2 - 247. Connection.isReadOnly() returned false
2025-01-06 11:22:18.593 INFO  [HikariPool-10 connection adder] l.log4j2 - 247. Connection.getAutoCommit() returned true
2025-01-06 11:22:18.608 INFO  [HikariPool-10 connection adder] l.log4j2 - 248. Connection opened. {executed in 4ms} 
2025-01-06 11:22:18.608 INFO  [HikariPool-10 connection adder] l.log4j2 - 248. Connection.new Connection returned 
2025-01-06 11:22:18.608 INFO  [HikariPool-10 connection adder] l.log4j2 - 248. Connection.isReadOnly() returned false
2025-01-06 11:22:18.609 INFO  [HikariPool-10 connection adder] l.log4j2 - 248. Connection.getAutoCommit() returned true
2025-01-06 11:22:18.625 INFO  [HikariPool-10 connection adder] l.log4j2 - 249. Connection opened. {executed in 3ms} 
2025-01-06 11:22:18.625 INFO  [HikariPool-10 connection adder] l.log4j2 - 249. Connection.new Connection returned 
2025-01-06 11:22:18.625 INFO  [HikariPool-10 connection adder] l.log4j2 - 249. Connection.isReadOnly() returned false
2025-01-06 11:22:18.626 INFO  [HikariPool-10 connection adder] l.log4j2 - 249. Connection.getAutoCommit() returned true
2025-01-06 11:22:18.639 WARN  [restartedMain] o.s.b.a.o.j.JpaBaseConfiguration$JpaWebConfiguration - spring.jpa.open-in-view is enabled by default. Therefore, database queries may be performed during view rendering. Explicitly configure spring.jpa.open-in-view to disable this warning
2025-01-06 11:22:18.641 INFO  [HikariPool-10 connection adder] l.log4j2 - 250. Connection opened. {executed in 3ms} 
2025-01-06 11:22:18.641 INFO  [HikariPool-10 connection adder] l.log4j2 - 250. Connection.new Connection returned 
2025-01-06 11:22:18.641 INFO  [HikariPool-10 connection adder] l.log4j2 - 250. Connection.isReadOnly() returned false
2025-01-06 11:22:18.641 INFO  [HikariPool-10 connection adder] l.log4j2 - 250. Connection.getAutoCommit() returned true
2025-01-06 11:22:18.669 INFO  [restartedMain] o.z.m.c.CustomSecurityConfig - ---------------------security config---------------------------
2025-01-06 11:22:18.703 INFO  [restartedMain] o.s.s.w.DefaultSecurityFilterChain - Will secure any request with [org.springframework.security.web.session.DisableEncodeUrlFilter@5f4600f6, org.springframework.security.web.context.request.async.WebAsyncManagerIntegrationFilter@44e63777, org.springframework.security.web.context.SecurityContextHolderFilter@5ba41197, org.springframework.security.web.header.HeaderWriterFilter@978f58c, org.springframework.web.filter.CorsFilter@38c3175a, org.springframework.security.web.authentication.logout.LogoutFilter@4357e1d0, org.zerock.mallapi.security.filter.JWTCheckFilter@31079e57, org.springframework.security.web.authentication.UsernamePasswordAuthenticationFilter@32d76346, org.springframework.security.web.savedrequest.RequestCacheAwareFilter@1f6dd397, org.springframework.security.web.servletapi.SecurityContextHolderAwareRequestFilter@51779163, org.springframework.security.web.authentication.AnonymousAuthenticationFilter@5ea97931, org.springframework.security.web.session.SessionManagementFilter@2fe8de45, org.springframework.security.web.access.ExceptionTranslationFilter@2a8d4a0]
2025-01-06 11:22:18.902 INFO  [restartedMain] o.s.b.d.a.OptionalLiveReloadServer - LiveReload server is running on port 35729
2025-01-06 11:22:18.923 INFO  [restartedMain] o.s.b.w.e.t.TomcatWebServer - Tomcat started on port 8081 (http) with context path ''
2025-01-06 11:22:18.928 INFO  [restartedMain] o.z.m.MallapiApplication - Started MallapiApplication in 1.344 seconds (process running for 251575.552)
2025-01-06 11:22:18.929 INFO  [restartedMain] o.s.b.d.a.ConditionEvaluationDeltaLoggingListener - Condition evaluation unchanged
2025-01-06 11:22:21.414 INFO  [File Watcher] o.s.b.d.a.LocalDevToolsAutoConfiguration$RestartingClassPathChangeChangedEventListener - Restarting due to 1 class path change (0 additions, 1 deletion, 0 modifications)
2025-01-06 11:22:21.613 INFO  [Thread-39] o.s.o.j.LocalContainerEntityManagerFactoryBean - Closing JPA EntityManagerFactory for persistence unit 'default'
2025-01-06 11:22:21.614 INFO  [Thread-39] c.z.h.HikariDataSource - HikariPool-10 - Shutdown initiated...
2025-01-06 11:22:21.615 INFO  [HikariPool-10 connection closer] l.log4j2 - 241. Connection closed. {executed in 1ms} 
2025-01-06 11:22:21.615 INFO  [HikariPool-10 connection closer] l.log4j2 - 241. Connection.close() returned 
2025-01-06 11:22:21.615 INFO  [HikariPool-10 connection closer] l.log4j2 - 242. Connection closed. {executed in 0ms} 
2025-01-06 11:22:21.615 INFO  [HikariPool-10 connection closer] l.log4j2 - 242. Connection.close() returned 
2025-01-06 11:22:21.615 INFO  [HikariPool-10 connection closer] l.log4j2 - 243. Connection closed. {executed in 0ms} 
2025-01-06 11:22:21.615 INFO  [HikariPool-10 connection closer] l.log4j2 - 243. Connection.close() returned 
2025-01-06 11:22:21.615 INFO  [HikariPool-10 connection closer] l.log4j2 - 244. Connection closed. {executed in 0ms} 
2025-01-06 11:22:21.615 INFO  [HikariPool-10 connection closer] l.log4j2 - 244. Connection.close() returned 
2025-01-06 11:22:21.615 INFO  [HikariPool-10 connection closer] l.log4j2 - 245. Connection closed. {executed in 0ms} 
2025-01-06 11:22:21.615 INFO  [HikariPool-10 connection closer] l.log4j2 - 245. Connection.close() returned 
2025-01-06 11:22:21.616 INFO  [HikariPool-10 connection closer] l.log4j2 - 246. Connection closed. {executed in 1ms} 
2025-01-06 11:22:21.616 INFO  [HikariPool-10 connection closer] l.log4j2 - 246. Connection.close() returned 
2025-01-06 11:22:21.616 INFO  [HikariPool-10 connection closer] l.log4j2 - 247. Connection closed. {executed in 0ms} 
2025-01-06 11:22:21.616 INFO  [HikariPool-10 connection closer] l.log4j2 - 247. Connection.close() returned 
2025-01-06 11:22:21.616 INFO  [HikariPool-10 connection closer] l.log4j2 - 248. Connection closed. {executed in 0ms} 
2025-01-06 11:22:21.616 INFO  [HikariPool-10 connection closer] l.log4j2 - 248. Connection.close() returned 
2025-01-06 11:22:21.616 INFO  [HikariPool-10 connection closer] l.log4j2 - 249. Connection closed. {executed in 0ms} 
2025-01-06 11:22:21.616 INFO  [HikariPool-10 connection closer] l.log4j2 - 249. Connection.close() returned 
2025-01-06 11:22:21.617 INFO  [HikariPool-10 connection closer] l.log4j2 - 250. Connection closed. {executed in 0ms} 
2025-01-06 11:22:21.617 INFO  [HikariPool-10 connection closer] l.log4j2 - 250. Connection.close() returned 
2025-01-06 11:22:21.617 INFO  [Thread-39] c.z.h.HikariDataSource - HikariPool-10 - Shutdown completed.
2025-01-06 11:22:21.689 INFO  [restartedMain] o.z.m.MallapiApplication - Starting MallapiApplication using Java 17.0.12 with PID 10712 (C:\Users\ktcs\backend\mallapi\build\classes\java\main started by ktcs in C:\Users\ktcs\backend\mallapi)
2025-01-06 11:22:21.690 INFO  [restartedMain] o.z.m.MallapiApplication - No active profile set, falling back to 1 default profile: "default"
2025-01-06 11:22:21.869 INFO  [restartedMain] o.s.d.r.c.RepositoryConfigurationDelegate - Bootstrapping Spring Data JPA repositories in DEFAULT mode.
2025-01-06 11:22:21.899 INFO  [restartedMain] o.s.d.r.c.RepositoryConfigurationDelegate - Finished Spring Data repository scanning in 29 ms. Found 3 JPA repository interfaces.
2025-01-06 11:22:22.028 INFO  [restartedMain] o.s.b.w.e.t.TomcatWebServer - Tomcat initialized with port 8081 (http)
2025-01-06 11:22:22.030 INFO  [restartedMain] o.a.c.c.StandardService - Starting service [Tomcat]
2025-01-06 11:22:22.030 INFO  [restartedMain] o.a.c.c.StandardEngine - Starting Servlet engine: [Apache Tomcat/10.1.28]
2025-01-06 11:22:22.065 INFO  [restartedMain] o.a.c.c.C.[.[.[/] - Initializing Spring embedded WebApplicationContext
2025-01-06 11:22:22.065 INFO  [restartedMain] o.s.b.w.s.c.ServletWebServerApplicationContext - Root WebApplicationContext: initialization completed in 374 ms
2025-01-06 11:22:22.115 INFO  [restartedMain] o.h.j.i.u.LogHelper - HHH000204: Processing PersistenceUnitInfo [name: default]
2025-01-06 11:22:22.121 INFO  [restartedMain] o.h.c.i.RegionFactoryInitiator - HHH000026: Second-level cache disabled
2025-01-06 11:22:22.131 INFO  [restartedMain] o.s.o.j.p.SpringPersistenceUnitInfo - No LoadTimeWeaver setup: ignoring JPA class transformer
2025-01-06 11:22:22.132 INFO  [restartedMain] c.z.h.HikariDataSource - HikariPool-11 - Starting...
2025-01-06 11:22:22.135 INFO  [restartedMain] l.log4j2 - 251. Connection opened. {executed in 3ms} 
2025-01-06 11:22:22.135 INFO  [restartedMain] l.log4j2 - 251. Connection.new Connection returned 
2025-01-06 11:22:22.135 INFO  [restartedMain] l.log4j2 - 251. Connection.getNetworkTimeout() returned 0
2025-01-06 11:22:22.135 INFO  [restartedMain] l.log4j2 - 251. Connection.isReadOnly() returned false
2025-01-06 11:22:22.135 INFO  [restartedMain] l.log4j2 - 251. Connection.getAutoCommit() returned true
2025-01-06 11:22:22.135 INFO  [restartedMain] l.log4j2 - 251. Connection.isValid(1) returned true
2025-01-06 11:22:22.137 INFO  [restartedMain] l.log4j2 - 251. Connection.getTransactionIsolation() returned 4
2025-01-06 11:22:22.137 INFO  [restartedMain] c.z.h.p.HikariPool - HikariPool-11 - Added connection net.sf.log4jdbc.sql.jdbcapi.ConnectionSpy@4d7fe230
2025-01-06 11:22:22.137 INFO  [restartedMain] c.z.h.HikariDataSource - HikariPool-11 - Start completed.
2025-01-06 11:22:22.137 INFO  [restartedMain] l.log4j2 - 251. Connection.getMetaData() returned org.mariadb.jdbc.DatabaseMetaData@9af6f8f
2025-01-06 11:22:22.137 INFO  [restartedMain] l.log4j2 - 251. Statement.new Statement returned 
2025-01-06 11:22:22.137 INFO  [restartedMain] l.log4j2 - 251. Connection.createStatement() returned net.sf.log4jdbc.sql.jdbcapi.StatementSpy@644329c6
2025-01-06 11:22:22.138 INFO  [restartedMain] l.log4j2 - 251. SELECT @@character_set_database, @@sql_mode  {executed in 1 ms}
2025-01-06 11:22:22.138 INFO  [restartedMain] l.log4j2 - 251. ResultSet.new ResultSet returned 
2025-01-06 11:22:22.138 INFO  [restartedMain] l.log4j2 - 251. Statement.executeQuery(SELECT @@character_set_database, @@sql_mode) returned net.sf.log4jdbc.sql.jdbcapi.ResultSetSpy@28a7cbfd
2025-01-06 11:22:22.138 INFO  [restartedMain] l.log4j2 - 251. ResultSet.next() returned true
2025-01-06 11:22:22.138 INFO  [restartedMain] l.log4j2 - 251. ResultSet.getString(1) returned utf8
2025-01-06 11:22:22.138 INFO  [restartedMain] l.log4j2 - 251. ResultSet.getString(2) returned IGNORE_SPACE,STRICT_TRANS_TABLES,ERROR_FOR_DIVISION_BY_ZERO,NO_AUTO_CREATE_USER,NO_ENGINE_SUBSTITUTION
2025-01-06 11:22:22.138 INFO  [restartedMain] l.log4j2 - 251. Statement.close() returned 
2025-01-06 11:22:22.139 INFO  [restartedMain] l.log4j2 - 251. Connection.getCatalog() returned malldb
2025-01-06 11:22:22.139 INFO  [restartedMain] l.log4j2 - 251. Connection.getSchema() returned null
2025-01-06 11:22:22.139 INFO  [restartedMain] l.log4j2 - 251. Connection.getSchema() returned null
2025-01-06 11:22:22.139 INFO  [restartedMain] l.log4j2 - 251. Connection.getMetaData() returned org.mariadb.jdbc.DatabaseMetaData@1afbd2bb
2025-01-06 11:22:22.139 INFO  [restartedMain] l.log4j2 - 251. Connection.createClob() returned 
2025-01-06 11:22:22.139 INFO  [restartedMain] l.log4j2 - 251. Connection.createNClob() returned 
2025-01-06 11:22:22.139 INFO  [restartedMain] l.log4j2 - 251. Connection.clearWarnings() returned 
2025-01-06 11:22:22.239 INFO  [restartedMain] o.h.e.t.j.p.i.JtaPlatformInitiator - HHH000489: No JTA platform available (set 'hibernate.transaction.jta.platform' to enable JTA platform integration)
2025-01-06 11:22:22.241 INFO  [restartedMain] l.log4j2 - 251. Connection.getAutoCommit() returned true
2025-01-06 11:22:22.241 INFO  [restartedMain] l.log4j2 - 251. PreparedStatement.new PreparedStatement returned 
2025-01-06 11:22:22.241 INFO  [restartedMain] l.log4j2 - 251. Connection.prepareStatement(select table_name from information_schema.TABLES where table_schema=database() and table_type='SEQUENCE') returned net.sf.log4jdbc.sql.jdbcapi.PreparedStatementSpy@3938a1f7
2025-01-06 11:22:22.244 INFO  [HikariPool-11 connection adder] l.log4j2 - 252. Connection opened. {executed in 7ms} 
2025-01-06 11:22:22.244 INFO  [restartedMain] l.log4j2 - 251. select table_name from information_schema.TABLES where table_schema=database() and table_type='SEQUENCE'  {executed in 2 ms}
2025-01-06 11:22:22.244 INFO  [HikariPool-11 connection adder] l.log4j2 - 252. Connection.new Connection returned 
2025-01-06 11:22:22.244 INFO  [HikariPool-11 connection adder] l.log4j2 - 252. Connection.isReadOnly() returned false
2025-01-06 11:22:22.244 INFO  [HikariPool-11 connection adder] l.log4j2 - 252. Connection.getAutoCommit() returned true
2025-01-06 11:22:22.244 INFO  [restartedMain] l.log4j2 - 251. ResultSet.new ResultSet returned 
2025-01-06 11:22:22.244 INFO  [restartedMain] l.log4j2 - 251. PreparedStatement.executeQuery() returned net.sf.log4jdbc.sql.jdbcapi.ResultSetSpy@14699add
2025-01-06 11:22:22.244 INFO  [restartedMain] l.log4j2 - 
|-----------|
|table_name |
|-----------|
|-----------|

2025-01-06 11:22:22.244 INFO  [restartedMain] l.log4j2 - 251. ResultSet.next() returned false
2025-01-06 11:22:22.244 INFO  [restartedMain] l.log4j2 - 251. ResultSet.close() returned void
2025-01-06 11:22:22.244 INFO  [restartedMain] l.log4j2 - 251. PreparedStatement.close() returned 
2025-01-06 11:22:22.245 INFO  [restartedMain] l.log4j2 - 251. Connection.getMetaData() returned org.mariadb.jdbc.DatabaseMetaData@5e4d1756
2025-01-06 11:22:22.271 INFO  [HikariPool-11 connection adder] l.log4j2 - 253. Connection opened. {executed in 3ms} 
2025-01-06 11:22:22.271 INFO  [HikariPool-11 connection adder] l.log4j2 - 253. Connection.new Connection returned 
2025-01-06 11:22:22.272 INFO  [HikariPool-11 connection adder] l.log4j2 - 253. Connection.isReadOnly() returned false
2025-01-06 11:22:22.272 INFO  [HikariPool-11 connection adder] l.log4j2 - 253. Connection.getAutoCommit() returned true
2025-01-06 11:22:22.283 INFO  [restartedMain] l.log4j2 - 251. PreparedStatement.new PreparedStatement returned 
2025-01-06 11:22:22.284 INFO  [restartedMain] l.log4j2 - 251. Connection.prepareStatement(select * from `malldb`.`member` where 1=0) returned net.sf.log4jdbc.sql.jdbcapi.PreparedStatementSpy@569129b1
2025-01-06 11:22:22.284 INFO  [restartedMain] l.log4j2 - 251. select * from `malldb`.`member` where 1=0  {executed in 0 ms}
2025-01-06 11:22:22.284 INFO  [restartedMain] l.log4j2 - 251. ResultSet.new ResultSet returned 
2025-01-06 11:22:22.284 INFO  [restartedMain] l.log4j2 - 251. PreparedStatement.executeQuery() returned net.sf.log4jdbc.sql.jdbcapi.ResultSetSpy@ef6eecc
2025-01-06 11:22:22.284 INFO  [restartedMain] l.log4j2 - 251. ResultSet.getMetaData() returned org.mariadb.jdbc.client.result.ResultSetMetaData@3837afe3
2025-01-06 11:22:22.285 INFO  [restartedMain] l.log4j2 - 
|------|---------|---|-------|
|email |nickname |pw |social |
|------|---------|---|-------|
|------|---------|---|-------|

2025-01-06 11:22:22.285 INFO  [restartedMain] l.log4j2 - 251. ResultSet.close() returned void
2025-01-06 11:22:22.285 INFO  [restartedMain] l.log4j2 - 251. PreparedStatement.close() returned 
2025-01-06 11:22:22.286 INFO  [HikariPool-11 connection adder] l.log4j2 - 254. Connection opened. {executed in 2ms} 
2025-01-06 11:22:22.286 INFO  [HikariPool-11 connection adder] l.log4j2 - 254. Connection.new Connection returned 
2025-01-06 11:22:22.286 INFO  [HikariPool-11 connection adder] l.log4j2 - 254. Connection.isReadOnly() returned false
2025-01-06 11:22:22.286 INFO  [HikariPool-11 connection adder] l.log4j2 - 254. Connection.getAutoCommit() returned true
2025-01-06 11:22:22.287 INFO  [restartedMain] l.log4j2 - 251. PreparedStatement.new PreparedStatement returned 
2025-01-06 11:22:22.287 INFO  [restartedMain] l.log4j2 - 251. Connection.prepareStatement(select * from `malldb`.`tbl_product` where 1=0) returned net.sf.log4jdbc.sql.jdbcapi.PreparedStatementSpy@1d042593
2025-01-06 11:22:22.287 INFO  [restartedMain] l.log4j2 - 251. select * from `malldb`.`tbl_product` where 1=0  {executed in 0 ms}
2025-01-06 11:22:22.287 INFO  [restartedMain] l.log4j2 - 251. ResultSet.new ResultSet returned 
2025-01-06 11:22:22.287 INFO  [restartedMain] l.log4j2 - 251. PreparedStatement.executeQuery() returned net.sf.log4jdbc.sql.jdbcapi.ResultSetSpy@24bd3871
2025-01-06 11:22:22.287 INFO  [restartedMain] l.log4j2 - 251. ResultSet.getMetaData() returned org.mariadb.jdbc.client.result.ResultSetMetaData@21f0d3b2
2025-01-06 11:22:22.287 INFO  [restartedMain] l.log4j2 - 
|----|---------|------|------|------|
|pno |del_flag |pdesc |pname |price |
|----|---------|------|------|------|
|----|---------|------|------|------|

2025-01-06 11:22:22.287 INFO  [restartedMain] l.log4j2 - 251. ResultSet.close() returned void
2025-01-06 11:22:22.287 INFO  [restartedMain] l.log4j2 - 251. PreparedStatement.close() returned 
2025-01-06 11:22:22.287 INFO  [restartedMain] l.log4j2 - 251. Connection.clearWarnings() returned 
2025-01-06 11:22:22.289 INFO  [restartedMain] o.s.o.j.LocalContainerEntityManagerFactoryBean - Initialized JPA EntityManagerFactory for persistence unit 'default'
2025-01-06 11:22:22.302 INFO  [HikariPool-11 connection adder] l.log4j2 - 255. Connection opened. {executed in 5ms} 
2025-01-06 11:22:22.302 INFO  [HikariPool-11 connection adder] l.log4j2 - 255. Connection.new Connection returned 
2025-01-06 11:22:22.302 INFO  [HikariPool-11 connection adder] l.log4j2 - 255. Connection.isReadOnly() returned false
2025-01-06 11:22:22.302 INFO  [HikariPool-11 connection adder] l.log4j2 - 255. Connection.getAutoCommit() returned true
2025-01-06 11:22:22.321 INFO  [HikariPool-11 connection adder] l.log4j2 - 256. Connection opened. {executed in 3ms} 
2025-01-06 11:22:22.321 INFO  [HikariPool-11 connection adder] l.log4j2 - 256. Connection.new Connection returned 
2025-01-06 11:22:22.321 INFO  [HikariPool-11 connection adder] l.log4j2 - 256. Connection.isReadOnly() returned false
2025-01-06 11:22:22.321 INFO  [HikariPool-11 connection adder] l.log4j2 - 256. Connection.getAutoCommit() returned true
2025-01-06 11:22:22.337 INFO  [HikariPool-11 connection adder] l.log4j2 - 257. Connection opened. {executed in 3ms} 
2025-01-06 11:22:22.337 INFO  [HikariPool-11 connection adder] l.log4j2 - 257. Connection.new Connection returned 
2025-01-06 11:22:22.337 INFO  [HikariPool-11 connection adder] l.log4j2 - 257. Connection.isReadOnly() returned false
2025-01-06 11:22:22.338 INFO  [HikariPool-11 connection adder] l.log4j2 - 257. Connection.getAutoCommit() returned true
2025-01-06 11:22:22.353 INFO  [HikariPool-11 connection adder] l.log4j2 - 258. Connection opened. {executed in 3ms} 
2025-01-06 11:22:22.353 INFO  [HikariPool-11 connection adder] l.log4j2 - 258. Connection.new Connection returned 
2025-01-06 11:22:22.353 INFO  [HikariPool-11 connection adder] l.log4j2 - 258. Connection.isReadOnly() returned false
2025-01-06 11:22:22.353 INFO  [HikariPool-11 connection adder] l.log4j2 - 258. Connection.getAutoCommit() returned true
2025-01-06 11:22:22.380 INFO  [HikariPool-11 connection adder] l.log4j2 - 259. Connection opened. {executed in 3ms} 
2025-01-06 11:22:22.380 INFO  [HikariPool-11 connection adder] l.log4j2 - 259. Connection.new Connection returned 
2025-01-06 11:22:22.381 INFO  [HikariPool-11 connection adder] l.log4j2 - 259. Connection.isReadOnly() returned false
2025-01-06 11:22:22.381 INFO  [HikariPool-11 connection adder] l.log4j2 - 259. Connection.getAutoCommit() returned true
2025-01-06 11:22:22.390 INFO  [restartedMain] o.z.m.u.CustomFileUtil - -------------------------------------
2025-01-06 11:22:22.391 INFO  [restartedMain] o.z.m.u.CustomFileUtil - C:\Users\ktcs\backend\mallapi\upload
2025-01-06 11:22:22.396 INFO  [HikariPool-11 connection adder] l.log4j2 - 260. Connection opened. {executed in 3ms} 
2025-01-06 11:22:22.396 INFO  [HikariPool-11 connection adder] l.log4j2 - 260. Connection.new Connection returned 
2025-01-06 11:22:22.396 INFO  [HikariPool-11 connection adder] l.log4j2 - 260. Connection.isReadOnly() returned false
2025-01-06 11:22:22.396 INFO  [HikariPool-11 connection adder] l.log4j2 - 260. Connection.getAutoCommit() returned true
2025-01-06 11:22:22.456 WARN  [restartedMain] o.s.b.a.o.j.JpaBaseConfiguration$JpaWebConfiguration - spring.jpa.open-in-view is enabled by default. Therefore, database queries may be performed during view rendering. Explicitly configure spring.jpa.open-in-view to disable this warning
2025-01-06 11:22:22.495 INFO  [restartedMain] o.z.m.c.CustomSecurityConfig - ---------------------security config---------------------------
2025-01-06 11:22:22.565 INFO  [restartedMain] o.s.s.w.DefaultSecurityFilterChain - Will secure any request with [org.springframework.security.web.session.DisableEncodeUrlFilter@6a5b5df2, org.springframework.security.web.context.request.async.WebAsyncManagerIntegrationFilter@482ac1ba, org.springframework.security.web.context.SecurityContextHolderFilter@6c131f61, org.springframework.security.web.header.HeaderWriterFilter@30f5b93e, org.springframework.web.filter.CorsFilter@79a7f814, org.springframework.security.web.authentication.logout.LogoutFilter@7c19a4b7, org.zerock.mallapi.security.filter.JWTCheckFilter@175e8a05, org.springframework.security.web.authentication.UsernamePasswordAuthenticationFilter@620192cf, org.springframework.security.web.savedrequest.RequestCacheAwareFilter@5ef81fc4, org.springframework.security.web.servletapi.SecurityContextHolderAwareRequestFilter@4359716c, org.springframework.security.web.authentication.AnonymousAuthenticationFilter@27daf1d1, org.springframework.security.web.session.SessionManagementFilter@6eb4a462, org.springframework.security.web.access.ExceptionTranslationFilter@443edce3]
2025-01-06 11:22:22.771 INFO  [restartedMain] o.s.b.d.a.OptionalLiveReloadServer - LiveReload server is running on port 35729
2025-01-06 11:22:22.785 INFO  [restartedMain] o.s.b.w.e.t.TomcatWebServer - Tomcat started on port 8081 (http) with context path ''
2025-01-06 11:22:22.789 INFO  [restartedMain] o.z.m.MallapiApplication - Started MallapiApplication in 1.12 seconds (process running for 251579.412)
2025-01-06 11:22:22.790 INFO  [restartedMain] o.s.b.d.a.ConditionEvaluationDeltaLoggingListener - Condition evaluation unchanged
2025-01-06 11:22:24.213 INFO  [File Watcher] o.s.b.d.a.LocalDevToolsAutoConfiguration$RestartingClassPathChangeChangedEventListener - Restarting due to 1 class path change (1 addition, 0 deletions, 0 modifications)
2025-01-06 11:22:24.359 INFO  [Thread-43] o.s.o.j.LocalContainerEntityManagerFactoryBean - Closing JPA EntityManagerFactory for persistence unit 'default'
2025-01-06 11:22:24.359 INFO  [Thread-43] c.z.h.HikariDataSource - HikariPool-11 - Shutdown initiated...
2025-01-06 11:22:24.360 INFO  [HikariPool-11 connection closer] l.log4j2 - 251. Connection closed. {executed in 0ms} 
2025-01-06 11:22:24.360 INFO  [HikariPool-11 connection closer] l.log4j2 - 251. Connection.close() returned 
2025-01-06 11:22:24.360 INFO  [HikariPool-11 connection closer] l.log4j2 - 252. Connection closed. {executed in 0ms} 
2025-01-06 11:22:24.360 INFO  [HikariPool-11 connection closer] l.log4j2 - 252. Connection.close() returned 
2025-01-06 11:22:24.361 INFO  [HikariPool-11 connection closer] l.log4j2 - 253. Connection closed. {executed in 1ms} 
2025-01-06 11:22:24.361 INFO  [HikariPool-11 connection closer] l.log4j2 - 253. Connection.close() returned 
2025-01-06 11:22:24.361 INFO  [HikariPool-11 connection closer] l.log4j2 - 254. Connection closed. {executed in 0ms} 
2025-01-06 11:22:24.361 INFO  [HikariPool-11 connection closer] l.log4j2 - 254. Connection.close() returned 
2025-01-06 11:22:24.361 INFO  [HikariPool-11 connection closer] l.log4j2 - 255. Connection closed. {executed in 0ms} 
2025-01-06 11:22:24.361 INFO  [HikariPool-11 connection closer] l.log4j2 - 255. Connection.close() returned 
2025-01-06 11:22:24.361 INFO  [HikariPool-11 connection closer] l.log4j2 - 256. Connection closed. {executed in 0ms} 
2025-01-06 11:22:24.362 INFO  [HikariPool-11 connection closer] l.log4j2 - 256. Connection.close() returned 
2025-01-06 11:22:24.362 INFO  [HikariPool-11 connection closer] l.log4j2 - 257. Connection closed. {executed in 0ms} 
2025-01-06 11:22:24.362 INFO  [HikariPool-11 connection closer] l.log4j2 - 257. Connection.close() returned 
2025-01-06 11:22:24.362 INFO  [HikariPool-11 connection closer] l.log4j2 - 258. Connection closed. {executed in 0ms} 
2025-01-06 11:22:24.362 INFO  [HikariPool-11 connection closer] l.log4j2 - 258. Connection.close() returned 
2025-01-06 11:22:24.362 INFO  [HikariPool-11 connection closer] l.log4j2 - 259. Connection closed. {executed in 0ms} 
2025-01-06 11:22:24.362 INFO  [HikariPool-11 connection closer] l.log4j2 - 259. Connection.close() returned 
2025-01-06 11:22:24.363 INFO  [HikariPool-11 connection closer] l.log4j2 - 260. Connection closed. {executed in 1ms} 
2025-01-06 11:22:24.363 INFO  [HikariPool-11 connection closer] l.log4j2 - 260. Connection.close() returned 
2025-01-06 11:22:24.363 INFO  [Thread-43] c.z.h.HikariDataSource - HikariPool-11 - Shutdown completed.
2025-01-06 11:22:24.429 INFO  [restartedMain] o.z.m.MallapiApplication - Starting MallapiApplication using Java 17.0.12 with PID 10712 (C:\Users\ktcs\backend\mallapi\build\classes\java\main started by ktcs in C:\Users\ktcs\backend\mallapi)
2025-01-06 11:22:24.429 INFO  [restartedMain] o.z.m.MallapiApplication - No active profile set, falling back to 1 default profile: "default"
2025-01-06 11:22:24.623 INFO  [restartedMain] o.s.d.r.c.RepositoryConfigurationDelegate - Bootstrapping Spring Data JPA repositories in DEFAULT mode.
2025-01-06 11:22:24.642 INFO  [restartedMain] o.s.d.r.c.RepositoryConfigurationDelegate - Finished Spring Data repository scanning in 19 ms. Found 3 JPA repository interfaces.
2025-01-06 11:22:24.768 INFO  [restartedMain] o.s.b.w.e.t.TomcatWebServer - Tomcat initialized with port 8081 (http)
2025-01-06 11:22:24.768 INFO  [restartedMain] o.a.c.c.StandardService - Starting service [Tomcat]
2025-01-06 11:22:24.768 INFO  [restartedMain] o.a.c.c.StandardEngine - Starting Servlet engine: [Apache Tomcat/10.1.28]
2025-01-06 11:22:24.794 INFO  [restartedMain] o.a.c.c.C.[.[.[/] - Initializing Spring embedded WebApplicationContext
2025-01-06 11:22:24.794 INFO  [restartedMain] o.s.b.w.s.c.ServletWebServerApplicationContext - Root WebApplicationContext: initialization completed in 363 ms
2025-01-06 11:22:24.845 INFO  [restartedMain] o.h.j.i.u.LogHelper - HHH000204: Processing PersistenceUnitInfo [name: default]
2025-01-06 11:22:24.850 INFO  [restartedMain] o.h.c.i.RegionFactoryInitiator - HHH000026: Second-level cache disabled
2025-01-06 11:22:24.857 INFO  [restartedMain] o.s.o.j.p.SpringPersistenceUnitInfo - No LoadTimeWeaver setup: ignoring JPA class transformer
2025-01-06 11:22:24.859 INFO  [restartedMain] c.z.h.HikariDataSource - HikariPool-12 - Starting...
2025-01-06 11:22:24.861 INFO  [restartedMain] l.log4j2 - 261. Connection opened. {executed in 2ms} 
2025-01-06 11:22:24.861 INFO  [restartedMain] l.log4j2 - 261. Connection.new Connection returned 
2025-01-06 11:22:24.861 INFO  [restartedMain] l.log4j2 - 261. Connection.getNetworkTimeout() returned 0
2025-01-06 11:22:24.861 INFO  [restartedMain] l.log4j2 - 261. Connection.isReadOnly() returned false
2025-01-06 11:22:24.861 INFO  [restartedMain] l.log4j2 - 261. Connection.getAutoCommit() returned true
2025-01-06 11:22:24.861 INFO  [restartedMain] l.log4j2 - 261. Connection.isValid(1) returned true
2025-01-06 11:22:24.862 INFO  [restartedMain] l.log4j2 - 261. Connection.getTransactionIsolation() returned 4
2025-01-06 11:22:24.862 INFO  [restartedMain] c.z.h.p.HikariPool - HikariPool-12 - Added connection net.sf.log4jdbc.sql.jdbcapi.ConnectionSpy@607f5b16
2025-01-06 11:22:24.862 INFO  [restartedMain] c.z.h.HikariDataSource - HikariPool-12 - Start completed.
2025-01-06 11:22:24.862 INFO  [restartedMain] l.log4j2 - 261. Connection.getMetaData() returned org.mariadb.jdbc.DatabaseMetaData@3cb5ddf1
2025-01-06 11:22:24.862 INFO  [restartedMain] l.log4j2 - 261. Statement.new Statement returned 
2025-01-06 11:22:24.862 INFO  [restartedMain] l.log4j2 - 261. Connection.createStatement() returned net.sf.log4jdbc.sql.jdbcapi.StatementSpy@77a31a5
2025-01-06 11:22:24.862 INFO  [restartedMain] l.log4j2 - 261. SELECT @@character_set_database, @@sql_mode  {executed in 0 ms}
2025-01-06 11:22:24.862 INFO  [restartedMain] l.log4j2 - 261. ResultSet.new ResultSet returned 
2025-01-06 11:22:24.862 INFO  [restartedMain] l.log4j2 - 261. Statement.executeQuery(SELECT @@character_set_database, @@sql_mode) returned net.sf.log4jdbc.sql.jdbcapi.ResultSetSpy@45a0567f
2025-01-06 11:22:24.862 INFO  [restartedMain] l.log4j2 - 261. ResultSet.next() returned true
2025-01-06 11:22:24.862 INFO  [restartedMain] l.log4j2 - 261. ResultSet.getString(1) returned utf8
2025-01-06 11:22:24.862 INFO  [restartedMain] l.log4j2 - 261. ResultSet.getString(2) returned IGNORE_SPACE,STRICT_TRANS_TABLES,ERROR_FOR_DIVISION_BY_ZERO,NO_AUTO_CREATE_USER,NO_ENGINE_SUBSTITUTION
2025-01-06 11:22:24.862 INFO  [restartedMain] l.log4j2 - 261. Statement.close() returned 
2025-01-06 11:22:24.864 INFO  [restartedMain] l.log4j2 - 261. Connection.getCatalog() returned malldb
2025-01-06 11:22:24.864 INFO  [restartedMain] l.log4j2 - 261. Connection.getSchema() returned null
2025-01-06 11:22:24.864 INFO  [restartedMain] l.log4j2 - 261. Connection.getSchema() returned null
2025-01-06 11:22:24.864 INFO  [restartedMain] l.log4j2 - 261. Connection.getMetaData() returned org.mariadb.jdbc.DatabaseMetaData@5f1d1236
2025-01-06 11:22:24.864 INFO  [restartedMain] l.log4j2 - 261. Connection.createClob() returned 
2025-01-06 11:22:24.864 INFO  [restartedMain] l.log4j2 - 261. Connection.createNClob() returned 
2025-01-06 11:22:24.864 INFO  [restartedMain] l.log4j2 - 261. Connection.clearWarnings() returned 
2025-01-06 11:22:24.906 INFO  [restartedMain] o.h.e.t.j.p.i.JtaPlatformInitiator - HHH000489: No JTA platform available (set 'hibernate.transaction.jta.platform' to enable JTA platform integration)
2025-01-06 11:22:24.907 INFO  [restartedMain] l.log4j2 - 261. Connection.getAutoCommit() returned true
2025-01-06 11:22:24.907 INFO  [restartedMain] l.log4j2 - 261. PreparedStatement.new PreparedStatement returned 
2025-01-06 11:22:24.907 INFO  [restartedMain] l.log4j2 - 261. Connection.prepareStatement(select table_name from information_schema.TABLES where table_schema=database() and table_type='SEQUENCE') returned net.sf.log4jdbc.sql.jdbcapi.PreparedStatementSpy@6fe14f78
2025-01-06 11:22:24.908 INFO  [restartedMain] l.log4j2 - 261. select table_name from information_schema.TABLES where table_schema=database() and table_type='SEQUENCE'  {executed in 1 ms}
2025-01-06 11:22:24.908 INFO  [restartedMain] l.log4j2 - 261. ResultSet.new ResultSet returned 
2025-01-06 11:22:24.908 INFO  [restartedMain] l.log4j2 - 261. PreparedStatement.executeQuery() returned net.sf.log4jdbc.sql.jdbcapi.ResultSetSpy@315676f4
2025-01-06 11:22:24.908 INFO  [restartedMain] l.log4j2 - 
|-----------|
|table_name |
|-----------|
|-----------|

2025-01-06 11:22:24.908 INFO  [restartedMain] l.log4j2 - 261. ResultSet.next() returned false
2025-01-06 11:22:24.908 INFO  [restartedMain] l.log4j2 - 261. ResultSet.close() returned void
2025-01-06 11:22:24.908 INFO  [restartedMain] l.log4j2 - 261. PreparedStatement.close() returned 
2025-01-06 11:22:24.909 INFO  [restartedMain] l.log4j2 - 261. Connection.getMetaData() returned org.mariadb.jdbc.DatabaseMetaData@2867cae9
2025-01-06 11:22:24.927 INFO  [restartedMain] l.log4j2 - 261. PreparedStatement.new PreparedStatement returned 
2025-01-06 11:22:24.927 INFO  [restartedMain] l.log4j2 - 261. Connection.prepareStatement(select * from `malldb`.`member` where 1=0) returned net.sf.log4jdbc.sql.jdbcapi.PreparedStatementSpy@296f5565
2025-01-06 11:22:24.927 INFO  [restartedMain] l.log4j2 - 261. select * from `malldb`.`member` where 1=0  {executed in 0 ms}
2025-01-06 11:22:24.927 INFO  [restartedMain] l.log4j2 - 261. ResultSet.new ResultSet returned 
2025-01-06 11:22:24.927 INFO  [restartedMain] l.log4j2 - 261. PreparedStatement.executeQuery() returned net.sf.log4jdbc.sql.jdbcapi.ResultSetSpy@2b8c676a
2025-01-06 11:22:24.927 INFO  [restartedMain] l.log4j2 - 261. ResultSet.getMetaData() returned org.mariadb.jdbc.client.result.ResultSetMetaData@3daad070
2025-01-06 11:22:24.927 INFO  [restartedMain] l.log4j2 - 
|------|---------|---|-------|
|email |nickname |pw |social |
|------|---------|---|-------|
|------|---------|---|-------|

2025-01-06 11:22:24.927 INFO  [restartedMain] l.log4j2 - 261. ResultSet.close() returned void
2025-01-06 11:22:24.927 INFO  [restartedMain] l.log4j2 - 261. PreparedStatement.close() returned 
2025-01-06 11:22:24.929 INFO  [restartedMain] l.log4j2 - 261. PreparedStatement.new PreparedStatement returned 
2025-01-06 11:22:24.929 INFO  [restartedMain] l.log4j2 - 261. Connection.prepareStatement(select * from `malldb`.`tbl_product` where 1=0) returned net.sf.log4jdbc.sql.jdbcapi.PreparedStatementSpy@20ab6173
2025-01-06 11:22:24.929 INFO  [restartedMain] l.log4j2 - 261. select * from `malldb`.`tbl_product` where 1=0  {executed in 0 ms}
2025-01-06 11:22:24.929 INFO  [restartedMain] l.log4j2 - 261. ResultSet.new ResultSet returned 
2025-01-06 11:22:24.930 INFO  [restartedMain] l.log4j2 - 261. PreparedStatement.executeQuery() returned net.sf.log4jdbc.sql.jdbcapi.ResultSetSpy@6854e53b
2025-01-06 11:22:24.930 INFO  [restartedMain] l.log4j2 - 261. ResultSet.getMetaData() returned org.mariadb.jdbc.client.result.ResultSetMetaData@3169111
2025-01-06 11:22:24.930 INFO  [restartedMain] l.log4j2 - 
|----|---------|------|------|------|
|pno |del_flag |pdesc |pname |price |
|----|---------|------|------|------|
|----|---------|------|------|------|

2025-01-06 11:22:24.930 INFO  [restartedMain] l.log4j2 - 261. ResultSet.close() returned void
2025-01-06 11:22:24.930 INFO  [restartedMain] l.log4j2 - 261. PreparedStatement.close() returned 
2025-01-06 11:22:24.930 INFO  [restartedMain] l.log4j2 - 261. Connection.clearWarnings() returned 
2025-01-06 11:22:24.930 INFO  [restartedMain] o.s.o.j.LocalContainerEntityManagerFactoryBean - Initialized JPA EntityManagerFactory for persistence unit 'default'
2025-01-06 11:22:24.977 INFO  [HikariPool-12 connection adder] l.log4j2 - 262. Connection opened. {executed in 2ms} 
2025-01-06 11:22:24.977 INFO  [HikariPool-12 connection adder] l.log4j2 - 262. Connection.new Connection returned 
2025-01-06 11:22:24.977 INFO  [HikariPool-12 connection adder] l.log4j2 - 262. Connection.isReadOnly() returned false
2025-01-06 11:22:24.977 INFO  [HikariPool-12 connection adder] l.log4j2 - 262. Connection.getAutoCommit() returned true
2025-01-06 11:22:24.992 INFO  [HikariPool-12 connection adder] l.log4j2 - 263. Connection opened. {executed in 2ms} 
2025-01-06 11:22:24.992 INFO  [HikariPool-12 connection adder] l.log4j2 - 263. Connection.new Connection returned 
2025-01-06 11:22:24.992 INFO  [HikariPool-12 connection adder] l.log4j2 - 263. Connection.isReadOnly() returned false
2025-01-06 11:22:24.992 INFO  [HikariPool-12 connection adder] l.log4j2 - 263. Connection.getAutoCommit() returned true
2025-01-06 11:22:24.992 INFO  [restartedMain] o.z.m.u.CustomFileUtil - -------------------------------------
2025-01-06 11:22:24.992 INFO  [restartedMain] o.z.m.u.CustomFileUtil - C:\Users\ktcs\backend\mallapi\upload
2025-01-06 11:22:25.008 INFO  [HikariPool-12 connection adder] l.log4j2 - 264. Connection opened. {executed in 2ms} 
2025-01-06 11:22:25.009 INFO  [HikariPool-12 connection adder] l.log4j2 - 264. Connection.new Connection returned 
2025-01-06 11:22:25.009 INFO  [HikariPool-12 connection adder] l.log4j2 - 264. Connection.isReadOnly() returned false
2025-01-06 11:22:25.009 INFO  [HikariPool-12 connection adder] l.log4j2 - 264. Connection.getAutoCommit() returned true
2025-01-06 11:22:25.024 INFO  [HikariPool-12 connection adder] l.log4j2 - 265. Connection opened. {executed in 3ms} 
2025-01-06 11:22:25.024 INFO  [HikariPool-12 connection adder] l.log4j2 - 265. Connection.new Connection returned 
2025-01-06 11:22:25.024 INFO  [HikariPool-12 connection adder] l.log4j2 - 265. Connection.isReadOnly() returned false
2025-01-06 11:22:25.024 INFO  [HikariPool-12 connection adder] l.log4j2 - 265. Connection.getAutoCommit() returned true
2025-01-06 11:22:25.035 WARN  [restartedMain] o.s.b.a.o.j.JpaBaseConfiguration$JpaWebConfiguration - spring.jpa.open-in-view is enabled by default. Therefore, database queries may be performed during view rendering. Explicitly configure spring.jpa.open-in-view to disable this warning
2025-01-06 11:22:25.039 INFO  [HikariPool-12 connection adder] l.log4j2 - 266. Connection opened. {executed in 2ms} 
2025-01-06 11:22:25.039 INFO  [HikariPool-12 connection adder] l.log4j2 - 266. Connection.new Connection returned 
2025-01-06 11:22:25.039 INFO  [HikariPool-12 connection adder] l.log4j2 - 266. Connection.isReadOnly() returned false
2025-01-06 11:22:25.039 INFO  [HikariPool-12 connection adder] l.log4j2 - 266. Connection.getAutoCommit() returned true
2025-01-06 11:22:25.050 INFO  [restartedMain] o.z.m.c.CustomSecurityConfig - ---------------------security config---------------------------
2025-01-06 11:22:25.055 INFO  [HikariPool-12 connection adder] l.log4j2 - 267. Connection opened. {executed in 2ms} 
2025-01-06 11:22:25.055 INFO  [HikariPool-12 connection adder] l.log4j2 - 267. Connection.new Connection returned 
2025-01-06 11:22:25.055 INFO  [HikariPool-12 connection adder] l.log4j2 - 267. Connection.isReadOnly() returned false
2025-01-06 11:22:25.055 INFO  [HikariPool-12 connection adder] l.log4j2 - 267. Connection.getAutoCommit() returned true
2025-01-06 11:22:25.068 INFO  [restartedMain] o.s.s.w.DefaultSecurityFilterChain - Will secure any request with [org.springframework.security.web.session.DisableEncodeUrlFilter@712c4d3a, org.springframework.security.web.context.request.async.WebAsyncManagerIntegrationFilter@4ec29685, org.springframework.security.web.context.SecurityContextHolderFilter@7f7d8d6c, org.springframework.security.web.header.HeaderWriterFilter@402a36f9, org.springframework.web.filter.CorsFilter@4d5992d9, org.springframework.security.web.authentication.logout.LogoutFilter@3701d11, org.zerock.mallapi.security.filter.JWTCheckFilter@4add8148, org.springframework.security.web.authentication.UsernamePasswordAuthenticationFilter@570a0123, org.springframework.security.web.savedrequest.RequestCacheAwareFilter@3abdd27e, org.springframework.security.web.servletapi.SecurityContextHolderAwareRequestFilter@2bb1a62e, org.springframework.security.web.authentication.AnonymousAuthenticationFilter@598b40b4, org.springframework.security.web.session.SessionManagementFilter@79b858ee, org.springframework.security.web.access.ExceptionTranslationFilter@25ac0538]
2025-01-06 11:22:25.071 INFO  [HikariPool-12 connection adder] l.log4j2 - 268. Connection opened. {executed in 3ms} 
2025-01-06 11:22:25.071 INFO  [HikariPool-12 connection adder] l.log4j2 - 268. Connection.new Connection returned 
2025-01-06 11:22:25.071 INFO  [HikariPool-12 connection adder] l.log4j2 - 268. Connection.isReadOnly() returned false
2025-01-06 11:22:25.071 INFO  [HikariPool-12 connection adder] l.log4j2 - 268. Connection.getAutoCommit() returned true
2025-01-06 11:22:25.087 INFO  [HikariPool-12 connection adder] l.log4j2 - 269. Connection opened. {executed in 2ms} 
2025-01-06 11:22:25.088 INFO  [HikariPool-12 connection adder] l.log4j2 - 269. Connection.new Connection returned 
2025-01-06 11:22:25.088 INFO  [HikariPool-12 connection adder] l.log4j2 - 269. Connection.isReadOnly() returned false
2025-01-06 11:22:25.088 INFO  [HikariPool-12 connection adder] l.log4j2 - 269. Connection.getAutoCommit() returned true
2025-01-06 11:22:25.103 INFO  [HikariPool-12 connection adder] l.log4j2 - 270. Connection opened. {executed in 2ms} 
2025-01-06 11:22:25.103 INFO  [HikariPool-12 connection adder] l.log4j2 - 270. Connection.new Connection returned 
2025-01-06 11:22:25.103 INFO  [HikariPool-12 connection adder] l.log4j2 - 270. Connection.isReadOnly() returned false
2025-01-06 11:22:25.103 INFO  [HikariPool-12 connection adder] l.log4j2 - 270. Connection.getAutoCommit() returned true
2025-01-06 11:22:25.255 INFO  [restartedMain] o.s.b.d.a.OptionalLiveReloadServer - LiveReload server is running on port 35729
2025-01-06 11:22:25.271 INFO  [restartedMain] o.s.b.w.e.t.TomcatWebServer - Tomcat started on port 8081 (http) with context path ''
2025-01-06 11:22:25.275 INFO  [restartedMain] o.z.m.MallapiApplication - Started MallapiApplication in 0.872 seconds (process running for 251581.898)
2025-01-06 11:22:25.276 INFO  [restartedMain] o.s.b.d.a.ConditionEvaluationDeltaLoggingListener - Condition evaluation unchanged
2025-01-06 11:22:59.688 INFO  [File Watcher] o.s.b.d.a.LocalDevToolsAutoConfiguration$RestartingClassPathChangeChangedEventListener - Restarting due to 1 class path change (0 additions, 1 deletion, 0 modifications)
2025-01-06 11:22:59.838 INFO  [Thread-47] o.s.o.j.LocalContainerEntityManagerFactoryBean - Closing JPA EntityManagerFactory for persistence unit 'default'
2025-01-06 11:22:59.838 INFO  [Thread-47] c.z.h.HikariDataSource - HikariPool-12 - Shutdown initiated...
2025-01-06 11:22:59.839 INFO  [HikariPool-12 connection closer] l.log4j2 - 261. Connection closed. {executed in 0ms} 
2025-01-06 11:22:59.839 INFO  [HikariPool-12 connection closer] l.log4j2 - 261. Connection.close() returned 
2025-01-06 11:22:59.840 INFO  [HikariPool-12 connection closer] l.log4j2 - 262. Connection closed. {executed in 1ms} 
2025-01-06 11:22:59.840 INFO  [HikariPool-12 connection closer] l.log4j2 - 262. Connection.close() returned 
2025-01-06 11:22:59.840 INFO  [HikariPool-12 connection closer] l.log4j2 - 263. Connection closed. {executed in 0ms} 
2025-01-06 11:22:59.840 INFO  [HikariPool-12 connection closer] l.log4j2 - 263. Connection.close() returned 
2025-01-06 11:22:59.840 INFO  [HikariPool-12 connection closer] l.log4j2 - 264. Connection closed. {executed in 0ms} 
2025-01-06 11:22:59.840 INFO  [HikariPool-12 connection closer] l.log4j2 - 264. Connection.close() returned 
2025-01-06 11:22:59.840 INFO  [HikariPool-12 connection closer] l.log4j2 - 265. Connection closed. {executed in 0ms} 
2025-01-06 11:22:59.840 INFO  [HikariPool-12 connection closer] l.log4j2 - 265. Connection.close() returned 
2025-01-06 11:22:59.841 INFO  [HikariPool-12 connection closer] l.log4j2 - 266. Connection closed. {executed in 1ms} 
2025-01-06 11:22:59.841 INFO  [HikariPool-12 connection closer] l.log4j2 - 266. Connection.close() returned 
2025-01-06 11:22:59.841 INFO  [HikariPool-12 connection closer] l.log4j2 - 267. Connection closed. {executed in 0ms} 
2025-01-06 11:22:59.841 INFO  [HikariPool-12 connection closer] l.log4j2 - 267. Connection.close() returned 
2025-01-06 11:22:59.841 INFO  [HikariPool-12 connection closer] l.log4j2 - 268. Connection closed. {executed in 0ms} 
2025-01-06 11:22:59.841 INFO  [HikariPool-12 connection closer] l.log4j2 - 268. Connection.close() returned 
2025-01-06 11:22:59.841 INFO  [HikariPool-12 connection closer] l.log4j2 - 269. Connection closed. {executed in 0ms} 
2025-01-06 11:22:59.841 INFO  [HikariPool-12 connection closer] l.log4j2 - 269. Connection.close() returned 
2025-01-06 11:22:59.841 INFO  [HikariPool-12 connection closer] l.log4j2 - 270. Connection closed. {executed in 0ms} 
2025-01-06 11:22:59.842 INFO  [HikariPool-12 connection closer] l.log4j2 - 270. Connection.close() returned 
2025-01-06 11:22:59.842 INFO  [Thread-47] c.z.h.HikariDataSource - HikariPool-12 - Shutdown completed.
2025-01-06 11:22:59.901 INFO  [restartedMain] o.z.m.MallapiApplication - Starting MallapiApplication using Java 17.0.12 with PID 10712 (C:\Users\ktcs\backend\mallapi\build\classes\java\main started by ktcs in C:\Users\ktcs\backend\mallapi)
2025-01-06 11:22:59.901 INFO  [restartedMain] o.z.m.MallapiApplication - No active profile set, falling back to 1 default profile: "default"
2025-01-06 11:23:00.078 INFO  [restartedMain] o.s.d.r.c.RepositoryConfigurationDelegate - Bootstrapping Spring Data JPA repositories in DEFAULT mode.
2025-01-06 11:23:00.099 INFO  [restartedMain] o.s.d.r.c.RepositoryConfigurationDelegate - Finished Spring Data repository scanning in 20 ms. Found 3 JPA repository interfaces.
2025-01-06 11:23:00.216 INFO  [restartedMain] o.s.b.w.e.t.TomcatWebServer - Tomcat initialized with port 8081 (http)
2025-01-06 11:23:00.217 INFO  [restartedMain] o.a.c.c.StandardService - Starting service [Tomcat]
2025-01-06 11:23:00.217 INFO  [restartedMain] o.a.c.c.StandardEngine - Starting Servlet engine: [Apache Tomcat/10.1.28]
2025-01-06 11:23:00.247 INFO  [restartedMain] o.a.c.c.C.[.[.[/] - Initializing Spring embedded WebApplicationContext
2025-01-06 11:23:00.247 INFO  [restartedMain] o.s.b.w.s.c.ServletWebServerApplicationContext - Root WebApplicationContext: initialization completed in 344 ms
2025-01-06 11:23:00.286 INFO  [restartedMain] o.h.j.i.u.LogHelper - HHH000204: Processing PersistenceUnitInfo [name: default]
2025-01-06 11:23:00.289 INFO  [restartedMain] o.h.c.i.RegionFactoryInitiator - HHH000026: Second-level cache disabled
2025-01-06 11:23:00.295 INFO  [restartedMain] o.s.o.j.p.SpringPersistenceUnitInfo - No LoadTimeWeaver setup: ignoring JPA class transformer
2025-01-06 11:23:00.296 INFO  [restartedMain] c.z.h.HikariDataSource - HikariPool-13 - Starting...
2025-01-06 11:23:00.300 INFO  [restartedMain] l.log4j2 - 271. Connection opened. {executed in 4ms} 
2025-01-06 11:23:00.300 INFO  [restartedMain] l.log4j2 - 271. Connection.new Connection returned 
2025-01-06 11:23:00.300 INFO  [restartedMain] l.log4j2 - 271. Connection.getNetworkTimeout() returned 0
2025-01-06 11:23:00.300 INFO  [restartedMain] l.log4j2 - 271. Connection.isReadOnly() returned false
2025-01-06 11:23:00.300 INFO  [restartedMain] l.log4j2 - 271. Connection.getAutoCommit() returned true
2025-01-06 11:23:00.301 INFO  [restartedMain] l.log4j2 - 271. Connection.isValid(1) returned true
2025-01-06 11:23:00.301 INFO  [restartedMain] l.log4j2 - 271. Connection.getTransactionIsolation() returned 4
2025-01-06 11:23:00.301 INFO  [restartedMain] c.z.h.p.HikariPool - HikariPool-13 - Added connection net.sf.log4jdbc.sql.jdbcapi.ConnectionSpy@6321f617
2025-01-06 11:23:00.301 INFO  [restartedMain] c.z.h.HikariDataSource - HikariPool-13 - Start completed.
2025-01-06 11:23:00.301 INFO  [restartedMain] l.log4j2 - 271. Connection.getMetaData() returned org.mariadb.jdbc.DatabaseMetaData@7ad57981
2025-01-06 11:23:00.301 INFO  [restartedMain] l.log4j2 - 271. Statement.new Statement returned 
2025-01-06 11:23:00.301 INFO  [restartedMain] l.log4j2 - 271. Connection.createStatement() returned net.sf.log4jdbc.sql.jdbcapi.StatementSpy@f490d83
2025-01-06 11:23:00.302 INFO  [restartedMain] l.log4j2 - 271. SELECT @@character_set_database, @@sql_mode  {executed in 1 ms}
2025-01-06 11:23:00.302 INFO  [restartedMain] l.log4j2 - 271. ResultSet.new ResultSet returned 
2025-01-06 11:23:00.302 INFO  [restartedMain] l.log4j2 - 271. Statement.executeQuery(SELECT @@character_set_database, @@sql_mode) returned net.sf.log4jdbc.sql.jdbcapi.ResultSetSpy@1ee6fa7f
2025-01-06 11:23:00.302 INFO  [restartedMain] l.log4j2 - 271. ResultSet.next() returned true
2025-01-06 11:23:00.302 INFO  [restartedMain] l.log4j2 - 271. ResultSet.getString(1) returned utf8
2025-01-06 11:23:00.302 INFO  [restartedMain] l.log4j2 - 271. ResultSet.getString(2) returned IGNORE_SPACE,STRICT_TRANS_TABLES,ERROR_FOR_DIVISION_BY_ZERO,NO_AUTO_CREATE_USER,NO_ENGINE_SUBSTITUTION
2025-01-06 11:23:00.302 INFO  [restartedMain] l.log4j2 - 271. Statement.close() returned 
2025-01-06 11:23:00.303 INFO  [restartedMain] l.log4j2 - 271. Connection.getCatalog() returned malldb
2025-01-06 11:23:00.303 INFO  [restartedMain] l.log4j2 - 271. Connection.getSchema() returned null
2025-01-06 11:23:00.303 INFO  [restartedMain] l.log4j2 - 271. Connection.getSchema() returned null
2025-01-06 11:23:00.303 INFO  [restartedMain] l.log4j2 - 271. Connection.getMetaData() returned org.mariadb.jdbc.DatabaseMetaData@729b36fa
2025-01-06 11:23:00.303 INFO  [restartedMain] l.log4j2 - 271. Connection.createClob() returned 
2025-01-06 11:23:00.303 INFO  [restartedMain] l.log4j2 - 271. Connection.createNClob() returned 
2025-01-06 11:23:00.303 INFO  [restartedMain] l.log4j2 - 271. Connection.clearWarnings() returned 
2025-01-06 11:23:00.358 INFO  [restartedMain] o.h.e.t.j.p.i.JtaPlatformInitiator - HHH000489: No JTA platform available (set 'hibernate.transaction.jta.platform' to enable JTA platform integration)
2025-01-06 11:23:00.358 INFO  [restartedMain] l.log4j2 - 271. Connection.getAutoCommit() returned true
2025-01-06 11:23:00.358 INFO  [restartedMain] l.log4j2 - 271. PreparedStatement.new PreparedStatement returned 
2025-01-06 11:23:00.358 INFO  [restartedMain] l.log4j2 - 271. Connection.prepareStatement(select table_name from information_schema.TABLES where table_schema=database() and table_type='SEQUENCE') returned net.sf.log4jdbc.sql.jdbcapi.PreparedStatementSpy@36b78b23
2025-01-06 11:23:00.359 INFO  [restartedMain] l.log4j2 - 271. select table_name from information_schema.TABLES where table_schema=database() and table_type='SEQUENCE'  {executed in 1 ms}
2025-01-06 11:23:00.360 INFO  [restartedMain] l.log4j2 - 271. ResultSet.new ResultSet returned 
2025-01-06 11:23:00.360 INFO  [restartedMain] l.log4j2 - 271. PreparedStatement.executeQuery() returned net.sf.log4jdbc.sql.jdbcapi.ResultSetSpy@19c5fbfe
2025-01-06 11:23:00.360 INFO  [restartedMain] l.log4j2 - 
|-----------|
|table_name |
|-----------|
|-----------|

2025-01-06 11:23:00.360 INFO  [restartedMain] l.log4j2 - 271. ResultSet.next() returned false
2025-01-06 11:23:00.360 INFO  [restartedMain] l.log4j2 - 271. ResultSet.close() returned void
2025-01-06 11:23:00.360 INFO  [restartedMain] l.log4j2 - 271. PreparedStatement.close() returned 
2025-01-06 11:23:00.360 INFO  [restartedMain] l.log4j2 - 271. Connection.getMetaData() returned org.mariadb.jdbc.DatabaseMetaData@721225e3
2025-01-06 11:23:00.379 INFO  [restartedMain] l.log4j2 - 271. PreparedStatement.new PreparedStatement returned 
2025-01-06 11:23:00.379 INFO  [restartedMain] l.log4j2 - 271. Connection.prepareStatement(select * from `malldb`.`member` where 1=0) returned net.sf.log4jdbc.sql.jdbcapi.PreparedStatementSpy@2bcfe972
2025-01-06 11:23:00.379 INFO  [restartedMain] l.log4j2 - 271. select * from `malldb`.`member` where 1=0  {executed in 0 ms}
2025-01-06 11:23:00.379 INFO  [restartedMain] l.log4j2 - 271. ResultSet.new ResultSet returned 
2025-01-06 11:23:00.379 INFO  [restartedMain] l.log4j2 - 271. PreparedStatement.executeQuery() returned net.sf.log4jdbc.sql.jdbcapi.ResultSetSpy@1d63fdfe
2025-01-06 11:23:00.380 INFO  [restartedMain] l.log4j2 - 271. ResultSet.getMetaData() returned org.mariadb.jdbc.client.result.ResultSetMetaData@7ebdee8c
2025-01-06 11:23:00.380 INFO  [restartedMain] l.log4j2 - 
|------|---------|---|-------|
|email |nickname |pw |social |
|------|---------|---|-------|
|------|---------|---|-------|

2025-01-06 11:23:00.380 INFO  [restartedMain] l.log4j2 - 271. ResultSet.close() returned void
2025-01-06 11:23:00.380 INFO  [restartedMain] l.log4j2 - 271. PreparedStatement.close() returned 
2025-01-06 11:23:00.381 INFO  [restartedMain] l.log4j2 - 271. PreparedStatement.new PreparedStatement returned 
2025-01-06 11:23:00.381 INFO  [restartedMain] l.log4j2 - 271. Connection.prepareStatement(select * from `malldb`.`tbl_product` where 1=0) returned net.sf.log4jdbc.sql.jdbcapi.PreparedStatementSpy@57bc1872
2025-01-06 11:23:00.381 INFO  [restartedMain] l.log4j2 - 271. select * from `malldb`.`tbl_product` where 1=0  {executed in 0 ms}
2025-01-06 11:23:00.381 INFO  [restartedMain] l.log4j2 - 271. ResultSet.new ResultSet returned 
2025-01-06 11:23:00.381 INFO  [restartedMain] l.log4j2 - 271. PreparedStatement.executeQuery() returned net.sf.log4jdbc.sql.jdbcapi.ResultSetSpy@55b29376
2025-01-06 11:23:00.381 INFO  [restartedMain] l.log4j2 - 271. ResultSet.getMetaData() returned org.mariadb.jdbc.client.result.ResultSetMetaData@44eacec2
2025-01-06 11:23:00.381 INFO  [restartedMain] l.log4j2 - 
|----|---------|------|------|------|
|pno |del_flag |pdesc |pname |price |
|----|---------|------|------|------|
|----|---------|------|------|------|

2025-01-06 11:23:00.381 INFO  [restartedMain] l.log4j2 - 271. ResultSet.close() returned void
2025-01-06 11:23:00.381 INFO  [restartedMain] l.log4j2 - 271. PreparedStatement.close() returned 
2025-01-06 11:23:00.382 INFO  [restartedMain] l.log4j2 - 271. Connection.clearWarnings() returned 
2025-01-06 11:23:00.382 INFO  [restartedMain] o.s.o.j.LocalContainerEntityManagerFactoryBean - Initialized JPA EntityManagerFactory for persistence unit 'default'
2025-01-06 11:23:00.410 INFO  [HikariPool-13 connection adder] l.log4j2 - 272. Connection opened. {executed in 2ms} 
2025-01-06 11:23:00.410 INFO  [HikariPool-13 connection adder] l.log4j2 - 272. Connection.new Connection returned 
2025-01-06 11:23:00.410 INFO  [HikariPool-13 connection adder] l.log4j2 - 272. Connection.isReadOnly() returned false
2025-01-06 11:23:00.410 INFO  [HikariPool-13 connection adder] l.log4j2 - 272. Connection.getAutoCommit() returned true
2025-01-06 11:23:00.427 INFO  [HikariPool-13 connection adder] l.log4j2 - 273. Connection opened. {executed in 4ms} 
2025-01-06 11:23:00.427 INFO  [HikariPool-13 connection adder] l.log4j2 - 273. Connection.new Connection returned 
2025-01-06 11:23:00.427 INFO  [HikariPool-13 connection adder] l.log4j2 - 273. Connection.isReadOnly() returned false
2025-01-06 11:23:00.427 INFO  [HikariPool-13 connection adder] l.log4j2 - 273. Connection.getAutoCommit() returned true
2025-01-06 11:23:00.441 INFO  [HikariPool-13 connection adder] l.log4j2 - 274. Connection opened. {executed in 2ms} 
2025-01-06 11:23:00.442 INFO  [HikariPool-13 connection adder] l.log4j2 - 274. Connection.new Connection returned 
2025-01-06 11:23:00.442 INFO  [HikariPool-13 connection adder] l.log4j2 - 274. Connection.isReadOnly() returned false
2025-01-06 11:23:00.442 INFO  [HikariPool-13 connection adder] l.log4j2 - 274. Connection.getAutoCommit() returned true
2025-01-06 11:23:00.444 INFO  [restartedMain] o.z.m.u.CustomFileUtil - -------------------------------------
2025-01-06 11:23:00.444 INFO  [restartedMain] o.z.m.u.CustomFileUtil - C:\Users\ktcs\backend\mallapi\upload
2025-01-06 11:23:00.457 INFO  [HikariPool-13 connection adder] l.log4j2 - 275. Connection opened. {executed in 3ms} 
2025-01-06 11:23:00.457 INFO  [HikariPool-13 connection adder] l.log4j2 - 275. Connection.new Connection returned 
2025-01-06 11:23:00.457 INFO  [HikariPool-13 connection adder] l.log4j2 - 275. Connection.isReadOnly() returned false
2025-01-06 11:23:00.457 INFO  [HikariPool-13 connection adder] l.log4j2 - 275. Connection.getAutoCommit() returned true
2025-01-06 11:23:00.473 INFO  [HikariPool-13 connection adder] l.log4j2 - 276. Connection opened. {executed in 3ms} 
2025-01-06 11:23:00.473 INFO  [HikariPool-13 connection adder] l.log4j2 - 276. Connection.new Connection returned 
2025-01-06 11:23:00.473 INFO  [HikariPool-13 connection adder] l.log4j2 - 276. Connection.isReadOnly() returned false
2025-01-06 11:23:00.473 INFO  [HikariPool-13 connection adder] l.log4j2 - 276. Connection.getAutoCommit() returned true
2025-01-06 11:23:00.489 INFO  [HikariPool-13 connection adder] l.log4j2 - 277. Connection opened. {executed in 3ms} 
2025-01-06 11:23:00.489 INFO  [HikariPool-13 connection adder] l.log4j2 - 277. Connection.new Connection returned 
2025-01-06 11:23:00.489 INFO  [HikariPool-13 connection adder] l.log4j2 - 277. Connection.isReadOnly() returned false
2025-01-06 11:23:00.489 INFO  [HikariPool-13 connection adder] l.log4j2 - 277. Connection.getAutoCommit() returned true
2025-01-06 11:23:00.504 INFO  [HikariPool-13 connection adder] l.log4j2 - 278. Connection opened. {executed in 3ms} 
2025-01-06 11:23:00.504 INFO  [HikariPool-13 connection adder] l.log4j2 - 278. Connection.new Connection returned 
2025-01-06 11:23:00.504 INFO  [HikariPool-13 connection adder] l.log4j2 - 278. Connection.isReadOnly() returned false
2025-01-06 11:23:00.504 INFO  [HikariPool-13 connection adder] l.log4j2 - 278. Connection.getAutoCommit() returned true
2025-01-06 11:23:00.514 WARN  [restartedMain] o.s.b.a.o.j.JpaBaseConfiguration$JpaWebConfiguration - spring.jpa.open-in-view is enabled by default. Therefore, database queries may be performed during view rendering. Explicitly configure spring.jpa.open-in-view to disable this warning
2025-01-06 11:23:00.519 INFO  [HikariPool-13 connection adder] l.log4j2 - 279. Connection opened. {executed in 2ms} 
2025-01-06 11:23:00.520 INFO  [HikariPool-13 connection adder] l.log4j2 - 279. Connection.new Connection returned 
2025-01-06 11:23:00.520 INFO  [HikariPool-13 connection adder] l.log4j2 - 279. Connection.isReadOnly() returned false
2025-01-06 11:23:00.520 INFO  [HikariPool-13 connection adder] l.log4j2 - 279. Connection.getAutoCommit() returned true
2025-01-06 11:23:00.536 INFO  [restartedMain] o.z.m.c.CustomSecurityConfig - ---------------------security config---------------------------
2025-01-06 11:23:00.536 INFO  [HikariPool-13 connection adder] l.log4j2 - 280. Connection opened. {executed in 3ms} 
2025-01-06 11:23:00.536 INFO  [HikariPool-13 connection adder] l.log4j2 - 280. Connection.new Connection returned 
2025-01-06 11:23:00.536 INFO  [HikariPool-13 connection adder] l.log4j2 - 280. Connection.isReadOnly() returned false
2025-01-06 11:23:00.536 INFO  [HikariPool-13 connection adder] l.log4j2 - 280. Connection.getAutoCommit() returned true
2025-01-06 11:23:00.553 INFO  [restartedMain] o.s.s.w.DefaultSecurityFilterChain - Will secure any request with [org.springframework.security.web.session.DisableEncodeUrlFilter@365decbd, org.springframework.security.web.context.request.async.WebAsyncManagerIntegrationFilter@1df0bbfe, org.springframework.security.web.context.SecurityContextHolderFilter@7f55c2e, org.springframework.security.web.header.HeaderWriterFilter@dc7e9a3, org.springframework.web.filter.CorsFilter@522a3748, org.springframework.security.web.authentication.logout.LogoutFilter@47410a92, org.zerock.mallapi.security.filter.JWTCheckFilter@45c9d770, org.springframework.security.web.authentication.UsernamePasswordAuthenticationFilter@fc316f3, org.springframework.security.web.savedrequest.RequestCacheAwareFilter@f78f647, org.springframework.security.web.servletapi.SecurityContextHolderAwareRequestFilter@3d409cfa, org.springframework.security.web.authentication.AnonymousAuthenticationFilter@1ca8e370, org.springframework.security.web.session.SessionManagementFilter@5831fbd6, org.springframework.security.web.access.ExceptionTranslationFilter@6b7c6f38]
2025-01-06 11:23:00.698 INFO  [restartedMain] o.s.b.d.a.OptionalLiveReloadServer - LiveReload server is running on port 35729
2025-01-06 11:23:00.709 INFO  [restartedMain] o.s.b.w.e.t.TomcatWebServer - Tomcat started on port 8081 (http) with context path ''
2025-01-06 11:23:00.712 INFO  [restartedMain] o.z.m.MallapiApplication - Started MallapiApplication in 0.831 seconds (process running for 251617.335)
2025-01-06 11:23:00.712 INFO  [restartedMain] o.s.b.d.a.ConditionEvaluationDeltaLoggingListener - Condition evaluation unchanged
2025-01-06 11:23:02.140 INFO  [File Watcher] o.s.b.d.a.LocalDevToolsAutoConfiguration$RestartingClassPathChangeChangedEventListener - Restarting due to 1 class path change (1 addition, 0 deletions, 0 modifications)
2025-01-06 11:23:02.301 INFO  [Thread-51] o.s.o.j.LocalContainerEntityManagerFactoryBean - Closing JPA EntityManagerFactory for persistence unit 'default'
2025-01-06 11:23:02.302 INFO  [Thread-51] c.z.h.HikariDataSource - HikariPool-13 - Shutdown initiated...
2025-01-06 11:23:02.302 INFO  [HikariPool-13 connection closer] l.log4j2 - 271. Connection closed. {executed in 0ms} 
2025-01-06 11:23:02.302 INFO  [HikariPool-13 connection closer] l.log4j2 - 271. Connection.close() returned 
2025-01-06 11:23:02.302 INFO  [HikariPool-13 connection closer] l.log4j2 - 272. Connection closed. {executed in 0ms} 
2025-01-06 11:23:02.302 INFO  [HikariPool-13 connection closer] l.log4j2 - 272. Connection.close() returned 
2025-01-06 11:23:02.302 INFO  [HikariPool-13 connection closer] l.log4j2 - 273. Connection closed. {executed in 0ms} 
2025-01-06 11:23:02.303 INFO  [HikariPool-13 connection closer] l.log4j2 - 273. Connection.close() returned 
2025-01-06 11:23:02.303 INFO  [HikariPool-13 connection closer] l.log4j2 - 274. Connection closed. {executed in 0ms} 
2025-01-06 11:23:02.303 INFO  [HikariPool-13 connection closer] l.log4j2 - 274. Connection.close() returned 
2025-01-06 11:23:02.303 INFO  [HikariPool-13 connection closer] l.log4j2 - 275. Connection closed. {executed in 0ms} 
2025-01-06 11:23:02.303 INFO  [HikariPool-13 connection closer] l.log4j2 - 275. Connection.close() returned 
2025-01-06 11:23:02.303 INFO  [HikariPool-13 connection closer] l.log4j2 - 276. Connection closed. {executed in 0ms} 
2025-01-06 11:23:02.303 INFO  [HikariPool-13 connection closer] l.log4j2 - 276. Connection.close() returned 
2025-01-06 11:23:02.303 INFO  [HikariPool-13 connection closer] l.log4j2 - 277. Connection closed. {executed in 0ms} 
2025-01-06 11:23:02.303 INFO  [HikariPool-13 connection closer] l.log4j2 - 277. Connection.close() returned 
2025-01-06 11:23:02.303 INFO  [HikariPool-13 connection closer] l.log4j2 - 278. Connection closed. {executed in 0ms} 
2025-01-06 11:23:02.303 INFO  [HikariPool-13 connection closer] l.log4j2 - 278. Connection.close() returned 
2025-01-06 11:23:02.305 INFO  [HikariPool-13 connection closer] l.log4j2 - 279. Connection closed. {executed in 2ms} 
2025-01-06 11:23:02.305 INFO  [HikariPool-13 connection closer] l.log4j2 - 279. Connection.close() returned 
2025-01-06 11:23:02.305 INFO  [HikariPool-13 connection closer] l.log4j2 - 280. Connection closed. {executed in 0ms} 
2025-01-06 11:23:02.305 INFO  [HikariPool-13 connection closer] l.log4j2 - 280. Connection.close() returned 
2025-01-06 11:23:02.305 INFO  [Thread-51] c.z.h.HikariDataSource - HikariPool-13 - Shutdown completed.
2025-01-06 11:23:02.373 INFO  [restartedMain] o.z.m.MallapiApplication - Starting MallapiApplication using Java 17.0.12 with PID 10712 (C:\Users\ktcs\backend\mallapi\build\classes\java\main started by ktcs in C:\Users\ktcs\backend\mallapi)
2025-01-06 11:23:02.373 INFO  [restartedMain] o.z.m.MallapiApplication - No active profile set, falling back to 1 default profile: "default"
2025-01-06 11:23:02.560 INFO  [restartedMain] o.s.d.r.c.RepositoryConfigurationDelegate - Bootstrapping Spring Data JPA repositories in DEFAULT mode.
2025-01-06 11:23:02.580 INFO  [restartedMain] o.s.d.r.c.RepositoryConfigurationDelegate - Finished Spring Data repository scanning in 19 ms. Found 3 JPA repository interfaces.
2025-01-06 11:23:02.736 INFO  [restartedMain] o.s.b.w.e.t.TomcatWebServer - Tomcat initialized with port 8081 (http)
2025-01-06 11:23:02.738 INFO  [restartedMain] o.a.c.c.StandardService - Starting service [Tomcat]
2025-01-06 11:23:02.738 INFO  [restartedMain] o.a.c.c.StandardEngine - Starting Servlet engine: [Apache Tomcat/10.1.28]
2025-01-06 11:23:02.768 INFO  [restartedMain] o.a.c.c.C.[.[.[/] - Initializing Spring embedded WebApplicationContext
2025-01-06 11:23:02.768 INFO  [restartedMain] o.s.b.w.s.c.ServletWebServerApplicationContext - Root WebApplicationContext: initialization completed in 394 ms
2025-01-06 11:23:02.815 INFO  [restartedMain] o.h.j.i.u.LogHelper - HHH000204: Processing PersistenceUnitInfo [name: default]
2025-01-06 11:23:02.819 INFO  [restartedMain] o.h.c.i.RegionFactoryInitiator - HHH000026: Second-level cache disabled
2025-01-06 11:23:02.824 INFO  [restartedMain] o.s.o.j.p.SpringPersistenceUnitInfo - No LoadTimeWeaver setup: ignoring JPA class transformer
2025-01-06 11:23:02.825 INFO  [restartedMain] c.z.h.HikariDataSource - HikariPool-14 - Starting...
2025-01-06 11:23:02.828 INFO  [restartedMain] l.log4j2 - 281. Connection opened. {executed in 3ms} 
2025-01-06 11:23:02.828 INFO  [restartedMain] l.log4j2 - 281. Connection.new Connection returned 
2025-01-06 11:23:02.829 INFO  [restartedMain] l.log4j2 - 281. Connection.getNetworkTimeout() returned 0
2025-01-06 11:23:02.829 INFO  [restartedMain] l.log4j2 - 281. Connection.isReadOnly() returned false
2025-01-06 11:23:02.829 INFO  [restartedMain] l.log4j2 - 281. Connection.getAutoCommit() returned true
2025-01-06 11:23:02.829 INFO  [restartedMain] l.log4j2 - 281. Connection.isValid(1) returned true
2025-01-06 11:23:02.829 INFO  [restartedMain] l.log4j2 - 281. Connection.getTransactionIsolation() returned 4
2025-01-06 11:23:02.829 INFO  [restartedMain] c.z.h.p.HikariPool - HikariPool-14 - Added connection net.sf.log4jdbc.sql.jdbcapi.ConnectionSpy@b9564bf
2025-01-06 11:23:02.829 INFO  [restartedMain] c.z.h.HikariDataSource - HikariPool-14 - Start completed.
2025-01-06 11:23:02.829 INFO  [restartedMain] l.log4j2 - 281. Connection.getMetaData() returned org.mariadb.jdbc.DatabaseMetaData@5b91d333
2025-01-06 11:23:02.830 INFO  [restartedMain] l.log4j2 - 281. Statement.new Statement returned 
2025-01-06 11:23:02.830 INFO  [restartedMain] l.log4j2 - 281. Connection.createStatement() returned net.sf.log4jdbc.sql.jdbcapi.StatementSpy@58c02108
2025-01-06 11:23:02.830 INFO  [restartedMain] l.log4j2 - 281. SELECT @@character_set_database, @@sql_mode  {executed in 0 ms}
2025-01-06 11:23:02.830 INFO  [restartedMain] l.log4j2 - 281. ResultSet.new ResultSet returned 
2025-01-06 11:23:02.830 INFO  [restartedMain] l.log4j2 - 281. Statement.executeQuery(SELECT @@character_set_database, @@sql_mode) returned net.sf.log4jdbc.sql.jdbcapi.ResultSetSpy@50ee16cb
2025-01-06 11:23:02.830 INFO  [restartedMain] l.log4j2 - 281. ResultSet.next() returned true
2025-01-06 11:23:02.830 INFO  [restartedMain] l.log4j2 - 281. ResultSet.getString(1) returned utf8
2025-01-06 11:23:02.830 INFO  [restartedMain] l.log4j2 - 281. ResultSet.getString(2) returned IGNORE_SPACE,STRICT_TRANS_TABLES,ERROR_FOR_DIVISION_BY_ZERO,NO_AUTO_CREATE_USER,NO_ENGINE_SUBSTITUTION
2025-01-06 11:23:02.830 INFO  [restartedMain] l.log4j2 - 281. Statement.close() returned 
2025-01-06 11:23:02.831 INFO  [restartedMain] l.log4j2 - 281. Connection.getCatalog() returned malldb
2025-01-06 11:23:02.831 INFO  [restartedMain] l.log4j2 - 281. Connection.getSchema() returned null
2025-01-06 11:23:02.831 INFO  [restartedMain] l.log4j2 - 281. Connection.getSchema() returned null
2025-01-06 11:23:02.831 INFO  [restartedMain] l.log4j2 - 281. Connection.getMetaData() returned org.mariadb.jdbc.DatabaseMetaData@707e20f5
2025-01-06 11:23:02.831 INFO  [restartedMain] l.log4j2 - 281. Connection.createClob() returned 
2025-01-06 11:23:02.831 INFO  [restartedMain] l.log4j2 - 281. Connection.createNClob() returned 
2025-01-06 11:23:02.831 INFO  [restartedMain] l.log4j2 - 281. Connection.clearWarnings() returned 
2025-01-06 11:23:02.876 INFO  [restartedMain] o.h.e.t.j.p.i.JtaPlatformInitiator - HHH000489: No JTA platform available (set 'hibernate.transaction.jta.platform' to enable JTA platform integration)
2025-01-06 11:23:02.877 INFO  [restartedMain] l.log4j2 - 281. Connection.getAutoCommit() returned true
2025-01-06 11:23:02.877 INFO  [restartedMain] l.log4j2 - 281. PreparedStatement.new PreparedStatement returned 
2025-01-06 11:23:02.877 INFO  [restartedMain] l.log4j2 - 281. Connection.prepareStatement(select table_name from information_schema.TABLES where table_schema=database() and table_type='SEQUENCE') returned net.sf.log4jdbc.sql.jdbcapi.PreparedStatementSpy@75264aa5
2025-01-06 11:23:02.878 INFO  [restartedMain] l.log4j2 - 281. select table_name from information_schema.TABLES where table_schema=database() and table_type='SEQUENCE'  {executed in 1 ms}
2025-01-06 11:23:02.878 INFO  [restartedMain] l.log4j2 - 281. ResultSet.new ResultSet returned 
2025-01-06 11:23:02.878 INFO  [restartedMain] l.log4j2 - 281. PreparedStatement.executeQuery() returned net.sf.log4jdbc.sql.jdbcapi.ResultSetSpy@240f9d62
2025-01-06 11:23:02.878 INFO  [restartedMain] l.log4j2 - 
|-----------|
|table_name |
|-----------|
|-----------|

2025-01-06 11:23:02.878 INFO  [restartedMain] l.log4j2 - 281. ResultSet.next() returned false
2025-01-06 11:23:02.878 INFO  [restartedMain] l.log4j2 - 281. ResultSet.close() returned void
2025-01-06 11:23:02.878 INFO  [restartedMain] l.log4j2 - 281. PreparedStatement.close() returned 
2025-01-06 11:23:02.878 INFO  [restartedMain] l.log4j2 - 281. Connection.getMetaData() returned org.mariadb.jdbc.DatabaseMetaData@1ad204f4
2025-01-06 11:23:02.898 INFO  [restartedMain] l.log4j2 - 281. PreparedStatement.new PreparedStatement returned 
2025-01-06 11:23:02.898 INFO  [restartedMain] l.log4j2 - 281. Connection.prepareStatement(select * from `malldb`.`member` where 1=0) returned net.sf.log4jdbc.sql.jdbcapi.PreparedStatementSpy@72f55490
2025-01-06 11:23:02.898 INFO  [restartedMain] l.log4j2 - 281. select * from `malldb`.`member` where 1=0  {executed in 0 ms}
2025-01-06 11:23:02.898 INFO  [restartedMain] l.log4j2 - 281. ResultSet.new ResultSet returned 
2025-01-06 11:23:02.898 INFO  [restartedMain] l.log4j2 - 281. PreparedStatement.executeQuery() returned net.sf.log4jdbc.sql.jdbcapi.ResultSetSpy@2a493321
2025-01-06 11:23:02.898 INFO  [restartedMain] l.log4j2 - 281. ResultSet.getMetaData() returned org.mariadb.jdbc.client.result.ResultSetMetaData@20366738
2025-01-06 11:23:02.899 INFO  [restartedMain] l.log4j2 - 
|------|---------|---|-------|
|email |nickname |pw |social |
|------|---------|---|-------|
|------|---------|---|-------|

2025-01-06 11:23:02.899 INFO  [restartedMain] l.log4j2 - 281. ResultSet.close() returned void
2025-01-06 11:23:02.899 INFO  [restartedMain] l.log4j2 - 281. PreparedStatement.close() returned 
2025-01-06 11:23:02.900 INFO  [restartedMain] l.log4j2 - 281. PreparedStatement.new PreparedStatement returned 
2025-01-06 11:23:02.900 INFO  [restartedMain] l.log4j2 - 281. Connection.prepareStatement(select * from `malldb`.`tbl_product` where 1=0) returned net.sf.log4jdbc.sql.jdbcapi.PreparedStatementSpy@47de80c4
2025-01-06 11:23:02.901 INFO  [restartedMain] l.log4j2 - 281. select * from `malldb`.`tbl_product` where 1=0  {executed in 1 ms}
2025-01-06 11:23:02.901 INFO  [restartedMain] l.log4j2 - 281. ResultSet.new ResultSet returned 
2025-01-06 11:23:02.901 INFO  [restartedMain] l.log4j2 - 281. PreparedStatement.executeQuery() returned net.sf.log4jdbc.sql.jdbcapi.ResultSetSpy@246d7325
2025-01-06 11:23:02.901 INFO  [restartedMain] l.log4j2 - 281. ResultSet.getMetaData() returned org.mariadb.jdbc.client.result.ResultSetMetaData@3771cf37
2025-01-06 11:23:02.901 INFO  [restartedMain] l.log4j2 - 
|----|---------|------|------|------|
|pno |del_flag |pdesc |pname |price |
|----|---------|------|------|------|
|----|---------|------|------|------|

2025-01-06 11:23:02.901 INFO  [restartedMain] l.log4j2 - 281. ResultSet.close() returned void
2025-01-06 11:23:02.901 INFO  [restartedMain] l.log4j2 - 281. PreparedStatement.close() returned 
2025-01-06 11:23:02.901 INFO  [restartedMain] l.log4j2 - 281. Connection.clearWarnings() returned 
2025-01-06 11:23:02.901 INFO  [restartedMain] o.s.o.j.LocalContainerEntityManagerFactoryBean - Initialized JPA EntityManagerFactory for persistence unit 'default'
2025-01-06 11:23:02.935 INFO  [HikariPool-14 connection adder] l.log4j2 - 282. Connection opened. {executed in 2ms} 
2025-01-06 11:23:02.935 INFO  [HikariPool-14 connection adder] l.log4j2 - 282. Connection.new Connection returned 
2025-01-06 11:23:02.935 INFO  [HikariPool-14 connection adder] l.log4j2 - 282. Connection.isReadOnly() returned false
2025-01-06 11:23:02.935 INFO  [HikariPool-14 connection adder] l.log4j2 - 282. Connection.getAutoCommit() returned true
2025-01-06 11:23:02.951 INFO  [HikariPool-14 connection adder] l.log4j2 - 283. Connection opened. {executed in 3ms} 
2025-01-06 11:23:02.951 INFO  [HikariPool-14 connection adder] l.log4j2 - 283. Connection.new Connection returned 
2025-01-06 11:23:02.951 INFO  [HikariPool-14 connection adder] l.log4j2 - 283. Connection.isReadOnly() returned false
2025-01-06 11:23:02.951 INFO  [HikariPool-14 connection adder] l.log4j2 - 283. Connection.getAutoCommit() returned true
2025-01-06 11:23:02.967 INFO  [HikariPool-14 connection adder] l.log4j2 - 284. Connection opened. {executed in 2ms} 
2025-01-06 11:23:02.967 INFO  [HikariPool-14 connection adder] l.log4j2 - 284. Connection.new Connection returned 
2025-01-06 11:23:02.967 INFO  [HikariPool-14 connection adder] l.log4j2 - 284. Connection.isReadOnly() returned false
2025-01-06 11:23:02.967 INFO  [HikariPool-14 connection adder] l.log4j2 - 284. Connection.getAutoCommit() returned true
2025-01-06 11:23:02.975 INFO  [restartedMain] o.z.m.u.CustomFileUtil - -------------------------------------
2025-01-06 11:23:02.975 INFO  [restartedMain] o.z.m.u.CustomFileUtil - C:\Users\ktcs\backend\mallapi\upload
2025-01-06 11:23:02.982 INFO  [HikariPool-14 connection adder] l.log4j2 - 285. Connection opened. {executed in 2ms} 
2025-01-06 11:23:02.982 INFO  [HikariPool-14 connection adder] l.log4j2 - 285. Connection.new Connection returned 
2025-01-06 11:23:02.982 INFO  [HikariPool-14 connection adder] l.log4j2 - 285. Connection.isReadOnly() returned false
2025-01-06 11:23:02.982 INFO  [HikariPool-14 connection adder] l.log4j2 - 285. Connection.getAutoCommit() returned true
2025-01-06 11:23:02.997 INFO  [HikariPool-14 connection adder] l.log4j2 - 286. Connection opened. {executed in 2ms} 
2025-01-06 11:23:02.997 INFO  [HikariPool-14 connection adder] l.log4j2 - 286. Connection.new Connection returned 
2025-01-06 11:23:02.997 INFO  [HikariPool-14 connection adder] l.log4j2 - 286. Connection.isReadOnly() returned false
2025-01-06 11:23:02.997 INFO  [HikariPool-14 connection adder] l.log4j2 - 286. Connection.getAutoCommit() returned true
2025-01-06 11:23:03.012 INFO  [HikariPool-14 connection adder] l.log4j2 - 287. Connection opened. {executed in 2ms} 
2025-01-06 11:23:03.012 INFO  [HikariPool-14 connection adder] l.log4j2 - 287. Connection.new Connection returned 
2025-01-06 11:23:03.012 INFO  [HikariPool-14 connection adder] l.log4j2 - 287. Connection.isReadOnly() returned false
2025-01-06 11:23:03.012 INFO  [HikariPool-14 connection adder] l.log4j2 - 287. Connection.getAutoCommit() returned true
2025-01-06 11:23:03.023 WARN  [restartedMain] o.s.b.a.o.j.JpaBaseConfiguration$JpaWebConfiguration - spring.jpa.open-in-view is enabled by default. Therefore, database queries may be performed during view rendering. Explicitly configure spring.jpa.open-in-view to disable this warning
2025-01-06 11:23:03.028 INFO  [HikariPool-14 connection adder] l.log4j2 - 288. Connection opened. {executed in 2ms} 
2025-01-06 11:23:03.028 INFO  [HikariPool-14 connection adder] l.log4j2 - 288. Connection.new Connection returned 
2025-01-06 11:23:03.028 INFO  [HikariPool-14 connection adder] l.log4j2 - 288. Connection.isReadOnly() returned false
2025-01-06 11:23:03.028 INFO  [HikariPool-14 connection adder] l.log4j2 - 288. Connection.getAutoCommit() returned true
2025-01-06 11:23:03.041 INFO  [restartedMain] o.z.m.c.CustomSecurityConfig - ---------------------security config---------------------------
2025-01-06 11:23:03.045 INFO  [HikariPool-14 connection adder] l.log4j2 - 289. Connection opened. {executed in 3ms} 
2025-01-06 11:23:03.045 INFO  [HikariPool-14 connection adder] l.log4j2 - 289. Connection.new Connection returned 
2025-01-06 11:23:03.045 INFO  [HikariPool-14 connection adder] l.log4j2 - 289. Connection.isReadOnly() returned false
2025-01-06 11:23:03.045 INFO  [HikariPool-14 connection adder] l.log4j2 - 289. Connection.getAutoCommit() returned true
2025-01-06 11:23:03.059 INFO  [HikariPool-14 connection adder] l.log4j2 - 290. Connection opened. {executed in 2ms} 
2025-01-06 11:23:03.059 INFO  [HikariPool-14 connection adder] l.log4j2 - 290. Connection.new Connection returned 
2025-01-06 11:23:03.060 INFO  [HikariPool-14 connection adder] l.log4j2 - 290. Connection.isReadOnly() returned false
2025-01-06 11:23:03.060 INFO  [HikariPool-14 connection adder] l.log4j2 - 290. Connection.getAutoCommit() returned true
2025-01-06 11:23:03.061 INFO  [restartedMain] o.s.s.w.DefaultSecurityFilterChain - Will secure any request with [org.springframework.security.web.session.DisableEncodeUrlFilter@66450b44, org.springframework.security.web.context.request.async.WebAsyncManagerIntegrationFilter@54651789, org.springframework.security.web.context.SecurityContextHolderFilter@1a7afc5e, org.springframework.security.web.header.HeaderWriterFilter@6ce30997, org.springframework.web.filter.CorsFilter@754b9ee, org.springframework.security.web.authentication.logout.LogoutFilter@4a933e3d, org.zerock.mallapi.security.filter.JWTCheckFilter@5b49057f, org.springframework.security.web.authentication.UsernamePasswordAuthenticationFilter@1229dd16, org.springframework.security.web.savedrequest.RequestCacheAwareFilter@50611061, org.springframework.security.web.servletapi.SecurityContextHolderAwareRequestFilter@24ba044b, org.springframework.security.web.authentication.AnonymousAuthenticationFilter@15183a79, org.springframework.security.web.session.SessionManagementFilter@33f215be, org.springframework.security.web.access.ExceptionTranslationFilter@5423de5e]
2025-01-06 11:23:03.230 INFO  [restartedMain] o.s.b.d.a.OptionalLiveReloadServer - LiveReload server is running on port 35729
2025-01-06 11:23:03.241 INFO  [restartedMain] o.s.b.w.e.t.TomcatWebServer - Tomcat started on port 8081 (http) with context path ''
2025-01-06 11:23:03.246 INFO  [restartedMain] o.z.m.MallapiApplication - Started MallapiApplication in 0.901 seconds (process running for 251619.869)
2025-01-06 11:23:03.247 INFO  [restartedMain] o.s.b.d.a.ConditionEvaluationDeltaLoggingListener - Condition evaluation unchanged
2025-01-06 11:24:20.129 INFO  [File Watcher] o.s.b.d.a.LocalDevToolsAutoConfiguration$RestartingClassPathChangeChangedEventListener - Restarting due to 1 class path change (0 additions, 1 deletion, 0 modifications)
2025-01-06 11:24:20.391 INFO  [Thread-55] o.s.o.j.LocalContainerEntityManagerFactoryBean - Closing JPA EntityManagerFactory for persistence unit 'default'
2025-01-06 11:24:20.399 INFO  [Thread-55] c.z.h.HikariDataSource - HikariPool-14 - Shutdown initiated...
2025-01-06 11:24:20.402 INFO  [HikariPool-14 connection closer] l.log4j2 - 281. Connection closed. {executed in 1ms} 
2025-01-06 11:24:20.403 INFO  [HikariPool-14 connection closer] l.log4j2 - 281. Connection.close() returned 
2025-01-06 11:24:20.405 INFO  [HikariPool-14 connection closer] l.log4j2 - 282. Connection closed. {executed in 2ms} 
2025-01-06 11:24:20.405 INFO  [HikariPool-14 connection closer] l.log4j2 - 282. Connection.close() returned 
2025-01-06 11:24:20.406 INFO  [HikariPool-14 connection closer] l.log4j2 - 283. Connection closed. {executed in 0ms} 
2025-01-06 11:24:20.406 INFO  [HikariPool-14 connection closer] l.log4j2 - 283. Connection.close() returned 
2025-01-06 11:24:20.406 INFO  [HikariPool-14 connection closer] l.log4j2 - 284. Connection closed. {executed in 0ms} 
2025-01-06 11:24:20.406 INFO  [HikariPool-14 connection closer] l.log4j2 - 284. Connection.close() returned 
2025-01-06 11:24:20.407 INFO  [HikariPool-14 connection closer] l.log4j2 - 285. Connection closed. {executed in 0ms} 
2025-01-06 11:24:20.407 INFO  [HikariPool-14 connection closer] l.log4j2 - 285. Connection.close() returned 
2025-01-06 11:24:20.407 INFO  [HikariPool-14 connection closer] l.log4j2 - 286. Connection closed. {executed in 0ms} 
2025-01-06 11:24:20.407 INFO  [HikariPool-14 connection closer] l.log4j2 - 286. Connection.close() returned 
2025-01-06 11:24:20.407 INFO  [HikariPool-14 connection closer] l.log4j2 - 287. Connection closed. {executed in 0ms} 
2025-01-06 11:24:20.407 INFO  [HikariPool-14 connection closer] l.log4j2 - 287. Connection.close() returned 
2025-01-06 11:24:20.408 INFO  [HikariPool-14 connection closer] l.log4j2 - 288. Connection closed. {executed in 1ms} 
2025-01-06 11:24:20.408 INFO  [HikariPool-14 connection closer] l.log4j2 - 288. Connection.close() returned 
2025-01-06 11:24:20.408 INFO  [HikariPool-14 connection closer] l.log4j2 - 289. Connection closed. {executed in 0ms} 
2025-01-06 11:24:20.408 INFO  [HikariPool-14 connection closer] l.log4j2 - 289. Connection.close() returned 
2025-01-06 11:24:20.408 INFO  [HikariPool-14 connection closer] l.log4j2 - 290. Connection closed. {executed in 0ms} 
2025-01-06 11:24:20.408 INFO  [HikariPool-14 connection closer] l.log4j2 - 290. Connection.close() returned 
2025-01-06 11:24:20.408 INFO  [Thread-55] c.z.h.HikariDataSource - HikariPool-14 - Shutdown completed.
2025-01-06 11:24:20.510 INFO  [restartedMain] o.z.m.MallapiApplication - Starting MallapiApplication using Java 17.0.12 with PID 10712 (C:\Users\ktcs\backend\mallapi\build\classes\java\main started by ktcs in C:\Users\ktcs\backend\mallapi)
2025-01-06 11:24:20.510 INFO  [restartedMain] o.z.m.MallapiApplication - No active profile set, falling back to 1 default profile: "default"
2025-01-06 11:24:20.774 INFO  [restartedMain] o.s.d.r.c.RepositoryConfigurationDelegate - Bootstrapping Spring Data JPA repositories in DEFAULT mode.
2025-01-06 11:24:20.798 INFO  [restartedMain] o.s.d.r.c.RepositoryConfigurationDelegate - Finished Spring Data repository scanning in 24 ms. Found 3 JPA repository interfaces.
2025-01-06 11:24:20.962 INFO  [restartedMain] o.s.b.w.e.t.TomcatWebServer - Tomcat initialized with port 8081 (http)
2025-01-06 11:24:20.963 INFO  [restartedMain] o.a.c.c.StandardService - Starting service [Tomcat]
2025-01-06 11:24:20.963 INFO  [restartedMain] o.a.c.c.StandardEngine - Starting Servlet engine: [Apache Tomcat/10.1.28]
2025-01-06 11:24:20.997 INFO  [restartedMain] o.a.c.c.C.[.[.[/] - Initializing Spring embedded WebApplicationContext
2025-01-06 11:24:20.998 INFO  [restartedMain] o.s.b.w.s.c.ServletWebServerApplicationContext - Root WebApplicationContext: initialization completed in 487 ms
2025-01-06 11:24:21.054 INFO  [restartedMain] o.h.j.i.u.LogHelper - HHH000204: Processing PersistenceUnitInfo [name: default]
2025-01-06 11:24:21.058 INFO  [restartedMain] o.h.c.i.RegionFactoryInitiator - HHH000026: Second-level cache disabled
2025-01-06 11:24:21.066 INFO  [restartedMain] o.s.o.j.p.SpringPersistenceUnitInfo - No LoadTimeWeaver setup: ignoring JPA class transformer
2025-01-06 11:24:21.068 INFO  [restartedMain] c.z.h.HikariDataSource - HikariPool-15 - Starting...
2025-01-06 11:24:21.071 INFO  [restartedMain] l.log4j2 - 291. Connection opened. {executed in 3ms} 
2025-01-06 11:24:21.071 INFO  [restartedMain] l.log4j2 - 291. Connection.new Connection returned 
2025-01-06 11:24:21.071 INFO  [restartedMain] l.log4j2 - 291. Connection.getNetworkTimeout() returned 0
2025-01-06 11:24:21.071 INFO  [restartedMain] l.log4j2 - 291. Connection.isReadOnly() returned false
2025-01-06 11:24:21.071 INFO  [restartedMain] l.log4j2 - 291. Connection.getAutoCommit() returned true
2025-01-06 11:24:21.072 INFO  [restartedMain] l.log4j2 - 291. Connection.isValid(1) returned true
2025-01-06 11:24:21.072 INFO  [restartedMain] l.log4j2 - 291. Connection.getTransactionIsolation() returned 4
2025-01-06 11:24:21.072 INFO  [restartedMain] c.z.h.p.HikariPool - HikariPool-15 - Added connection net.sf.log4jdbc.sql.jdbcapi.ConnectionSpy@5449f846
2025-01-06 11:24:21.072 INFO  [restartedMain] c.z.h.HikariDataSource - HikariPool-15 - Start completed.
2025-01-06 11:24:21.072 INFO  [restartedMain] l.log4j2 - 291. Connection.getMetaData() returned org.mariadb.jdbc.DatabaseMetaData@7de96734
2025-01-06 11:24:21.072 INFO  [restartedMain] l.log4j2 - 291. Statement.new Statement returned 
2025-01-06 11:24:21.074 INFO  [restartedMain] l.log4j2 - 291. Connection.createStatement() returned net.sf.log4jdbc.sql.jdbcapi.StatementSpy@1f78a9a3
2025-01-06 11:24:21.074 INFO  [restartedMain] l.log4j2 - 291. SELECT @@character_set_database, @@sql_mode  {executed in 0 ms}
2025-01-06 11:24:21.074 INFO  [restartedMain] l.log4j2 - 291. ResultSet.new ResultSet returned 
2025-01-06 11:24:21.074 INFO  [restartedMain] l.log4j2 - 291. Statement.executeQuery(SELECT @@character_set_database, @@sql_mode) returned net.sf.log4jdbc.sql.jdbcapi.ResultSetSpy@3daa27a4
2025-01-06 11:24:21.074 INFO  [restartedMain] l.log4j2 - 291. ResultSet.next() returned true
2025-01-06 11:24:21.074 INFO  [restartedMain] l.log4j2 - 291. ResultSet.getString(1) returned utf8
2025-01-06 11:24:21.074 INFO  [restartedMain] l.log4j2 - 291. ResultSet.getString(2) returned IGNORE_SPACE,STRICT_TRANS_TABLES,ERROR_FOR_DIVISION_BY_ZERO,NO_AUTO_CREATE_USER,NO_ENGINE_SUBSTITUTION
2025-01-06 11:24:21.074 INFO  [restartedMain] l.log4j2 - 291. Statement.close() returned 
2025-01-06 11:24:21.075 INFO  [restartedMain] l.log4j2 - 291. Connection.getCatalog() returned malldb
2025-01-06 11:24:21.075 INFO  [restartedMain] l.log4j2 - 291. Connection.getSchema() returned null
2025-01-06 11:24:21.075 INFO  [restartedMain] l.log4j2 - 291. Connection.getSchema() returned null
2025-01-06 11:24:21.075 INFO  [restartedMain] l.log4j2 - 291. Connection.getMetaData() returned org.mariadb.jdbc.DatabaseMetaData@263a639f
2025-01-06 11:24:21.075 INFO  [restartedMain] l.log4j2 - 291. Connection.createClob() returned 
2025-01-06 11:24:21.075 INFO  [restartedMain] l.log4j2 - 291. Connection.createNClob() returned 
2025-01-06 11:24:21.075 INFO  [restartedMain] l.log4j2 - 291. Connection.clearWarnings() returned 
2025-01-06 11:24:21.135 INFO  [restartedMain] o.h.e.t.j.p.i.JtaPlatformInitiator - HHH000489: No JTA platform available (set 'hibernate.transaction.jta.platform' to enable JTA platform integration)
2025-01-06 11:24:21.135 INFO  [restartedMain] l.log4j2 - 291. Connection.getAutoCommit() returned true
2025-01-06 11:24:21.135 INFO  [restartedMain] l.log4j2 - 291. PreparedStatement.new PreparedStatement returned 
2025-01-06 11:24:21.135 INFO  [restartedMain] l.log4j2 - 291. Connection.prepareStatement(select table_name from information_schema.TABLES where table_schema=database() and table_type='SEQUENCE') returned net.sf.log4jdbc.sql.jdbcapi.PreparedStatementSpy@2df7ce67
2025-01-06 11:24:21.136 INFO  [restartedMain] l.log4j2 - 291. select table_name from information_schema.TABLES where table_schema=database() and table_type='SEQUENCE'  {executed in 1 ms}
2025-01-06 11:24:21.136 INFO  [restartedMain] l.log4j2 - 291. ResultSet.new ResultSet returned 
2025-01-06 11:24:21.136 INFO  [restartedMain] l.log4j2 - 291. PreparedStatement.executeQuery() returned net.sf.log4jdbc.sql.jdbcapi.ResultSetSpy@4bf6aa6e
2025-01-06 11:24:21.138 INFO  [restartedMain] l.log4j2 - 
|-----------|
|table_name |
|-----------|
|-----------|

2025-01-06 11:24:21.138 INFO  [restartedMain] l.log4j2 - 291. ResultSet.next() returned false
2025-01-06 11:24:21.138 INFO  [restartedMain] l.log4j2 - 291. ResultSet.close() returned void
2025-01-06 11:24:21.138 INFO  [restartedMain] l.log4j2 - 291. PreparedStatement.close() returned 
2025-01-06 11:24:21.138 INFO  [restartedMain] l.log4j2 - 291. Connection.getMetaData() returned org.mariadb.jdbc.DatabaseMetaData@77b4fdcb
2025-01-06 11:24:21.160 INFO  [restartedMain] l.log4j2 - 291. PreparedStatement.new PreparedStatement returned 
2025-01-06 11:24:21.160 INFO  [restartedMain] l.log4j2 - 291. Connection.prepareStatement(select * from `malldb`.`member` where 1=0) returned net.sf.log4jdbc.sql.jdbcapi.PreparedStatementSpy@4fdf0bb1
2025-01-06 11:24:21.160 INFO  [restartedMain] l.log4j2 - 291. select * from `malldb`.`member` where 1=0  {executed in 0 ms}
2025-01-06 11:24:21.160 INFO  [restartedMain] l.log4j2 - 291. ResultSet.new ResultSet returned 
2025-01-06 11:24:21.160 INFO  [restartedMain] l.log4j2 - 291. PreparedStatement.executeQuery() returned net.sf.log4jdbc.sql.jdbcapi.ResultSetSpy@31846dfe
2025-01-06 11:24:21.160 INFO  [restartedMain] l.log4j2 - 291. ResultSet.getMetaData() returned org.mariadb.jdbc.client.result.ResultSetMetaData@618e94a0
2025-01-06 11:24:21.161 INFO  [restartedMain] l.log4j2 - 
|------|---------|---|-------|
|email |nickname |pw |social |
|------|---------|---|-------|
|------|---------|---|-------|

2025-01-06 11:24:21.161 INFO  [restartedMain] l.log4j2 - 291. ResultSet.close() returned void
2025-01-06 11:24:21.161 INFO  [restartedMain] l.log4j2 - 291. PreparedStatement.close() returned 
2025-01-06 11:24:21.162 INFO  [restartedMain] l.log4j2 - 291. PreparedStatement.new PreparedStatement returned 
2025-01-06 11:24:21.162 INFO  [restartedMain] l.log4j2 - 291. Connection.prepareStatement(select * from `malldb`.`tbl_product` where 1=0) returned net.sf.log4jdbc.sql.jdbcapi.PreparedStatementSpy@49797179
2025-01-06 11:24:21.164 INFO  [restartedMain] l.log4j2 - 291. select * from `malldb`.`tbl_product` where 1=0  {executed in 2 ms}
2025-01-06 11:24:21.164 INFO  [restartedMain] l.log4j2 - 291. ResultSet.new ResultSet returned 
2025-01-06 11:24:21.164 INFO  [restartedMain] l.log4j2 - 291. PreparedStatement.executeQuery() returned net.sf.log4jdbc.sql.jdbcapi.ResultSetSpy@5b800e35
2025-01-06 11:24:21.164 INFO  [restartedMain] l.log4j2 - 291. ResultSet.getMetaData() returned org.mariadb.jdbc.client.result.ResultSetMetaData@4ebeba71
2025-01-06 11:24:21.164 INFO  [restartedMain] l.log4j2 - 
|----|---------|------|------|------|
|pno |del_flag |pdesc |pname |price |
|----|---------|------|------|------|
|----|---------|------|------|------|

2025-01-06 11:24:21.164 INFO  [restartedMain] l.log4j2 - 291. ResultSet.close() returned void
2025-01-06 11:24:21.164 INFO  [restartedMain] l.log4j2 - 291. PreparedStatement.close() returned 
2025-01-06 11:24:21.164 INFO  [restartedMain] l.log4j2 - 291. Connection.clearWarnings() returned 
2025-01-06 11:24:21.164 INFO  [restartedMain] o.s.o.j.LocalContainerEntityManagerFactoryBean - Initialized JPA EntityManagerFactory for persistence unit 'default'
2025-01-06 11:24:21.180 INFO  [HikariPool-15 connection adder] l.log4j2 - 292. Connection opened. {executed in 2ms} 
2025-01-06 11:24:21.180 INFO  [HikariPool-15 connection adder] l.log4j2 - 292. Connection.new Connection returned 
2025-01-06 11:24:21.182 INFO  [HikariPool-15 connection adder] l.log4j2 - 292. Connection.isReadOnly() returned false
2025-01-06 11:24:21.182 INFO  [HikariPool-15 connection adder] l.log4j2 - 292. Connection.getAutoCommit() returned true
2025-01-06 11:24:21.196 INFO  [HikariPool-15 connection adder] l.log4j2 - 293. Connection opened. {executed in 3ms} 
2025-01-06 11:24:21.196 INFO  [HikariPool-15 connection adder] l.log4j2 - 293. Connection.new Connection returned 
2025-01-06 11:24:21.196 INFO  [HikariPool-15 connection adder] l.log4j2 - 293. Connection.isReadOnly() returned false
2025-01-06 11:24:21.196 INFO  [HikariPool-15 connection adder] l.log4j2 - 293. Connection.getAutoCommit() returned true
2025-01-06 11:24:21.211 INFO  [HikariPool-15 connection adder] l.log4j2 - 294. Connection opened. {executed in 2ms} 
2025-01-06 11:24:21.211 INFO  [HikariPool-15 connection adder] l.log4j2 - 294. Connection.new Connection returned 
2025-01-06 11:24:21.211 INFO  [HikariPool-15 connection adder] l.log4j2 - 294. Connection.isReadOnly() returned false
2025-01-06 11:24:21.211 INFO  [HikariPool-15 connection adder] l.log4j2 - 294. Connection.getAutoCommit() returned true
2025-01-06 11:24:21.226 INFO  [HikariPool-15 connection adder] l.log4j2 - 295. Connection opened. {executed in 2ms} 
2025-01-06 11:24:21.227 INFO  [HikariPool-15 connection adder] l.log4j2 - 295. Connection.new Connection returned 
2025-01-06 11:24:21.227 INFO  [HikariPool-15 connection adder] l.log4j2 - 295. Connection.isReadOnly() returned false
2025-01-06 11:24:21.227 INFO  [HikariPool-15 connection adder] l.log4j2 - 295. Connection.getAutoCommit() returned true
2025-01-06 11:24:21.241 INFO  [HikariPool-15 connection adder] l.log4j2 - 296. Connection opened. {executed in 2ms} 
2025-01-06 11:24:21.242 INFO  [HikariPool-15 connection adder] l.log4j2 - 296. Connection.new Connection returned 
2025-01-06 11:24:21.242 INFO  [HikariPool-15 connection adder] l.log4j2 - 296. Connection.isReadOnly() returned false
2025-01-06 11:24:21.242 INFO  [HikariPool-15 connection adder] l.log4j2 - 296. Connection.getAutoCommit() returned true
2025-01-06 11:24:21.251 INFO  [restartedMain] o.z.m.u.CustomFileUtil - -------------------------------------
2025-01-06 11:24:21.251 INFO  [restartedMain] o.z.m.u.CustomFileUtil - C:\Users\ktcs\backend\mallapi\upload
2025-01-06 11:24:21.257 INFO  [HikariPool-15 connection adder] l.log4j2 - 297. Connection opened. {executed in 2ms} 
2025-01-06 11:24:21.257 INFO  [HikariPool-15 connection adder] l.log4j2 - 297. Connection.new Connection returned 
2025-01-06 11:24:21.257 INFO  [HikariPool-15 connection adder] l.log4j2 - 297. Connection.isReadOnly() returned false
2025-01-06 11:24:21.257 INFO  [HikariPool-15 connection adder] l.log4j2 - 297. Connection.getAutoCommit() returned true
2025-01-06 11:24:21.273 INFO  [HikariPool-15 connection adder] l.log4j2 - 298. Connection opened. {executed in 3ms} 
2025-01-06 11:24:21.273 INFO  [HikariPool-15 connection adder] l.log4j2 - 298. Connection.new Connection returned 
2025-01-06 11:24:21.273 INFO  [HikariPool-15 connection adder] l.log4j2 - 298. Connection.isReadOnly() returned false
2025-01-06 11:24:21.273 INFO  [HikariPool-15 connection adder] l.log4j2 - 298. Connection.getAutoCommit() returned true
2025-01-06 11:24:21.289 INFO  [HikariPool-15 connection adder] l.log4j2 - 299. Connection opened. {executed in 3ms} 
2025-01-06 11:24:21.289 INFO  [HikariPool-15 connection adder] l.log4j2 - 299. Connection.new Connection returned 
2025-01-06 11:24:21.289 INFO  [HikariPool-15 connection adder] l.log4j2 - 299. Connection.isReadOnly() returned false
2025-01-06 11:24:21.289 INFO  [HikariPool-15 connection adder] l.log4j2 - 299. Connection.getAutoCommit() returned true
2025-01-06 11:24:21.305 INFO  [HikariPool-15 connection adder] l.log4j2 - 300. Connection opened. {executed in 3ms} 
2025-01-06 11:24:21.305 INFO  [HikariPool-15 connection adder] l.log4j2 - 300. Connection.new Connection returned 
2025-01-06 11:24:21.305 INFO  [HikariPool-15 connection adder] l.log4j2 - 300. Connection.isReadOnly() returned false
2025-01-06 11:24:21.306 INFO  [HikariPool-15 connection adder] l.log4j2 - 300. Connection.getAutoCommit() returned true
2025-01-06 11:24:21.313 WARN  [restartedMain] o.s.b.a.o.j.JpaBaseConfiguration$JpaWebConfiguration - spring.jpa.open-in-view is enabled by default. Therefore, database queries may be performed during view rendering. Explicitly configure spring.jpa.open-in-view to disable this warning
2025-01-06 11:24:21.338 INFO  [restartedMain] o.z.m.c.CustomSecurityConfig - ---------------------security config---------------------------
2025-01-06 11:24:21.361 INFO  [restartedMain] o.s.s.w.DefaultSecurityFilterChain - Will secure any request with [org.springframework.security.web.session.DisableEncodeUrlFilter@5f28830f, org.springframework.security.web.context.request.async.WebAsyncManagerIntegrationFilter@446d3c30, org.springframework.security.web.context.SecurityContextHolderFilter@63518e8b, org.springframework.security.web.header.HeaderWriterFilter@5c053e1c, org.springframework.web.filter.CorsFilter@67040f20, org.springframework.security.web.authentication.logout.LogoutFilter@2bc1017c, org.zerock.mallapi.security.filter.JWTCheckFilter@296484a3, org.springframework.security.web.authentication.UsernamePasswordAuthenticationFilter@49e0f9ca, org.springframework.security.web.savedrequest.RequestCacheAwareFilter@43b42ee0, org.springframework.security.web.servletapi.SecurityContextHolderAwareRequestFilter@36b40d54, org.springframework.security.web.authentication.AnonymousAuthenticationFilter@324f4a7b, org.springframework.security.web.session.SessionManagementFilter@3c29cc8e, org.springframework.security.web.access.ExceptionTranslationFilter@718a39f8]
2025-01-06 11:24:21.566 INFO  [restartedMain] o.s.b.d.a.OptionalLiveReloadServer - LiveReload server is running on port 35729
2025-01-06 11:24:21.579 INFO  [restartedMain] o.s.b.w.e.t.TomcatWebServer - Tomcat started on port 8081 (http) with context path ''
2025-01-06 11:24:21.583 INFO  [restartedMain] o.z.m.MallapiApplication - Started MallapiApplication in 1.101 seconds (process running for 251698.206)
2025-01-06 11:24:21.585 INFO  [restartedMain] o.s.b.d.a.ConditionEvaluationDeltaLoggingListener - Condition evaluation unchanged
2025-01-06 11:24:23.021 INFO  [File Watcher] o.s.b.d.a.LocalDevToolsAutoConfiguration$RestartingClassPathChangeChangedEventListener - Restarting due to 1 class path change (1 addition, 0 deletions, 0 modifications)
2025-01-06 11:24:23.170 INFO  [Thread-59] o.s.o.j.LocalContainerEntityManagerFactoryBean - Closing JPA EntityManagerFactory for persistence unit 'default'
2025-01-06 11:24:23.170 INFO  [Thread-59] c.z.h.HikariDataSource - HikariPool-15 - Shutdown initiated...
2025-01-06 11:24:23.171 INFO  [HikariPool-15 connection closer] l.log4j2 - 291. Connection closed. {executed in 1ms} 
2025-01-06 11:24:23.171 INFO  [HikariPool-15 connection closer] l.log4j2 - 291. Connection.close() returned 
2025-01-06 11:24:23.171 INFO  [HikariPool-15 connection closer] l.log4j2 - 292. Connection closed. {executed in 0ms} 
2025-01-06 11:24:23.171 INFO  [HikariPool-15 connection closer] l.log4j2 - 292. Connection.close() returned 
2025-01-06 11:24:23.171 INFO  [HikariPool-15 connection closer] l.log4j2 - 293. Connection closed. {executed in 0ms} 
2025-01-06 11:24:23.171 INFO  [HikariPool-15 connection closer] l.log4j2 - 293. Connection.close() returned 
2025-01-06 11:24:23.171 INFO  [HikariPool-15 connection closer] l.log4j2 - 294. Connection closed. {executed in 0ms} 
2025-01-06 11:24:23.171 INFO  [HikariPool-15 connection closer] l.log4j2 - 294. Connection.close() returned 
2025-01-06 11:24:23.172 INFO  [HikariPool-15 connection closer] l.log4j2 - 295. Connection closed. {executed in 1ms} 
2025-01-06 11:24:23.172 INFO  [HikariPool-15 connection closer] l.log4j2 - 295. Connection.close() returned 
2025-01-06 11:24:23.172 INFO  [HikariPool-15 connection closer] l.log4j2 - 296. Connection closed. {executed in 0ms} 
2025-01-06 11:24:23.172 INFO  [HikariPool-15 connection closer] l.log4j2 - 296. Connection.close() returned 
2025-01-06 11:24:23.172 INFO  [HikariPool-15 connection closer] l.log4j2 - 297. Connection closed. {executed in 0ms} 
2025-01-06 11:24:23.172 INFO  [HikariPool-15 connection closer] l.log4j2 - 297. Connection.close() returned 
2025-01-06 11:24:23.172 INFO  [HikariPool-15 connection closer] l.log4j2 - 298. Connection closed. {executed in 0ms} 
2025-01-06 11:24:23.172 INFO  [HikariPool-15 connection closer] l.log4j2 - 298. Connection.close() returned 
2025-01-06 11:24:23.172 INFO  [HikariPool-15 connection closer] l.log4j2 - 299. Connection closed. {executed in 0ms} 
2025-01-06 11:24:23.172 INFO  [HikariPool-15 connection closer] l.log4j2 - 299. Connection.close() returned 
2025-01-06 11:24:23.172 INFO  [HikariPool-15 connection closer] l.log4j2 - 300. Connection closed. {executed in 0ms} 
2025-01-06 11:24:23.173 INFO  [HikariPool-15 connection closer] l.log4j2 - 300. Connection.close() returned 
2025-01-06 11:24:23.173 INFO  [Thread-59] c.z.h.HikariDataSource - HikariPool-15 - Shutdown completed.
2025-01-06 11:24:23.230 INFO  [restartedMain] o.z.m.MallapiApplication - Starting MallapiApplication using Java 17.0.12 with PID 10712 (C:\Users\ktcs\backend\mallapi\build\classes\java\main started by ktcs in C:\Users\ktcs\backend\mallapi)
2025-01-06 11:24:23.230 INFO  [restartedMain] o.z.m.MallapiApplication - No active profile set, falling back to 1 default profile: "default"
2025-01-06 11:24:23.407 INFO  [restartedMain] o.s.d.r.c.RepositoryConfigurationDelegate - Bootstrapping Spring Data JPA repositories in DEFAULT mode.
2025-01-06 11:24:23.424 INFO  [restartedMain] o.s.d.r.c.RepositoryConfigurationDelegate - Finished Spring Data repository scanning in 16 ms. Found 3 JPA repository interfaces.
2025-01-06 11:24:23.511 INFO  [restartedMain] o.s.b.w.e.t.TomcatWebServer - Tomcat initialized with port 8081 (http)
2025-01-06 11:24:23.511 INFO  [restartedMain] o.a.c.c.StandardService - Starting service [Tomcat]
2025-01-06 11:24:23.513 INFO  [restartedMain] o.a.c.c.StandardEngine - Starting Servlet engine: [Apache Tomcat/10.1.28]
2025-01-06 11:24:23.540 INFO  [restartedMain] o.a.c.c.C.[.[.[/] - Initializing Spring embedded WebApplicationContext
2025-01-06 11:24:23.540 INFO  [restartedMain] o.s.b.w.s.c.ServletWebServerApplicationContext - Root WebApplicationContext: initialization completed in 309 ms
2025-01-06 11:24:23.581 INFO  [restartedMain] o.h.j.i.u.LogHelper - HHH000204: Processing PersistenceUnitInfo [name: default]
2025-01-06 11:24:23.585 INFO  [restartedMain] o.h.c.i.RegionFactoryInitiator - HHH000026: Second-level cache disabled
2025-01-06 11:24:23.590 INFO  [restartedMain] o.s.o.j.p.SpringPersistenceUnitInfo - No LoadTimeWeaver setup: ignoring JPA class transformer
2025-01-06 11:24:23.591 INFO  [restartedMain] c.z.h.HikariDataSource - HikariPool-16 - Starting...
2025-01-06 11:24:23.594 INFO  [restartedMain] l.log4j2 - 301. Connection opened. {executed in 3ms} 
2025-01-06 11:24:23.594 INFO  [restartedMain] l.log4j2 - 301. Connection.new Connection returned 
2025-01-06 11:24:23.594 INFO  [restartedMain] l.log4j2 - 301. Connection.getNetworkTimeout() returned 0
2025-01-06 11:24:23.594 INFO  [restartedMain] l.log4j2 - 301. Connection.isReadOnly() returned false
2025-01-06 11:24:23.594 INFO  [restartedMain] l.log4j2 - 301. Connection.getAutoCommit() returned true
2025-01-06 11:24:23.594 INFO  [restartedMain] l.log4j2 - 301. Connection.isValid(1) returned true
2025-01-06 11:24:23.594 INFO  [restartedMain] l.log4j2 - 301. Connection.getTransactionIsolation() returned 4
2025-01-06 11:24:23.595 INFO  [restartedMain] c.z.h.p.HikariPool - HikariPool-16 - Added connection net.sf.log4jdbc.sql.jdbcapi.ConnectionSpy@7e1fd719
2025-01-06 11:24:23.595 INFO  [restartedMain] c.z.h.HikariDataSource - HikariPool-16 - Start completed.
2025-01-06 11:24:23.595 INFO  [restartedMain] l.log4j2 - 301. Connection.getMetaData() returned org.mariadb.jdbc.DatabaseMetaData@3e65bf3a
2025-01-06 11:24:23.595 INFO  [restartedMain] l.log4j2 - 301. Statement.new Statement returned 
2025-01-06 11:24:23.595 INFO  [restartedMain] l.log4j2 - 301. Connection.createStatement() returned net.sf.log4jdbc.sql.jdbcapi.StatementSpy@6f0c4767
2025-01-06 11:24:23.595 INFO  [restartedMain] l.log4j2 - 301. SELECT @@character_set_database, @@sql_mode  {executed in 0 ms}
2025-01-06 11:24:23.595 INFO  [restartedMain] l.log4j2 - 301. ResultSet.new ResultSet returned 
2025-01-06 11:24:23.595 INFO  [restartedMain] l.log4j2 - 301. Statement.executeQuery(SELECT @@character_set_database, @@sql_mode) returned net.sf.log4jdbc.sql.jdbcapi.ResultSetSpy@5fed0982
2025-01-06 11:24:23.595 INFO  [restartedMain] l.log4j2 - 301. ResultSet.next() returned true
2025-01-06 11:24:23.595 INFO  [restartedMain] l.log4j2 - 301. ResultSet.getString(1) returned utf8
2025-01-06 11:24:23.596 INFO  [restartedMain] l.log4j2 - 301. ResultSet.getString(2) returned IGNORE_SPACE,STRICT_TRANS_TABLES,ERROR_FOR_DIVISION_BY_ZERO,NO_AUTO_CREATE_USER,NO_ENGINE_SUBSTITUTION
2025-01-06 11:24:23.596 INFO  [restartedMain] l.log4j2 - 301. Statement.close() returned 
2025-01-06 11:24:23.596 INFO  [restartedMain] l.log4j2 - 301. Connection.getCatalog() returned malldb
2025-01-06 11:24:23.596 INFO  [restartedMain] l.log4j2 - 301. Connection.getSchema() returned null
2025-01-06 11:24:23.596 INFO  [restartedMain] l.log4j2 - 301. Connection.getSchema() returned null
2025-01-06 11:24:23.596 INFO  [restartedMain] l.log4j2 - 301. Connection.getMetaData() returned org.mariadb.jdbc.DatabaseMetaData@5fcaba79
2025-01-06 11:24:23.596 INFO  [restartedMain] l.log4j2 - 301. Connection.createClob() returned 
2025-01-06 11:24:23.596 INFO  [restartedMain] l.log4j2 - 301. Connection.createNClob() returned 
2025-01-06 11:24:23.596 INFO  [restartedMain] l.log4j2 - 301. Connection.clearWarnings() returned 
2025-01-06 11:24:23.657 INFO  [restartedMain] o.h.e.t.j.p.i.JtaPlatformInitiator - HHH000489: No JTA platform available (set 'hibernate.transaction.jta.platform' to enable JTA platform integration)
2025-01-06 11:24:23.657 INFO  [restartedMain] l.log4j2 - 301. Connection.getAutoCommit() returned true
2025-01-06 11:24:23.657 INFO  [restartedMain] l.log4j2 - 301. PreparedStatement.new PreparedStatement returned 
2025-01-06 11:24:23.657 INFO  [restartedMain] l.log4j2 - 301. Connection.prepareStatement(select table_name from information_schema.TABLES where table_schema=database() and table_type='SEQUENCE') returned net.sf.log4jdbc.sql.jdbcapi.PreparedStatementSpy@2c8bed69
2025-01-06 11:24:23.659 INFO  [restartedMain] l.log4j2 - 301. select table_name from information_schema.TABLES where table_schema=database() and table_type='SEQUENCE'  {executed in 2 ms}
2025-01-06 11:24:23.659 INFO  [restartedMain] l.log4j2 - 301. ResultSet.new ResultSet returned 
2025-01-06 11:24:23.659 INFO  [restartedMain] l.log4j2 - 301. PreparedStatement.executeQuery() returned net.sf.log4jdbc.sql.jdbcapi.ResultSetSpy@30ab7b56
2025-01-06 11:24:23.659 INFO  [restartedMain] l.log4j2 - 
|-----------|
|table_name |
|-----------|
|-----------|

2025-01-06 11:24:23.659 INFO  [restartedMain] l.log4j2 - 301. ResultSet.next() returned false
2025-01-06 11:24:23.659 INFO  [restartedMain] l.log4j2 - 301. ResultSet.close() returned void
2025-01-06 11:24:23.659 INFO  [restartedMain] l.log4j2 - 301. PreparedStatement.close() returned 
2025-01-06 11:24:23.659 INFO  [restartedMain] l.log4j2 - 301. Connection.getMetaData() returned org.mariadb.jdbc.DatabaseMetaData@bf302eb
2025-01-06 11:24:23.675 INFO  [restartedMain] l.log4j2 - 301. PreparedStatement.new PreparedStatement returned 
2025-01-06 11:24:23.675 INFO  [restartedMain] l.log4j2 - 301. Connection.prepareStatement(select * from `malldb`.`member` where 1=0) returned net.sf.log4jdbc.sql.jdbcapi.PreparedStatementSpy@24f3913c
2025-01-06 11:24:23.675 INFO  [restartedMain] l.log4j2 - 301. select * from `malldb`.`member` where 1=0  {executed in 0 ms}
2025-01-06 11:24:23.675 INFO  [restartedMain] l.log4j2 - 301. ResultSet.new ResultSet returned 
2025-01-06 11:24:23.675 INFO  [restartedMain] l.log4j2 - 301. PreparedStatement.executeQuery() returned net.sf.log4jdbc.sql.jdbcapi.ResultSetSpy@4f693f3f
2025-01-06 11:24:23.675 INFO  [restartedMain] l.log4j2 - 301. ResultSet.getMetaData() returned org.mariadb.jdbc.client.result.ResultSetMetaData@5c1e8863
2025-01-06 11:24:23.675 INFO  [restartedMain] l.log4j2 - 
|------|---------|---|-------|
|email |nickname |pw |social |
|------|---------|---|-------|
|------|---------|---|-------|

2025-01-06 11:24:23.675 INFO  [restartedMain] l.log4j2 - 301. ResultSet.close() returned void
2025-01-06 11:24:23.675 INFO  [restartedMain] l.log4j2 - 301. PreparedStatement.close() returned 
2025-01-06 11:24:23.677 INFO  [restartedMain] l.log4j2 - 301. PreparedStatement.new PreparedStatement returned 
2025-01-06 11:24:23.677 INFO  [restartedMain] l.log4j2 - 301. Connection.prepareStatement(select * from `malldb`.`tbl_product` where 1=0) returned net.sf.log4jdbc.sql.jdbcapi.PreparedStatementSpy@359da724
2025-01-06 11:24:23.677 INFO  [restartedMain] l.log4j2 - 301. select * from `malldb`.`tbl_product` where 1=0  {executed in 0 ms}
2025-01-06 11:24:23.677 INFO  [restartedMain] l.log4j2 - 301. ResultSet.new ResultSet returned 
2025-01-06 11:24:23.677 INFO  [restartedMain] l.log4j2 - 301. PreparedStatement.executeQuery() returned net.sf.log4jdbc.sql.jdbcapi.ResultSetSpy@330bf66f
2025-01-06 11:24:23.677 INFO  [restartedMain] l.log4j2 - 301. ResultSet.getMetaData() returned org.mariadb.jdbc.client.result.ResultSetMetaData@1b7e3dfd
2025-01-06 11:24:23.677 INFO  [restartedMain] l.log4j2 - 
|----|---------|------|------|------|
|pno |del_flag |pdesc |pname |price |
|----|---------|------|------|------|
|----|---------|------|------|------|

2025-01-06 11:24:23.677 INFO  [restartedMain] l.log4j2 - 301. ResultSet.close() returned void
2025-01-06 11:24:23.677 INFO  [restartedMain] l.log4j2 - 301. PreparedStatement.close() returned 
2025-01-06 11:24:23.677 INFO  [restartedMain] l.log4j2 - 301. Connection.clearWarnings() returned 
2025-01-06 11:24:23.677 INFO  [restartedMain] o.s.o.j.LocalContainerEntityManagerFactoryBean - Initialized JPA EntityManagerFactory for persistence unit 'default'
2025-01-06 11:24:23.703 INFO  [HikariPool-16 connection adder] l.log4j2 - 302. Connection opened. {executed in 2ms} 
2025-01-06 11:24:23.703 INFO  [HikariPool-16 connection adder] l.log4j2 - 302. Connection.new Connection returned 
2025-01-06 11:24:23.703 INFO  [HikariPool-16 connection adder] l.log4j2 - 302. Connection.isReadOnly() returned false
2025-01-06 11:24:23.703 INFO  [HikariPool-16 connection adder] l.log4j2 - 302. Connection.getAutoCommit() returned true
2025-01-06 11:24:23.719 INFO  [HikariPool-16 connection adder] l.log4j2 - 303. Connection opened. {executed in 2ms} 
2025-01-06 11:24:23.719 INFO  [HikariPool-16 connection adder] l.log4j2 - 303. Connection.new Connection returned 
2025-01-06 11:24:23.719 INFO  [HikariPool-16 connection adder] l.log4j2 - 303. Connection.isReadOnly() returned false
2025-01-06 11:24:23.719 INFO  [HikariPool-16 connection adder] l.log4j2 - 303. Connection.getAutoCommit() returned true
2025-01-06 11:24:23.735 INFO  [HikariPool-16 connection adder] l.log4j2 - 304. Connection opened. {executed in 3ms} 
2025-01-06 11:24:23.735 INFO  [HikariPool-16 connection adder] l.log4j2 - 304. Connection.new Connection returned 
2025-01-06 11:24:23.735 INFO  [HikariPool-16 connection adder] l.log4j2 - 304. Connection.isReadOnly() returned false
2025-01-06 11:24:23.735 INFO  [HikariPool-16 connection adder] l.log4j2 - 304. Connection.getAutoCommit() returned true
2025-01-06 11:24:23.746 INFO  [restartedMain] o.z.m.u.CustomFileUtil - -------------------------------------
2025-01-06 11:24:23.746 INFO  [restartedMain] o.z.m.u.CustomFileUtil - C:\Users\ktcs\backend\mallapi\upload
2025-01-06 11:24:23.750 INFO  [HikariPool-16 connection adder] l.log4j2 - 305. Connection opened. {executed in 2ms} 
2025-01-06 11:24:23.751 INFO  [HikariPool-16 connection adder] l.log4j2 - 305. Connection.new Connection returned 
2025-01-06 11:24:23.751 INFO  [HikariPool-16 connection adder] l.log4j2 - 305. Connection.isReadOnly() returned false
2025-01-06 11:24:23.751 INFO  [HikariPool-16 connection adder] l.log4j2 - 305. Connection.getAutoCommit() returned true
2025-01-06 11:24:23.764 INFO  [HikariPool-16 connection adder] l.log4j2 - 306. Connection opened. {executed in 1ms} 
2025-01-06 11:24:23.765 INFO  [HikariPool-16 connection adder] l.log4j2 - 306. Connection.new Connection returned 
2025-01-06 11:24:23.765 INFO  [HikariPool-16 connection adder] l.log4j2 - 306. Connection.isReadOnly() returned false
2025-01-06 11:24:23.765 INFO  [HikariPool-16 connection adder] l.log4j2 - 306. Connection.getAutoCommit() returned true
2025-01-06 11:24:23.780 INFO  [HikariPool-16 connection adder] l.log4j2 - 307. Connection opened. {executed in 2ms} 
2025-01-06 11:24:23.780 INFO  [HikariPool-16 connection adder] l.log4j2 - 307. Connection.new Connection returned 
2025-01-06 11:24:23.780 INFO  [HikariPool-16 connection adder] l.log4j2 - 307. Connection.isReadOnly() returned false
2025-01-06 11:24:23.780 INFO  [HikariPool-16 connection adder] l.log4j2 - 307. Connection.getAutoCommit() returned true
2025-01-06 11:24:23.789 WARN  [restartedMain] o.s.b.a.o.j.JpaBaseConfiguration$JpaWebConfiguration - spring.jpa.open-in-view is enabled by default. Therefore, database queries may be performed during view rendering. Explicitly configure spring.jpa.open-in-view to disable this warning
2025-01-06 11:24:23.795 INFO  [HikariPool-16 connection adder] l.log4j2 - 308. Connection opened. {executed in 1ms} 
2025-01-06 11:24:23.795 INFO  [HikariPool-16 connection adder] l.log4j2 - 308. Connection.new Connection returned 
2025-01-06 11:24:23.795 INFO  [HikariPool-16 connection adder] l.log4j2 - 308. Connection.isReadOnly() returned false
2025-01-06 11:24:23.795 INFO  [HikariPool-16 connection adder] l.log4j2 - 308. Connection.getAutoCommit() returned true
2025-01-06 11:24:23.809 INFO  [restartedMain] o.z.m.c.CustomSecurityConfig - ---------------------security config---------------------------
2025-01-06 11:24:23.811 INFO  [HikariPool-16 connection adder] l.log4j2 - 309. Connection opened. {executed in 2ms} 
2025-01-06 11:24:23.811 INFO  [HikariPool-16 connection adder] l.log4j2 - 309. Connection.new Connection returned 
2025-01-06 11:24:23.811 INFO  [HikariPool-16 connection adder] l.log4j2 - 309. Connection.isReadOnly() returned false
2025-01-06 11:24:23.811 INFO  [HikariPool-16 connection adder] l.log4j2 - 309. Connection.getAutoCommit() returned true
2025-01-06 11:24:23.828 INFO  [HikariPool-16 connection adder] l.log4j2 - 310. Connection opened. {executed in 3ms} 
2025-01-06 11:24:23.828 INFO  [HikariPool-16 connection adder] l.log4j2 - 310. Connection.new Connection returned 
2025-01-06 11:24:23.828 INFO  [HikariPool-16 connection adder] l.log4j2 - 310. Connection.isReadOnly() returned false
2025-01-06 11:24:23.828 INFO  [HikariPool-16 connection adder] l.log4j2 - 310. Connection.getAutoCommit() returned true
2025-01-06 11:24:23.829 INFO  [restartedMain] o.s.s.w.DefaultSecurityFilterChain - Will secure any request with [org.springframework.security.web.session.DisableEncodeUrlFilter@19eea504, org.springframework.security.web.context.request.async.WebAsyncManagerIntegrationFilter@7791af2f, org.springframework.security.web.context.SecurityContextHolderFilter@351e66bc, org.springframework.security.web.header.HeaderWriterFilter@7039ac01, org.springframework.web.filter.CorsFilter@32845c7e, org.springframework.security.web.authentication.logout.LogoutFilter@3b8dd0e, org.zerock.mallapi.security.filter.JWTCheckFilter@222eb2, org.springframework.security.web.authentication.UsernamePasswordAuthenticationFilter@a97007c, org.springframework.security.web.savedrequest.RequestCacheAwareFilter@45f99bee, org.springframework.security.web.servletapi.SecurityContextHolderAwareRequestFilter@789d7ef4, org.springframework.security.web.authentication.AnonymousAuthenticationFilter@6c086d37, org.springframework.security.web.session.SessionManagementFilter@1355c415, org.springframework.security.web.access.ExceptionTranslationFilter@4837041d]
2025-01-06 11:24:24.016 INFO  [restartedMain] o.s.b.d.a.OptionalLiveReloadServer - LiveReload server is running on port 35729
2025-01-06 11:24:24.029 INFO  [restartedMain] o.s.b.w.e.t.TomcatWebServer - Tomcat started on port 8081 (http) with context path ''
2025-01-06 11:24:24.034 INFO  [restartedMain] o.z.m.MallapiApplication - Started MallapiApplication in 0.821 seconds (process running for 251700.657)
2025-01-06 11:24:24.035 INFO  [restartedMain] o.s.b.d.a.ConditionEvaluationDeltaLoggingListener - Condition evaluation unchanged
2025-01-06 11:24:46.040 INFO  [File Watcher] o.s.b.d.a.LocalDevToolsAutoConfiguration$RestartingClassPathChangeChangedEventListener - Restarting due to 1 class path change (0 additions, 1 deletion, 0 modifications)
2025-01-06 11:24:46.246 INFO  [Thread-63] o.s.o.j.LocalContainerEntityManagerFactoryBean - Closing JPA EntityManagerFactory for persistence unit 'default'
2025-01-06 11:24:46.246 INFO  [Thread-63] c.z.h.HikariDataSource - HikariPool-16 - Shutdown initiated...
2025-01-06 11:24:46.248 INFO  [HikariPool-16 connection closer] l.log4j2 - 301. Connection closed. {executed in 0ms} 
2025-01-06 11:24:46.248 INFO  [HikariPool-16 connection closer] l.log4j2 - 301. Connection.close() returned 
2025-01-06 11:24:46.248 INFO  [HikariPool-16 connection closer] l.log4j2 - 302. Connection closed. {executed in 0ms} 
2025-01-06 11:24:46.248 INFO  [HikariPool-16 connection closer] l.log4j2 - 302. Connection.close() returned 
2025-01-06 11:24:46.249 INFO  [HikariPool-16 connection closer] l.log4j2 - 303. Connection closed. {executed in 1ms} 
2025-01-06 11:24:46.249 INFO  [HikariPool-16 connection closer] l.log4j2 - 303. Connection.close() returned 
2025-01-06 11:24:46.249 INFO  [HikariPool-16 connection closer] l.log4j2 - 304. Connection closed. {executed in 0ms} 
2025-01-06 11:24:46.249 INFO  [HikariPool-16 connection closer] l.log4j2 - 304. Connection.close() returned 
2025-01-06 11:24:46.249 INFO  [HikariPool-16 connection closer] l.log4j2 - 305. Connection closed. {executed in 0ms} 
2025-01-06 11:24:46.249 INFO  [HikariPool-16 connection closer] l.log4j2 - 305. Connection.close() returned 
2025-01-06 11:24:46.249 INFO  [HikariPool-16 connection closer] l.log4j2 - 306. Connection closed. {executed in 0ms} 
2025-01-06 11:24:46.249 INFO  [HikariPool-16 connection closer] l.log4j2 - 306. Connection.close() returned 
2025-01-06 11:24:46.249 INFO  [HikariPool-16 connection closer] l.log4j2 - 307. Connection closed. {executed in 0ms} 
2025-01-06 11:24:46.250 INFO  [HikariPool-16 connection closer] l.log4j2 - 307. Connection.close() returned 
2025-01-06 11:24:46.250 INFO  [HikariPool-16 connection closer] l.log4j2 - 308. Connection closed. {executed in 0ms} 
2025-01-06 11:24:46.250 INFO  [HikariPool-16 connection closer] l.log4j2 - 308. Connection.close() returned 
2025-01-06 11:24:46.250 INFO  [HikariPool-16 connection closer] l.log4j2 - 309. Connection closed. {executed in 0ms} 
2025-01-06 11:24:46.250 INFO  [HikariPool-16 connection closer] l.log4j2 - 309. Connection.close() returned 
2025-01-06 11:24:46.250 INFO  [HikariPool-16 connection closer] l.log4j2 - 310. Connection closed. {executed in 0ms} 
2025-01-06 11:24:46.250 INFO  [HikariPool-16 connection closer] l.log4j2 - 310. Connection.close() returned 
2025-01-06 11:24:46.250 INFO  [Thread-63] c.z.h.HikariDataSource - HikariPool-16 - Shutdown completed.
2025-01-06 11:24:46.334 INFO  [restartedMain] o.z.m.MallapiApplication - Starting MallapiApplication using Java 17.0.12 with PID 10712 (C:\Users\ktcs\backend\mallapi\build\classes\java\main started by ktcs in C:\Users\ktcs\backend\mallapi)
2025-01-06 11:24:46.334 INFO  [restartedMain] o.z.m.MallapiApplication - No active profile set, falling back to 1 default profile: "default"
2025-01-06 11:24:46.573 INFO  [restartedMain] o.s.d.r.c.RepositoryConfigurationDelegate - Bootstrapping Spring Data JPA repositories in DEFAULT mode.
2025-01-06 11:24:46.599 INFO  [restartedMain] o.s.d.r.c.RepositoryConfigurationDelegate - Finished Spring Data repository scanning in 25 ms. Found 3 JPA repository interfaces.
2025-01-06 11:24:46.732 INFO  [restartedMain] o.s.b.w.e.t.TomcatWebServer - Tomcat initialized with port 8081 (http)
2025-01-06 11:24:46.732 INFO  [restartedMain] o.a.c.c.StandardService - Starting service [Tomcat]
2025-01-06 11:24:46.732 INFO  [restartedMain] o.a.c.c.StandardEngine - Starting Servlet engine: [Apache Tomcat/10.1.28]
2025-01-06 11:24:46.758 INFO  [restartedMain] o.a.c.c.C.[.[.[/] - Initializing Spring embedded WebApplicationContext
2025-01-06 11:24:46.758 INFO  [restartedMain] o.s.b.w.s.c.ServletWebServerApplicationContext - Root WebApplicationContext: initialization completed in 421 ms
2025-01-06 11:24:46.808 INFO  [restartedMain] o.h.j.i.u.LogHelper - HHH000204: Processing PersistenceUnitInfo [name: default]
2025-01-06 11:24:46.811 INFO  [restartedMain] o.h.c.i.RegionFactoryInitiator - HHH000026: Second-level cache disabled
2025-01-06 11:24:46.816 INFO  [restartedMain] o.s.o.j.p.SpringPersistenceUnitInfo - No LoadTimeWeaver setup: ignoring JPA class transformer
2025-01-06 11:24:46.817 INFO  [restartedMain] c.z.h.HikariDataSource - HikariPool-17 - Starting...
2025-01-06 11:24:46.820 INFO  [restartedMain] l.log4j2 - 311. Connection opened. {executed in 3ms} 
2025-01-06 11:24:46.820 INFO  [restartedMain] l.log4j2 - 311. Connection.new Connection returned 
2025-01-06 11:24:46.820 INFO  [restartedMain] l.log4j2 - 311. Connection.getNetworkTimeout() returned 0
2025-01-06 11:24:46.820 INFO  [restartedMain] l.log4j2 - 311. Connection.isReadOnly() returned false
2025-01-06 11:24:46.820 INFO  [restartedMain] l.log4j2 - 311. Connection.getAutoCommit() returned true
2025-01-06 11:24:46.820 INFO  [restartedMain] l.log4j2 - 311. Connection.isValid(1) returned true
2025-01-06 11:24:46.820 INFO  [restartedMain] l.log4j2 - 311. Connection.getTransactionIsolation() returned 4
2025-01-06 11:24:46.821 INFO  [restartedMain] c.z.h.p.HikariPool - HikariPool-17 - Added connection net.sf.log4jdbc.sql.jdbcapi.ConnectionSpy@147640a2
2025-01-06 11:24:46.821 INFO  [restartedMain] c.z.h.HikariDataSource - HikariPool-17 - Start completed.
2025-01-06 11:24:46.821 INFO  [restartedMain] l.log4j2 - 311. Connection.getMetaData() returned org.mariadb.jdbc.DatabaseMetaData@711c157b
2025-01-06 11:24:46.821 INFO  [restartedMain] l.log4j2 - 311. Statement.new Statement returned 
2025-01-06 11:24:46.821 INFO  [restartedMain] l.log4j2 - 311. Connection.createStatement() returned net.sf.log4jdbc.sql.jdbcapi.StatementSpy@6d91eb6c
2025-01-06 11:24:46.821 INFO  [restartedMain] l.log4j2 - 311. SELECT @@character_set_database, @@sql_mode  {executed in 0 ms}
2025-01-06 11:24:46.821 INFO  [restartedMain] l.log4j2 - 311. ResultSet.new ResultSet returned 
2025-01-06 11:24:46.821 INFO  [restartedMain] l.log4j2 - 311. Statement.executeQuery(SELECT @@character_set_database, @@sql_mode) returned net.sf.log4jdbc.sql.jdbcapi.ResultSetSpy@3f9eb955
2025-01-06 11:24:46.821 INFO  [restartedMain] l.log4j2 - 311. ResultSet.next() returned true
2025-01-06 11:24:46.821 INFO  [restartedMain] l.log4j2 - 311. ResultSet.getString(1) returned utf8
2025-01-06 11:24:46.821 INFO  [restartedMain] l.log4j2 - 311. ResultSet.getString(2) returned IGNORE_SPACE,STRICT_TRANS_TABLES,ERROR_FOR_DIVISION_BY_ZERO,NO_AUTO_CREATE_USER,NO_ENGINE_SUBSTITUTION
2025-01-06 11:24:46.822 INFO  [restartedMain] l.log4j2 - 311. Statement.close() returned 
2025-01-06 11:24:46.822 INFO  [restartedMain] l.log4j2 - 311. Connection.getCatalog() returned malldb
2025-01-06 11:24:46.822 INFO  [restartedMain] l.log4j2 - 311. Connection.getSchema() returned null
2025-01-06 11:24:46.822 INFO  [restartedMain] l.log4j2 - 311. Connection.getSchema() returned null
2025-01-06 11:24:46.822 INFO  [restartedMain] l.log4j2 - 311. Connection.getMetaData() returned org.mariadb.jdbc.DatabaseMetaData@194b9d54
2025-01-06 11:24:46.822 INFO  [restartedMain] l.log4j2 - 311. Connection.createClob() returned 
2025-01-06 11:24:46.822 INFO  [restartedMain] l.log4j2 - 311. Connection.createNClob() returned 
2025-01-06 11:24:46.822 INFO  [restartedMain] l.log4j2 - 311. Connection.clearWarnings() returned 
2025-01-06 11:24:46.880 INFO  [restartedMain] o.h.e.t.j.p.i.JtaPlatformInitiator - HHH000489: No JTA platform available (set 'hibernate.transaction.jta.platform' to enable JTA platform integration)
2025-01-06 11:24:46.880 INFO  [restartedMain] l.log4j2 - 311. Connection.getAutoCommit() returned true
2025-01-06 11:24:46.880 INFO  [restartedMain] l.log4j2 - 311. PreparedStatement.new PreparedStatement returned 
2025-01-06 11:24:46.880 INFO  [restartedMain] l.log4j2 - 311. Connection.prepareStatement(select table_name from information_schema.TABLES where table_schema=database() and table_type='SEQUENCE') returned net.sf.log4jdbc.sql.jdbcapi.PreparedStatementSpy@34256da9
2025-01-06 11:24:46.881 INFO  [restartedMain] l.log4j2 - 311. select table_name from information_schema.TABLES where table_schema=database() and table_type='SEQUENCE'  {executed in 1 ms}
2025-01-06 11:24:46.882 INFO  [restartedMain] l.log4j2 - 311. ResultSet.new ResultSet returned 
2025-01-06 11:24:46.882 INFO  [restartedMain] l.log4j2 - 311. PreparedStatement.executeQuery() returned net.sf.log4jdbc.sql.jdbcapi.ResultSetSpy@1a7e7837
2025-01-06 11:24:46.882 INFO  [restartedMain] l.log4j2 - 
|-----------|
|table_name |
|-----------|
|-----------|

2025-01-06 11:24:46.882 INFO  [restartedMain] l.log4j2 - 311. ResultSet.next() returned false
2025-01-06 11:24:46.882 INFO  [restartedMain] l.log4j2 - 311. ResultSet.close() returned void
2025-01-06 11:24:46.882 INFO  [restartedMain] l.log4j2 - 311. PreparedStatement.close() returned 
2025-01-06 11:24:46.882 INFO  [restartedMain] l.log4j2 - 311. Connection.getMetaData() returned org.mariadb.jdbc.DatabaseMetaData@18634478
2025-01-06 11:24:46.935 INFO  [restartedMain] l.log4j2 - 311. PreparedStatement.new PreparedStatement returned 
2025-01-06 11:24:46.935 INFO  [restartedMain] l.log4j2 - 311. Connection.prepareStatement(select * from `malldb`.`member` where 1=0) returned net.sf.log4jdbc.sql.jdbcapi.PreparedStatementSpy@1d3ca836
2025-01-06 11:24:46.935 INFO  [restartedMain] l.log4j2 - 311. select * from `malldb`.`member` where 1=0  {executed in 0 ms}
2025-01-06 11:24:46.935 INFO  [restartedMain] l.log4j2 - 311. ResultSet.new ResultSet returned 
2025-01-06 11:24:46.935 INFO  [restartedMain] l.log4j2 - 311. PreparedStatement.executeQuery() returned net.sf.log4jdbc.sql.jdbcapi.ResultSetSpy@746ad466
2025-01-06 11:24:46.935 INFO  [restartedMain] l.log4j2 - 311. ResultSet.getMetaData() returned org.mariadb.jdbc.client.result.ResultSetMetaData@76a80e17
2025-01-06 11:24:46.935 INFO  [restartedMain] l.log4j2 - 
|------|---------|---|-------|
|email |nickname |pw |social |
|------|---------|---|-------|
|------|---------|---|-------|

2025-01-06 11:24:46.935 INFO  [restartedMain] l.log4j2 - 311. ResultSet.close() returned void
2025-01-06 11:24:46.935 INFO  [restartedMain] l.log4j2 - 311. PreparedStatement.close() returned 
2025-01-06 11:24:46.943 INFO  [restartedMain] l.log4j2 - 311. PreparedStatement.new PreparedStatement returned 
2025-01-06 11:24:46.943 INFO  [restartedMain] l.log4j2 - 311. Connection.prepareStatement(select * from `malldb`.`tbl_product` where 1=0) returned net.sf.log4jdbc.sql.jdbcapi.PreparedStatementSpy@52b5d9a0
2025-01-06 11:24:46.943 INFO  [HikariPool-17 connection adder] l.log4j2 - 312. Connection opened. {executed in 4ms} 
2025-01-06 11:24:46.943 INFO  [HikariPool-17 connection adder] l.log4j2 - 312. Connection.new Connection returned 
2025-01-06 11:24:46.943 INFO  [HikariPool-17 connection adder] l.log4j2 - 312. Connection.isReadOnly() returned false
2025-01-06 11:24:46.943 INFO  [restartedMain] l.log4j2 - 311. select * from `malldb`.`tbl_product` where 1=0  {executed in 0 ms}
2025-01-06 11:24:46.943 INFO  [HikariPool-17 connection adder] l.log4j2 - 312. Connection.getAutoCommit() returned true
2025-01-06 11:24:46.943 INFO  [restartedMain] l.log4j2 - 311. ResultSet.new ResultSet returned 
2025-01-06 11:24:46.943 INFO  [restartedMain] l.log4j2 - 311. PreparedStatement.executeQuery() returned net.sf.log4jdbc.sql.jdbcapi.ResultSetSpy@70defe74
2025-01-06 11:24:46.943 INFO  [restartedMain] l.log4j2 - 311. ResultSet.getMetaData() returned org.mariadb.jdbc.client.result.ResultSetMetaData@46308ece
2025-01-06 11:24:46.944 INFO  [restartedMain] l.log4j2 - 
|----|---------|------|------|------|
|pno |del_flag |pdesc |pname |price |
|----|---------|------|------|------|
|----|---------|------|------|------|

2025-01-06 11:24:46.944 INFO  [restartedMain] l.log4j2 - 311. ResultSet.close() returned void
2025-01-06 11:24:46.944 INFO  [restartedMain] l.log4j2 - 311. PreparedStatement.close() returned 
2025-01-06 11:24:46.944 INFO  [restartedMain] l.log4j2 - 311. Connection.clearWarnings() returned 
2025-01-06 11:24:46.944 INFO  [restartedMain] o.s.o.j.LocalContainerEntityManagerFactoryBean - Initialized JPA EntityManagerFactory for persistence unit 'default'
2025-01-06 11:24:46.969 INFO  [HikariPool-17 connection adder] l.log4j2 - 313. Connection opened. {executed in 3ms} 
2025-01-06 11:24:46.969 INFO  [HikariPool-17 connection adder] l.log4j2 - 313. Connection.new Connection returned 
2025-01-06 11:24:46.969 INFO  [HikariPool-17 connection adder] l.log4j2 - 313. Connection.isReadOnly() returned false
2025-01-06 11:24:46.969 INFO  [HikariPool-17 connection adder] l.log4j2 - 313. Connection.getAutoCommit() returned true
2025-01-06 11:24:46.988 INFO  [HikariPool-17 connection adder] l.log4j2 - 314. Connection opened. {executed in 4ms} 
2025-01-06 11:24:46.988 INFO  [HikariPool-17 connection adder] l.log4j2 - 314. Connection.new Connection returned 
2025-01-06 11:24:46.988 INFO  [HikariPool-17 connection adder] l.log4j2 - 314. Connection.isReadOnly() returned false
2025-01-06 11:24:46.988 INFO  [HikariPool-17 connection adder] l.log4j2 - 314. Connection.getAutoCommit() returned true
2025-01-06 11:24:47.008 INFO  [HikariPool-17 connection adder] l.log4j2 - 315. Connection opened. {executed in 4ms} 
2025-01-06 11:24:47.009 INFO  [HikariPool-17 connection adder] l.log4j2 - 315. Connection.new Connection returned 
2025-01-06 11:24:47.009 INFO  [HikariPool-17 connection adder] l.log4j2 - 315. Connection.isReadOnly() returned false
2025-01-06 11:24:47.009 INFO  [HikariPool-17 connection adder] l.log4j2 - 315. Connection.getAutoCommit() returned true
2025-01-06 11:24:47.037 INFO  [HikariPool-17 connection adder] l.log4j2 - 316. Connection opened. {executed in 3ms} 
2025-01-06 11:24:47.038 INFO  [HikariPool-17 connection adder] l.log4j2 - 316. Connection.new Connection returned 
2025-01-06 11:24:47.038 INFO  [HikariPool-17 connection adder] l.log4j2 - 316. Connection.isReadOnly() returned false
2025-01-06 11:24:47.038 INFO  [HikariPool-17 connection adder] l.log4j2 - 316. Connection.getAutoCommit() returned true
2025-01-06 11:24:47.050 INFO  [restartedMain] o.z.m.u.CustomFileUtil - -------------------------------------
2025-01-06 11:24:47.050 INFO  [restartedMain] o.z.m.u.CustomFileUtil - C:\Users\ktcs\backend\mallapi\upload
2025-01-06 11:24:47.054 INFO  [HikariPool-17 connection adder] l.log4j2 - 317. Connection opened. {executed in 3ms} 
2025-01-06 11:24:47.054 INFO  [HikariPool-17 connection adder] l.log4j2 - 317. Connection.new Connection returned 
2025-01-06 11:24:47.054 INFO  [HikariPool-17 connection adder] l.log4j2 - 317. Connection.isReadOnly() returned false
2025-01-06 11:24:47.054 INFO  [HikariPool-17 connection adder] l.log4j2 - 317. Connection.getAutoCommit() returned true
2025-01-06 11:24:47.070 INFO  [HikariPool-17 connection adder] l.log4j2 - 318. Connection opened. {executed in 3ms} 
2025-01-06 11:24:47.070 INFO  [HikariPool-17 connection adder] l.log4j2 - 318. Connection.new Connection returned 
2025-01-06 11:24:47.070 INFO  [HikariPool-17 connection adder] l.log4j2 - 318. Connection.isReadOnly() returned false
2025-01-06 11:24:47.070 INFO  [HikariPool-17 connection adder] l.log4j2 - 318. Connection.getAutoCommit() returned true
2025-01-06 11:24:47.085 INFO  [HikariPool-17 connection adder] l.log4j2 - 319. Connection opened. {executed in 3ms} 
2025-01-06 11:24:47.085 INFO  [HikariPool-17 connection adder] l.log4j2 - 319. Connection.new Connection returned 
2025-01-06 11:24:47.085 INFO  [HikariPool-17 connection adder] l.log4j2 - 319. Connection.isReadOnly() returned false
2025-01-06 11:24:47.085 INFO  [HikariPool-17 connection adder] l.log4j2 - 319. Connection.getAutoCommit() returned true
2025-01-06 11:24:47.107 INFO  [HikariPool-17 connection adder] l.log4j2 - 320. Connection opened. {executed in 3ms} 
2025-01-06 11:24:47.107 INFO  [HikariPool-17 connection adder] l.log4j2 - 320. Connection.new Connection returned 
2025-01-06 11:24:47.107 INFO  [HikariPool-17 connection adder] l.log4j2 - 320. Connection.isReadOnly() returned false
2025-01-06 11:24:47.107 INFO  [HikariPool-17 connection adder] l.log4j2 - 320. Connection.getAutoCommit() returned true
2025-01-06 11:24:47.113 WARN  [restartedMain] o.s.b.a.o.j.JpaBaseConfiguration$JpaWebConfiguration - spring.jpa.open-in-view is enabled by default. Therefore, database queries may be performed during view rendering. Explicitly configure spring.jpa.open-in-view to disable this warning
2025-01-06 11:24:47.138 INFO  [restartedMain] o.z.m.c.CustomSecurityConfig - ---------------------security config---------------------------
2025-01-06 11:24:47.164 INFO  [restartedMain] o.s.s.w.DefaultSecurityFilterChain - Will secure any request with [org.springframework.security.web.session.DisableEncodeUrlFilter@18d9e53f, org.springframework.security.web.context.request.async.WebAsyncManagerIntegrationFilter@2e7d142d, org.springframework.security.web.context.SecurityContextHolderFilter@46740927, org.springframework.security.web.header.HeaderWriterFilter@3cae6c0e, org.springframework.web.filter.CorsFilter@26e31c7c, org.springframework.security.web.authentication.logout.LogoutFilter@598a3385, org.zerock.mallapi.security.filter.JWTCheckFilter@1641bbb0, org.springframework.security.web.authentication.UsernamePasswordAuthenticationFilter@6ddba931, org.springframework.security.web.savedrequest.RequestCacheAwareFilter@306ec61, org.springframework.security.web.servletapi.SecurityContextHolderAwareRequestFilter@4c073e13, org.springframework.security.web.authentication.AnonymousAuthenticationFilter@4166445a, org.springframework.security.web.session.SessionManagementFilter@4af72a50, org.springframework.security.web.access.ExceptionTranslationFilter@4f615ac2]
2025-01-06 11:24:47.354 INFO  [restartedMain] o.s.b.d.a.OptionalLiveReloadServer - LiveReload server is running on port 35729
2025-01-06 11:24:47.365 INFO  [restartedMain] o.s.b.w.e.t.TomcatWebServer - Tomcat started on port 8081 (http) with context path ''
2025-01-06 11:24:47.369 INFO  [restartedMain] o.z.m.MallapiApplication - Started MallapiApplication in 1.065 seconds (process running for 251723.993)
2025-01-06 11:24:47.370 INFO  [restartedMain] o.s.b.d.a.ConditionEvaluationDeltaLoggingListener - Condition evaluation unchanged
2025-01-06 11:24:48.809 INFO  [File Watcher] o.s.b.d.a.LocalDevToolsAutoConfiguration$RestartingClassPathChangeChangedEventListener - Restarting due to 1 class path change (1 addition, 0 deletions, 0 modifications)
2025-01-06 11:24:48.956 INFO  [Thread-67] o.s.o.j.LocalContainerEntityManagerFactoryBean - Closing JPA EntityManagerFactory for persistence unit 'default'
2025-01-06 11:24:48.957 INFO  [Thread-67] c.z.h.HikariDataSource - HikariPool-17 - Shutdown initiated...
2025-01-06 11:24:48.958 INFO  [HikariPool-17 connection closer] l.log4j2 - 311. Connection closed. {executed in 1ms} 
2025-01-06 11:24:48.958 INFO  [HikariPool-17 connection closer] l.log4j2 - 311. Connection.close() returned 
2025-01-06 11:24:48.958 INFO  [HikariPool-17 connection closer] l.log4j2 - 312. Connection closed. {executed in 0ms} 
2025-01-06 11:24:48.958 INFO  [HikariPool-17 connection closer] l.log4j2 - 312. Connection.close() returned 
2025-01-06 11:24:48.958 INFO  [HikariPool-17 connection closer] l.log4j2 - 313. Connection closed. {executed in 0ms} 
2025-01-06 11:24:48.958 INFO  [HikariPool-17 connection closer] l.log4j2 - 313. Connection.close() returned 
2025-01-06 11:24:48.958 INFO  [HikariPool-17 connection closer] l.log4j2 - 314. Connection closed. {executed in 0ms} 
2025-01-06 11:24:48.958 INFO  [HikariPool-17 connection closer] l.log4j2 - 314. Connection.close() returned 
2025-01-06 11:24:48.959 INFO  [HikariPool-17 connection closer] l.log4j2 - 315. Connection closed. {executed in 1ms} 
2025-01-06 11:24:48.959 INFO  [HikariPool-17 connection closer] l.log4j2 - 315. Connection.close() returned 
2025-01-06 11:24:48.959 INFO  [HikariPool-17 connection closer] l.log4j2 - 316. Connection closed. {executed in 0ms} 
2025-01-06 11:24:48.959 INFO  [HikariPool-17 connection closer] l.log4j2 - 316. Connection.close() returned 
2025-01-06 11:24:48.959 INFO  [HikariPool-17 connection closer] l.log4j2 - 317. Connection closed. {executed in 0ms} 
2025-01-06 11:24:48.959 INFO  [HikariPool-17 connection closer] l.log4j2 - 317. Connection.close() returned 
2025-01-06 11:24:48.959 INFO  [HikariPool-17 connection closer] l.log4j2 - 318. Connection closed. {executed in 0ms} 
2025-01-06 11:24:48.959 INFO  [HikariPool-17 connection closer] l.log4j2 - 318. Connection.close() returned 
2025-01-06 11:24:48.959 INFO  [HikariPool-17 connection closer] l.log4j2 - 319. Connection closed. {executed in 0ms} 
2025-01-06 11:24:48.959 INFO  [HikariPool-17 connection closer] l.log4j2 - 319. Connection.close() returned 
2025-01-06 11:24:48.959 INFO  [HikariPool-17 connection closer] l.log4j2 - 320. Connection closed. {executed in 0ms} 
2025-01-06 11:24:48.959 INFO  [HikariPool-17 connection closer] l.log4j2 - 320. Connection.close() returned 
2025-01-06 11:24:48.960 INFO  [Thread-67] c.z.h.HikariDataSource - HikariPool-17 - Shutdown completed.
2025-01-06 11:24:49.017 INFO  [restartedMain] o.z.m.MallapiApplication - Starting MallapiApplication using Java 17.0.12 with PID 10712 (C:\Users\ktcs\backend\mallapi\build\classes\java\main started by ktcs in C:\Users\ktcs\backend\mallapi)
2025-01-06 11:24:49.018 INFO  [restartedMain] o.z.m.MallapiApplication - No active profile set, falling back to 1 default profile: "default"
2025-01-06 11:24:49.208 INFO  [restartedMain] o.s.d.r.c.RepositoryConfigurationDelegate - Bootstrapping Spring Data JPA repositories in DEFAULT mode.
2025-01-06 11:24:49.225 INFO  [restartedMain] o.s.d.r.c.RepositoryConfigurationDelegate - Finished Spring Data repository scanning in 17 ms. Found 3 JPA repository interfaces.
2025-01-06 11:24:49.336 INFO  [restartedMain] o.s.b.w.e.t.TomcatWebServer - Tomcat initialized with port 8081 (http)
2025-01-06 11:24:49.336 INFO  [restartedMain] o.a.c.c.StandardService - Starting service [Tomcat]
2025-01-06 11:24:49.336 INFO  [restartedMain] o.a.c.c.StandardEngine - Starting Servlet engine: [Apache Tomcat/10.1.28]
2025-01-06 11:24:49.370 INFO  [restartedMain] o.a.c.c.C.[.[.[/] - Initializing Spring embedded WebApplicationContext
2025-01-06 11:24:49.370 INFO  [restartedMain] o.s.b.w.s.c.ServletWebServerApplicationContext - Root WebApplicationContext: initialization completed in 351 ms
2025-01-06 11:24:49.427 INFO  [restartedMain] o.h.j.i.u.LogHelper - HHH000204: Processing PersistenceUnitInfo [name: default]
2025-01-06 11:24:49.431 INFO  [restartedMain] o.h.c.i.RegionFactoryInitiator - HHH000026: Second-level cache disabled
2025-01-06 11:24:49.436 INFO  [restartedMain] o.s.o.j.p.SpringPersistenceUnitInfo - No LoadTimeWeaver setup: ignoring JPA class transformer
2025-01-06 11:24:49.436 INFO  [restartedMain] c.z.h.HikariDataSource - HikariPool-18 - Starting...
2025-01-06 11:24:49.439 INFO  [restartedMain] l.log4j2 - 321. Connection opened. {executed in 2ms} 
2025-01-06 11:24:49.439 INFO  [restartedMain] l.log4j2 - 321. Connection.new Connection returned 
2025-01-06 11:24:49.439 INFO  [restartedMain] l.log4j2 - 321. Connection.getNetworkTimeout() returned 0
2025-01-06 11:24:49.439 INFO  [restartedMain] l.log4j2 - 321. Connection.isReadOnly() returned false
2025-01-06 11:24:49.439 INFO  [restartedMain] l.log4j2 - 321. Connection.getAutoCommit() returned true
2025-01-06 11:24:49.439 INFO  [restartedMain] l.log4j2 - 321. Connection.isValid(1) returned true
2025-01-06 11:24:49.440 INFO  [restartedMain] l.log4j2 - 321. Connection.getTransactionIsolation() returned 4
2025-01-06 11:24:49.440 INFO  [restartedMain] c.z.h.p.HikariPool - HikariPool-18 - Added connection net.sf.log4jdbc.sql.jdbcapi.ConnectionSpy@12862f79
2025-01-06 11:24:49.440 INFO  [restartedMain] c.z.h.HikariDataSource - HikariPool-18 - Start completed.
2025-01-06 11:24:49.440 INFO  [restartedMain] l.log4j2 - 321. Connection.getMetaData() returned org.mariadb.jdbc.DatabaseMetaData@7a9d5a90
2025-01-06 11:24:49.440 INFO  [restartedMain] l.log4j2 - 321. Statement.new Statement returned 
2025-01-06 11:24:49.440 INFO  [restartedMain] l.log4j2 - 321. Connection.createStatement() returned net.sf.log4jdbc.sql.jdbcapi.StatementSpy@225a0e45
2025-01-06 11:24:49.440 INFO  [restartedMain] l.log4j2 - 321. SELECT @@character_set_database, @@sql_mode  {executed in 0 ms}
2025-01-06 11:24:49.440 INFO  [restartedMain] l.log4j2 - 321. ResultSet.new ResultSet returned 
2025-01-06 11:24:49.441 INFO  [restartedMain] l.log4j2 - 321. Statement.executeQuery(SELECT @@character_set_database, @@sql_mode) returned net.sf.log4jdbc.sql.jdbcapi.ResultSetSpy@711b5c1c
2025-01-06 11:24:49.441 INFO  [restartedMain] l.log4j2 - 321. ResultSet.next() returned true
2025-01-06 11:24:49.441 INFO  [restartedMain] l.log4j2 - 321. ResultSet.getString(1) returned utf8
2025-01-06 11:24:49.441 INFO  [restartedMain] l.log4j2 - 321. ResultSet.getString(2) returned IGNORE_SPACE,STRICT_TRANS_TABLES,ERROR_FOR_DIVISION_BY_ZERO,NO_AUTO_CREATE_USER,NO_ENGINE_SUBSTITUTION
2025-01-06 11:24:49.441 INFO  [restartedMain] l.log4j2 - 321. Statement.close() returned 
2025-01-06 11:24:49.441 INFO  [restartedMain] l.log4j2 - 321. Connection.getCatalog() returned malldb
2025-01-06 11:24:49.441 INFO  [restartedMain] l.log4j2 - 321. Connection.getSchema() returned null
2025-01-06 11:24:49.441 INFO  [restartedMain] l.log4j2 - 321. Connection.getSchema() returned null
2025-01-06 11:24:49.441 INFO  [restartedMain] l.log4j2 - 321. Connection.getMetaData() returned org.mariadb.jdbc.DatabaseMetaData@524548a1
2025-01-06 11:24:49.441 INFO  [restartedMain] l.log4j2 - 321. Connection.createClob() returned 
2025-01-06 11:24:49.441 INFO  [restartedMain] l.log4j2 - 321. Connection.createNClob() returned 
2025-01-06 11:24:49.441 INFO  [restartedMain] l.log4j2 - 321. Connection.clearWarnings() returned 
2025-01-06 11:24:49.489 INFO  [restartedMain] o.h.e.t.j.p.i.JtaPlatformInitiator - HHH000489: No JTA platform available (set 'hibernate.transaction.jta.platform' to enable JTA platform integration)
2025-01-06 11:24:49.489 INFO  [restartedMain] l.log4j2 - 321. Connection.getAutoCommit() returned true
2025-01-06 11:24:49.489 INFO  [restartedMain] l.log4j2 - 321. PreparedStatement.new PreparedStatement returned 
2025-01-06 11:24:49.489 INFO  [restartedMain] l.log4j2 - 321. Connection.prepareStatement(select table_name from information_schema.TABLES where table_schema=database() and table_type='SEQUENCE') returned net.sf.log4jdbc.sql.jdbcapi.PreparedStatementSpy@75cf46e3
2025-01-06 11:24:49.490 INFO  [restartedMain] l.log4j2 - 321. select table_name from information_schema.TABLES where table_schema=database() and table_type='SEQUENCE'  {executed in 1 ms}
2025-01-06 11:24:49.490 INFO  [restartedMain] l.log4j2 - 321. ResultSet.new ResultSet returned 
2025-01-06 11:24:49.490 INFO  [restartedMain] l.log4j2 - 321. PreparedStatement.executeQuery() returned net.sf.log4jdbc.sql.jdbcapi.ResultSetSpy@55db6640
2025-01-06 11:24:49.490 INFO  [restartedMain] l.log4j2 - 
|-----------|
|table_name |
|-----------|
|-----------|

2025-01-06 11:24:49.490 INFO  [restartedMain] l.log4j2 - 321. ResultSet.next() returned false
2025-01-06 11:24:49.490 INFO  [restartedMain] l.log4j2 - 321. ResultSet.close() returned void
2025-01-06 11:24:49.490 INFO  [restartedMain] l.log4j2 - 321. PreparedStatement.close() returned 
2025-01-06 11:24:49.491 INFO  [restartedMain] l.log4j2 - 321. Connection.getMetaData() returned org.mariadb.jdbc.DatabaseMetaData@73f38b39
2025-01-06 11:24:49.509 INFO  [restartedMain] l.log4j2 - 321. PreparedStatement.new PreparedStatement returned 
2025-01-06 11:24:49.509 INFO  [restartedMain] l.log4j2 - 321. Connection.prepareStatement(select * from `malldb`.`member` where 1=0) returned net.sf.log4jdbc.sql.jdbcapi.PreparedStatementSpy@46225439
2025-01-06 11:24:49.510 INFO  [restartedMain] l.log4j2 - 321. select * from `malldb`.`member` where 1=0  {executed in 1 ms}
2025-01-06 11:24:49.510 INFO  [restartedMain] l.log4j2 - 321. ResultSet.new ResultSet returned 
2025-01-06 11:24:49.510 INFO  [restartedMain] l.log4j2 - 321. PreparedStatement.executeQuery() returned net.sf.log4jdbc.sql.jdbcapi.ResultSetSpy@4845c3db
2025-01-06 11:24:49.510 INFO  [restartedMain] l.log4j2 - 321. ResultSet.getMetaData() returned org.mariadb.jdbc.client.result.ResultSetMetaData@270023a9
2025-01-06 11:24:49.510 INFO  [restartedMain] l.log4j2 - 
|------|---------|---|-------|
|email |nickname |pw |social |
|------|---------|---|-------|
|------|---------|---|-------|

2025-01-06 11:24:49.510 INFO  [restartedMain] l.log4j2 - 321. ResultSet.close() returned void
2025-01-06 11:24:49.510 INFO  [restartedMain] l.log4j2 - 321. PreparedStatement.close() returned 
2025-01-06 11:24:49.512 INFO  [restartedMain] l.log4j2 - 321. PreparedStatement.new PreparedStatement returned 
2025-01-06 11:24:49.512 INFO  [restartedMain] l.log4j2 - 321. Connection.prepareStatement(select * from `malldb`.`tbl_product` where 1=0) returned net.sf.log4jdbc.sql.jdbcapi.PreparedStatementSpy@15b9a374
2025-01-06 11:24:49.512 INFO  [restartedMain] l.log4j2 - 321. select * from `malldb`.`tbl_product` where 1=0  {executed in 0 ms}
2025-01-06 11:24:49.512 INFO  [restartedMain] l.log4j2 - 321. ResultSet.new ResultSet returned 
2025-01-06 11:24:49.512 INFO  [restartedMain] l.log4j2 - 321. PreparedStatement.executeQuery() returned net.sf.log4jdbc.sql.jdbcapi.ResultSetSpy@7384e103
2025-01-06 11:24:49.512 INFO  [restartedMain] l.log4j2 - 321. ResultSet.getMetaData() returned org.mariadb.jdbc.client.result.ResultSetMetaData@553f99b1
2025-01-06 11:24:49.512 INFO  [restartedMain] l.log4j2 - 
|----|---------|------|------|------|
|pno |del_flag |pdesc |pname |price |
|----|---------|------|------|------|
|----|---------|------|------|------|

2025-01-06 11:24:49.513 INFO  [restartedMain] l.log4j2 - 321. ResultSet.close() returned void
2025-01-06 11:24:49.513 INFO  [restartedMain] l.log4j2 - 321. PreparedStatement.close() returned 
2025-01-06 11:24:49.513 INFO  [restartedMain] l.log4j2 - 321. Connection.clearWarnings() returned 
2025-01-06 11:24:49.513 INFO  [restartedMain] o.s.o.j.LocalContainerEntityManagerFactoryBean - Initialized JPA EntityManagerFactory for persistence unit 'default'
2025-01-06 11:24:49.552 INFO  [HikariPool-18 connection adder] l.log4j2 - 322. Connection opened. {executed in 3ms} 
2025-01-06 11:24:49.552 INFO  [HikariPool-18 connection adder] l.log4j2 - 322. Connection.new Connection returned 
2025-01-06 11:24:49.552 INFO  [HikariPool-18 connection adder] l.log4j2 - 322. Connection.isReadOnly() returned false
2025-01-06 11:24:49.552 INFO  [HikariPool-18 connection adder] l.log4j2 - 322. Connection.getAutoCommit() returned true
2025-01-06 11:24:49.568 INFO  [HikariPool-18 connection adder] l.log4j2 - 323. Connection opened. {executed in 3ms} 
2025-01-06 11:24:49.568 INFO  [HikariPool-18 connection adder] l.log4j2 - 323. Connection.new Connection returned 
2025-01-06 11:24:49.568 INFO  [HikariPool-18 connection adder] l.log4j2 - 323. Connection.isReadOnly() returned false
2025-01-06 11:24:49.568 INFO  [HikariPool-18 connection adder] l.log4j2 - 323. Connection.getAutoCommit() returned true
2025-01-06 11:24:49.583 INFO  [HikariPool-18 connection adder] l.log4j2 - 324. Connection opened. {executed in 2ms} 
2025-01-06 11:24:49.583 INFO  [HikariPool-18 connection adder] l.log4j2 - 324. Connection.new Connection returned 
2025-01-06 11:24:49.583 INFO  [HikariPool-18 connection adder] l.log4j2 - 324. Connection.isReadOnly() returned false
2025-01-06 11:24:49.583 INFO  [HikariPool-18 connection adder] l.log4j2 - 324. Connection.getAutoCommit() returned true
2025-01-06 11:24:49.584 INFO  [restartedMain] o.z.m.u.CustomFileUtil - -------------------------------------
2025-01-06 11:24:49.584 INFO  [restartedMain] o.z.m.u.CustomFileUtil - C:\Users\ktcs\backend\mallapi\upload
2025-01-06 11:24:49.600 INFO  [HikariPool-18 connection adder] l.log4j2 - 325. Connection opened. {executed in 3ms} 
2025-01-06 11:24:49.600 INFO  [HikariPool-18 connection adder] l.log4j2 - 325. Connection.new Connection returned 
2025-01-06 11:24:49.600 INFO  [HikariPool-18 connection adder] l.log4j2 - 325. Connection.isReadOnly() returned false
2025-01-06 11:24:49.600 INFO  [HikariPool-18 connection adder] l.log4j2 - 325. Connection.getAutoCommit() returned true
2025-01-06 11:24:49.615 INFO  [HikariPool-18 connection adder] l.log4j2 - 326. Connection opened. {executed in 2ms} 
2025-01-06 11:24:49.615 INFO  [HikariPool-18 connection adder] l.log4j2 - 326. Connection.new Connection returned 
2025-01-06 11:24:49.615 INFO  [HikariPool-18 connection adder] l.log4j2 - 326. Connection.isReadOnly() returned false
2025-01-06 11:24:49.615 INFO  [HikariPool-18 connection adder] l.log4j2 - 326. Connection.getAutoCommit() returned true
2025-01-06 11:24:49.630 INFO  [HikariPool-18 connection adder] l.log4j2 - 327. Connection opened. {executed in 3ms} 
2025-01-06 11:24:49.630 INFO  [HikariPool-18 connection adder] l.log4j2 - 327. Connection.new Connection returned 
2025-01-06 11:24:49.630 INFO  [HikariPool-18 connection adder] l.log4j2 - 327. Connection.isReadOnly() returned false
2025-01-06 11:24:49.630 INFO  [HikariPool-18 connection adder] l.log4j2 - 327. Connection.getAutoCommit() returned true
2025-01-06 11:24:49.631 WARN  [restartedMain] o.s.b.a.o.j.JpaBaseConfiguration$JpaWebConfiguration - spring.jpa.open-in-view is enabled by default. Therefore, database queries may be performed during view rendering. Explicitly configure spring.jpa.open-in-view to disable this warning
2025-01-06 11:24:49.644 INFO  [HikariPool-18 connection adder] l.log4j2 - 328. Connection opened. {executed in 1ms} 
2025-01-06 11:24:49.646 INFO  [HikariPool-18 connection adder] l.log4j2 - 328. Connection.new Connection returned 
2025-01-06 11:24:49.646 INFO  [HikariPool-18 connection adder] l.log4j2 - 328. Connection.isReadOnly() returned false
2025-01-06 11:24:49.646 INFO  [HikariPool-18 connection adder] l.log4j2 - 328. Connection.getAutoCommit() returned true
2025-01-06 11:24:49.650 INFO  [restartedMain] o.z.m.c.CustomSecurityConfig - ---------------------security config---------------------------
2025-01-06 11:24:49.660 INFO  [HikariPool-18 connection adder] l.log4j2 - 329. Connection opened. {executed in 2ms} 
2025-01-06 11:24:49.660 INFO  [HikariPool-18 connection adder] l.log4j2 - 329. Connection.new Connection returned 
2025-01-06 11:24:49.660 INFO  [HikariPool-18 connection adder] l.log4j2 - 329. Connection.isReadOnly() returned false
2025-01-06 11:24:49.660 INFO  [HikariPool-18 connection adder] l.log4j2 - 329. Connection.getAutoCommit() returned true
2025-01-06 11:24:49.671 INFO  [restartedMain] o.s.s.w.DefaultSecurityFilterChain - Will secure any request with [org.springframework.security.web.session.DisableEncodeUrlFilter@2989400, org.springframework.security.web.context.request.async.WebAsyncManagerIntegrationFilter@13a0fed1, org.springframework.security.web.context.SecurityContextHolderFilter@60d148ae, org.springframework.security.web.header.HeaderWriterFilter@3eba845, org.springframework.web.filter.CorsFilter@1d927ea2, org.springframework.security.web.authentication.logout.LogoutFilter@658d6629, org.zerock.mallapi.security.filter.JWTCheckFilter@763f35f7, org.springframework.security.web.authentication.UsernamePasswordAuthenticationFilter@617146e9, org.springframework.security.web.savedrequest.RequestCacheAwareFilter@4b19ec35, org.springframework.security.web.servletapi.SecurityContextHolderAwareRequestFilter@15eecc93, org.springframework.security.web.authentication.AnonymousAuthenticationFilter@30c187a4, org.springframework.security.web.session.SessionManagementFilter@39546a6d, org.springframework.security.web.access.ExceptionTranslationFilter@433d1bca]
2025-01-06 11:24:49.676 INFO  [HikariPool-18 connection adder] l.log4j2 - 330. Connection opened. {executed in 2ms} 
2025-01-06 11:24:49.676 INFO  [HikariPool-18 connection adder] l.log4j2 - 330. Connection.new Connection returned 
2025-01-06 11:24:49.676 INFO  [HikariPool-18 connection adder] l.log4j2 - 330. Connection.isReadOnly() returned false
2025-01-06 11:24:49.676 INFO  [HikariPool-18 connection adder] l.log4j2 - 330. Connection.getAutoCommit() returned true
2025-01-06 11:24:49.873 INFO  [restartedMain] o.s.b.d.a.OptionalLiveReloadServer - LiveReload server is running on port 35729
2025-01-06 11:24:49.889 INFO  [restartedMain] o.s.b.w.e.t.TomcatWebServer - Tomcat started on port 8081 (http) with context path ''
2025-01-06 11:24:49.894 INFO  [restartedMain] o.z.m.MallapiApplication - Started MallapiApplication in 0.895 seconds (process running for 251726.518)
2025-01-06 11:24:49.896 INFO  [restartedMain] o.s.b.d.a.ConditionEvaluationDeltaLoggingListener - Condition evaluation unchanged
2025-01-06 11:27:23.818 INFO  [File Watcher] o.s.b.d.a.LocalDevToolsAutoConfiguration$RestartingClassPathChangeChangedEventListener - Restarting due to 1 class path change (0 additions, 1 deletion, 0 modifications)
2025-01-06 11:27:23.997 INFO  [Thread-71] o.s.o.j.LocalContainerEntityManagerFactoryBean - Closing JPA EntityManagerFactory for persistence unit 'default'
2025-01-06 11:27:23.998 INFO  [Thread-71] c.z.h.HikariDataSource - HikariPool-18 - Shutdown initiated...
2025-01-06 11:27:23.999 INFO  [HikariPool-18 connection closer] l.log4j2 - 321. Connection closed. {executed in 1ms} 
2025-01-06 11:27:23.999 INFO  [HikariPool-18 connection closer] l.log4j2 - 321. Connection.close() returned 
2025-01-06 11:27:23.999 INFO  [HikariPool-18 connection closer] l.log4j2 - 322. Connection closed. {executed in 0ms} 
2025-01-06 11:27:23.999 INFO  [HikariPool-18 connection closer] l.log4j2 - 322. Connection.close() returned 
2025-01-06 11:27:24.000 INFO  [HikariPool-18 connection closer] l.log4j2 - 323. Connection closed. {executed in 1ms} 
2025-01-06 11:27:24.000 INFO  [HikariPool-18 connection closer] l.log4j2 - 323. Connection.close() returned 
2025-01-06 11:27:24.000 INFO  [HikariPool-18 connection closer] l.log4j2 - 324. Connection closed. {executed in 0ms} 
2025-01-06 11:27:24.000 INFO  [HikariPool-18 connection closer] l.log4j2 - 324. Connection.close() returned 
2025-01-06 11:27:24.000 INFO  [HikariPool-18 connection closer] l.log4j2 - 325. Connection closed. {executed in 0ms} 
2025-01-06 11:27:24.000 INFO  [HikariPool-18 connection closer] l.log4j2 - 325. Connection.close() returned 
2025-01-06 11:27:24.000 INFO  [HikariPool-18 connection closer] l.log4j2 - 326. Connection closed. {executed in 0ms} 
2025-01-06 11:27:24.001 INFO  [HikariPool-18 connection closer] l.log4j2 - 326. Connection.close() returned 
2025-01-06 11:27:24.001 INFO  [HikariPool-18 connection closer] l.log4j2 - 327. Connection closed. {executed in 0ms} 
2025-01-06 11:27:24.001 INFO  [HikariPool-18 connection closer] l.log4j2 - 327. Connection.close() returned 
2025-01-06 11:27:24.001 INFO  [HikariPool-18 connection closer] l.log4j2 - 328. Connection closed. {executed in 0ms} 
2025-01-06 11:27:24.001 INFO  [HikariPool-18 connection closer] l.log4j2 - 328. Connection.close() returned 
2025-01-06 11:27:24.001 INFO  [HikariPool-18 connection closer] l.log4j2 - 329. Connection closed. {executed in 0ms} 
2025-01-06 11:27:24.001 INFO  [HikariPool-18 connection closer] l.log4j2 - 329. Connection.close() returned 
2025-01-06 11:27:24.001 INFO  [HikariPool-18 connection closer] l.log4j2 - 330. Connection closed. {executed in 0ms} 
2025-01-06 11:27:24.002 INFO  [HikariPool-18 connection closer] l.log4j2 - 330. Connection.close() returned 
2025-01-06 11:27:24.002 INFO  [Thread-71] c.z.h.HikariDataSource - HikariPool-18 - Shutdown completed.
2025-01-06 11:27:24.089 INFO  [restartedMain] o.z.m.MallapiApplication - Starting MallapiApplication using Java 17.0.12 with PID 10712 (C:\Users\ktcs\backend\mallapi\build\classes\java\main started by ktcs in C:\Users\ktcs\backend\mallapi)
2025-01-06 11:27:24.089 INFO  [restartedMain] o.z.m.MallapiApplication - No active profile set, falling back to 1 default profile: "default"
2025-01-06 11:27:24.394 INFO  [restartedMain] o.s.d.r.c.RepositoryConfigurationDelegate - Bootstrapping Spring Data JPA repositories in DEFAULT mode.
2025-01-06 11:27:24.416 INFO  [restartedMain] o.s.d.r.c.RepositoryConfigurationDelegate - Finished Spring Data repository scanning in 21 ms. Found 3 JPA repository interfaces.
2025-01-06 11:27:24.577 INFO  [restartedMain] o.s.b.w.e.t.TomcatWebServer - Tomcat initialized with port 8081 (http)
2025-01-06 11:27:24.578 INFO  [restartedMain] o.a.c.c.StandardService - Starting service [Tomcat]
2025-01-06 11:27:24.578 INFO  [restartedMain] o.a.c.c.StandardEngine - Starting Servlet engine: [Apache Tomcat/10.1.28]
2025-01-06 11:27:24.607 INFO  [restartedMain] o.a.c.c.C.[.[.[/] - Initializing Spring embedded WebApplicationContext
2025-01-06 11:27:24.607 INFO  [restartedMain] o.s.b.w.s.c.ServletWebServerApplicationContext - Root WebApplicationContext: initialization completed in 516 ms
2025-01-06 11:27:24.654 INFO  [restartedMain] o.h.j.i.u.LogHelper - HHH000204: Processing PersistenceUnitInfo [name: default]
2025-01-06 11:27:24.657 INFO  [restartedMain] o.h.c.i.RegionFactoryInitiator - HHH000026: Second-level cache disabled
2025-01-06 11:27:24.661 INFO  [restartedMain] o.s.o.j.p.SpringPersistenceUnitInfo - No LoadTimeWeaver setup: ignoring JPA class transformer
2025-01-06 11:27:24.662 INFO  [restartedMain] c.z.h.HikariDataSource - HikariPool-19 - Starting...
2025-01-06 11:27:24.664 INFO  [restartedMain] l.log4j2 - 331. Connection opened. {executed in 2ms} 
2025-01-06 11:27:24.664 INFO  [restartedMain] l.log4j2 - 331. Connection.new Connection returned 
2025-01-06 11:27:24.664 INFO  [restartedMain] l.log4j2 - 331. Connection.getNetworkTimeout() returned 0
2025-01-06 11:27:24.664 INFO  [restartedMain] l.log4j2 - 331. Connection.isReadOnly() returned false
2025-01-06 11:27:24.664 INFO  [restartedMain] l.log4j2 - 331. Connection.getAutoCommit() returned true
2025-01-06 11:27:24.664 INFO  [restartedMain] l.log4j2 - 331. Connection.isValid(1) returned true
2025-01-06 11:27:24.665 INFO  [restartedMain] l.log4j2 - 331. Connection.getTransactionIsolation() returned 4
2025-01-06 11:27:24.665 INFO  [restartedMain] c.z.h.p.HikariPool - HikariPool-19 - Added connection net.sf.log4jdbc.sql.jdbcapi.ConnectionSpy@78aa1dd1
2025-01-06 11:27:24.665 INFO  [restartedMain] c.z.h.HikariDataSource - HikariPool-19 - Start completed.
2025-01-06 11:27:24.665 INFO  [restartedMain] l.log4j2 - 331. Connection.getMetaData() returned org.mariadb.jdbc.DatabaseMetaData@74061eb5
2025-01-06 11:27:24.665 INFO  [restartedMain] l.log4j2 - 331. Statement.new Statement returned 
2025-01-06 11:27:24.665 INFO  [restartedMain] l.log4j2 - 331. Connection.createStatement() returned net.sf.log4jdbc.sql.jdbcapi.StatementSpy@64b4ea25
2025-01-06 11:27:24.665 INFO  [restartedMain] l.log4j2 - 331. SELECT @@character_set_database, @@sql_mode  {executed in 0 ms}
2025-01-06 11:27:24.665 INFO  [restartedMain] l.log4j2 - 331. ResultSet.new ResultSet returned 
2025-01-06 11:27:24.665 INFO  [restartedMain] l.log4j2 - 331. Statement.executeQuery(SELECT @@character_set_database, @@sql_mode) returned net.sf.log4jdbc.sql.jdbcapi.ResultSetSpy@666d018c
2025-01-06 11:27:24.665 INFO  [restartedMain] l.log4j2 - 331. ResultSet.next() returned true
2025-01-06 11:27:24.665 INFO  [restartedMain] l.log4j2 - 331. ResultSet.getString(1) returned utf8
2025-01-06 11:27:24.665 INFO  [restartedMain] l.log4j2 - 331. ResultSet.getString(2) returned IGNORE_SPACE,STRICT_TRANS_TABLES,ERROR_FOR_DIVISION_BY_ZERO,NO_AUTO_CREATE_USER,NO_ENGINE_SUBSTITUTION
2025-01-06 11:27:24.665 INFO  [restartedMain] l.log4j2 - 331. Statement.close() returned 
2025-01-06 11:27:24.666 INFO  [restartedMain] l.log4j2 - 331. Connection.getCatalog() returned malldb
2025-01-06 11:27:24.666 INFO  [restartedMain] l.log4j2 - 331. Connection.getSchema() returned null
2025-01-06 11:27:24.666 INFO  [restartedMain] l.log4j2 - 331. Connection.getSchema() returned null
2025-01-06 11:27:24.666 INFO  [restartedMain] l.log4j2 - 331. Connection.getMetaData() returned org.mariadb.jdbc.DatabaseMetaData@4e01dc05
2025-01-06 11:27:24.666 INFO  [restartedMain] l.log4j2 - 331. Connection.createClob() returned 
2025-01-06 11:27:24.666 INFO  [restartedMain] l.log4j2 - 331. Connection.createNClob() returned 
2025-01-06 11:27:24.666 INFO  [restartedMain] l.log4j2 - 331. Connection.clearWarnings() returned 
2025-01-06 11:27:24.701 INFO  [restartedMain] o.h.e.t.j.p.i.JtaPlatformInitiator - HHH000489: No JTA platform available (set 'hibernate.transaction.jta.platform' to enable JTA platform integration)
2025-01-06 11:27:24.701 INFO  [restartedMain] l.log4j2 - 331. Connection.getAutoCommit() returned true
2025-01-06 11:27:24.701 INFO  [restartedMain] l.log4j2 - 331. PreparedStatement.new PreparedStatement returned 
2025-01-06 11:27:24.701 INFO  [restartedMain] l.log4j2 - 331. Connection.prepareStatement(select table_name from information_schema.TABLES where table_schema=database() and table_type='SEQUENCE') returned net.sf.log4jdbc.sql.jdbcapi.PreparedStatementSpy@591e8c34
2025-01-06 11:27:24.703 INFO  [restartedMain] l.log4j2 - 331. select table_name from information_schema.TABLES where table_schema=database() and table_type='SEQUENCE'  {executed in 2 ms}
2025-01-06 11:27:24.703 INFO  [restartedMain] l.log4j2 - 331. ResultSet.new ResultSet returned 
2025-01-06 11:27:24.703 INFO  [restartedMain] l.log4j2 - 331. PreparedStatement.executeQuery() returned net.sf.log4jdbc.sql.jdbcapi.ResultSetSpy@6d09445d
2025-01-06 11:27:24.704 INFO  [restartedMain] l.log4j2 - 
|-----------|
|table_name |
|-----------|
|-----------|

2025-01-06 11:27:24.704 INFO  [restartedMain] l.log4j2 - 331. ResultSet.next() returned false
2025-01-06 11:27:24.704 INFO  [restartedMain] l.log4j2 - 331. ResultSet.close() returned void
2025-01-06 11:27:24.704 INFO  [restartedMain] l.log4j2 - 331. PreparedStatement.close() returned 
2025-01-06 11:27:24.704 INFO  [restartedMain] l.log4j2 - 331. Connection.getMetaData() returned org.mariadb.jdbc.DatabaseMetaData@122d0755
2025-01-06 11:27:24.724 INFO  [restartedMain] l.log4j2 - 331. PreparedStatement.new PreparedStatement returned 
2025-01-06 11:27:24.725 INFO  [restartedMain] l.log4j2 - 331. Connection.prepareStatement(select * from `malldb`.`member` where 1=0) returned net.sf.log4jdbc.sql.jdbcapi.PreparedStatementSpy@5a84331f
2025-01-06 11:27:24.725 INFO  [restartedMain] l.log4j2 - 331. select * from `malldb`.`member` where 1=0  {executed in 0 ms}
2025-01-06 11:27:24.725 INFO  [restartedMain] l.log4j2 - 331. ResultSet.new ResultSet returned 
2025-01-06 11:27:24.725 INFO  [restartedMain] l.log4j2 - 331. PreparedStatement.executeQuery() returned net.sf.log4jdbc.sql.jdbcapi.ResultSetSpy@7d88bfbe
2025-01-06 11:27:24.725 INFO  [restartedMain] l.log4j2 - 331. ResultSet.getMetaData() returned org.mariadb.jdbc.client.result.ResultSetMetaData@7e508f5
2025-01-06 11:27:24.726 INFO  [restartedMain] l.log4j2 - 
|------|---------|---|-------|
|email |nickname |pw |social |
|------|---------|---|-------|
|------|---------|---|-------|

2025-01-06 11:27:24.726 INFO  [restartedMain] l.log4j2 - 331. ResultSet.close() returned void
2025-01-06 11:27:24.726 INFO  [restartedMain] l.log4j2 - 331. PreparedStatement.close() returned 
2025-01-06 11:27:24.728 INFO  [restartedMain] l.log4j2 - 331. PreparedStatement.new PreparedStatement returned 
2025-01-06 11:27:24.728 INFO  [restartedMain] l.log4j2 - 331. Connection.prepareStatement(select * from `malldb`.`tbl_product` where 1=0) returned net.sf.log4jdbc.sql.jdbcapi.PreparedStatementSpy@38676046
2025-01-06 11:27:24.728 INFO  [restartedMain] l.log4j2 - 331. select * from `malldb`.`tbl_product` where 1=0  {executed in 0 ms}
2025-01-06 11:27:24.728 INFO  [restartedMain] l.log4j2 - 331. ResultSet.new ResultSet returned 
2025-01-06 11:27:24.729 INFO  [restartedMain] l.log4j2 - 331. PreparedStatement.executeQuery() returned net.sf.log4jdbc.sql.jdbcapi.ResultSetSpy@2a5dbb
2025-01-06 11:27:24.729 INFO  [restartedMain] l.log4j2 - 331. ResultSet.getMetaData() returned org.mariadb.jdbc.client.result.ResultSetMetaData@2fa75feb
2025-01-06 11:27:24.729 INFO  [restartedMain] l.log4j2 - 
|----|---------|------|------|------|
|pno |del_flag |pdesc |pname |price |
|----|---------|------|------|------|
|----|---------|------|------|------|

2025-01-06 11:27:24.729 INFO  [restartedMain] l.log4j2 - 331. ResultSet.close() returned void
2025-01-06 11:27:24.729 INFO  [restartedMain] l.log4j2 - 331. PreparedStatement.close() returned 
2025-01-06 11:27:24.729 INFO  [restartedMain] l.log4j2 - 331. Connection.clearWarnings() returned 
2025-01-06 11:27:24.729 INFO  [restartedMain] o.s.o.j.LocalContainerEntityManagerFactoryBean - Initialized JPA EntityManagerFactory for persistence unit 'default'
2025-01-06 11:27:24.773 INFO  [HikariPool-19 connection adder] l.log4j2 - 332. Connection opened. {executed in 2ms} 
2025-01-06 11:27:24.773 INFO  [HikariPool-19 connection adder] l.log4j2 - 332. Connection.new Connection returned 
2025-01-06 11:27:24.773 INFO  [HikariPool-19 connection adder] l.log4j2 - 332. Connection.isReadOnly() returned false
2025-01-06 11:27:24.773 INFO  [HikariPool-19 connection adder] l.log4j2 - 332. Connection.getAutoCommit() returned true
2025-01-06 11:27:24.789 INFO  [HikariPool-19 connection adder] l.log4j2 - 333. Connection opened. {executed in 3ms} 
2025-01-06 11:27:24.789 INFO  [HikariPool-19 connection adder] l.log4j2 - 333. Connection.new Connection returned 
2025-01-06 11:27:24.789 INFO  [HikariPool-19 connection adder] l.log4j2 - 333. Connection.isReadOnly() returned false
2025-01-06 11:27:24.789 INFO  [HikariPool-19 connection adder] l.log4j2 - 333. Connection.getAutoCommit() returned true
2025-01-06 11:27:24.804 INFO  [HikariPool-19 connection adder] l.log4j2 - 334. Connection opened. {executed in 3ms} 
2025-01-06 11:27:24.804 INFO  [HikariPool-19 connection adder] l.log4j2 - 334. Connection.new Connection returned 
2025-01-06 11:27:24.804 INFO  [HikariPool-19 connection adder] l.log4j2 - 334. Connection.isReadOnly() returned false
2025-01-06 11:27:24.804 INFO  [HikariPool-19 connection adder] l.log4j2 - 334. Connection.getAutoCommit() returned true
2025-01-06 11:27:24.807 INFO  [restartedMain] o.z.m.u.CustomFileUtil - -------------------------------------
2025-01-06 11:27:24.807 INFO  [restartedMain] o.z.m.u.CustomFileUtil - C:\Users\ktcs\backend\mallapi\upload
2025-01-06 11:27:24.820 INFO  [HikariPool-19 connection adder] l.log4j2 - 335. Connection opened. {executed in 3ms} 
2025-01-06 11:27:24.820 INFO  [HikariPool-19 connection adder] l.log4j2 - 335. Connection.new Connection returned 
2025-01-06 11:27:24.820 INFO  [HikariPool-19 connection adder] l.log4j2 - 335. Connection.isReadOnly() returned false
2025-01-06 11:27:24.820 INFO  [HikariPool-19 connection adder] l.log4j2 - 335. Connection.getAutoCommit() returned true
2025-01-06 11:27:24.836 INFO  [HikariPool-19 connection adder] l.log4j2 - 336. Connection opened. {executed in 3ms} 
2025-01-06 11:27:24.836 INFO  [HikariPool-19 connection adder] l.log4j2 - 336. Connection.new Connection returned 
2025-01-06 11:27:24.836 INFO  [HikariPool-19 connection adder] l.log4j2 - 336. Connection.isReadOnly() returned false
2025-01-06 11:27:24.836 INFO  [HikariPool-19 connection adder] l.log4j2 - 336. Connection.getAutoCommit() returned true
2025-01-06 11:27:24.851 INFO  [HikariPool-19 connection adder] l.log4j2 - 337. Connection opened. {executed in 3ms} 
2025-01-06 11:27:24.851 INFO  [HikariPool-19 connection adder] l.log4j2 - 337. Connection.new Connection returned 
2025-01-06 11:27:24.851 INFO  [HikariPool-19 connection adder] l.log4j2 - 337. Connection.isReadOnly() returned false
2025-01-06 11:27:24.851 INFO  [HikariPool-19 connection adder] l.log4j2 - 337. Connection.getAutoCommit() returned true
2025-01-06 11:27:24.866 INFO  [HikariPool-19 connection adder] l.log4j2 - 338. Connection opened. {executed in 2ms} 
2025-01-06 11:27:24.867 INFO  [HikariPool-19 connection adder] l.log4j2 - 338. Connection.new Connection returned 
2025-01-06 11:27:24.867 INFO  [HikariPool-19 connection adder] l.log4j2 - 338. Connection.isReadOnly() returned false
2025-01-06 11:27:24.867 INFO  [HikariPool-19 connection adder] l.log4j2 - 338. Connection.getAutoCommit() returned true
2025-01-06 11:27:24.881 WARN  [restartedMain] o.s.b.a.o.j.JpaBaseConfiguration$JpaWebConfiguration - spring.jpa.open-in-view is enabled by default. Therefore, database queries may be performed during view rendering. Explicitly configure spring.jpa.open-in-view to disable this warning
2025-01-06 11:27:24.882 INFO  [HikariPool-19 connection adder] l.log4j2 - 339. Connection opened. {executed in 3ms} 
2025-01-06 11:27:24.882 INFO  [HikariPool-19 connection adder] l.log4j2 - 339. Connection.new Connection returned 
2025-01-06 11:27:24.882 INFO  [HikariPool-19 connection adder] l.log4j2 - 339. Connection.isReadOnly() returned false
2025-01-06 11:27:24.882 INFO  [HikariPool-19 connection adder] l.log4j2 - 339. Connection.getAutoCommit() returned true
2025-01-06 11:27:24.898 INFO  [HikariPool-19 connection adder] l.log4j2 - 340. Connection opened. {executed in 3ms} 
2025-01-06 11:27:24.898 INFO  [HikariPool-19 connection adder] l.log4j2 - 340. Connection.new Connection returned 
2025-01-06 11:27:24.898 INFO  [HikariPool-19 connection adder] l.log4j2 - 340. Connection.isReadOnly() returned false
2025-01-06 11:27:24.898 INFO  [HikariPool-19 connection adder] l.log4j2 - 340. Connection.getAutoCommit() returned true
2025-01-06 11:27:24.907 INFO  [restartedMain] o.z.m.c.CustomSecurityConfig - ---------------------security config---------------------------
2025-01-06 11:27:24.935 INFO  [restartedMain] o.s.s.w.DefaultSecurityFilterChain - Will secure any request with [org.springframework.security.web.session.DisableEncodeUrlFilter@36c08f16, org.springframework.security.web.context.request.async.WebAsyncManagerIntegrationFilter@74369b22, org.springframework.security.web.context.SecurityContextHolderFilter@2248457a, org.springframework.security.web.header.HeaderWriterFilter@5035165e, org.springframework.web.filter.CorsFilter@49dee293, org.springframework.security.web.authentication.logout.LogoutFilter@35810a95, org.zerock.mallapi.security.filter.JWTCheckFilter@4d3570fa, org.springframework.security.web.authentication.UsernamePasswordAuthenticationFilter@76ce4426, org.springframework.security.web.savedrequest.RequestCacheAwareFilter@30ee7c47, org.springframework.security.web.servletapi.SecurityContextHolderAwareRequestFilter@48111be2, org.springframework.security.web.authentication.AnonymousAuthenticationFilter@7f3ffe75, org.springframework.security.web.session.SessionManagementFilter@7e5c7a40, org.springframework.security.web.access.ExceptionTranslationFilter@69bf716d]
2025-01-06 11:27:25.194 INFO  [restartedMain] o.s.b.d.a.OptionalLiveReloadServer - LiveReload server is running on port 35729
2025-01-06 11:27:25.214 INFO  [restartedMain] o.s.b.w.e.t.TomcatWebServer - Tomcat started on port 8081 (http) with context path ''
2025-01-06 11:27:25.223 INFO  [restartedMain] o.z.m.MallapiApplication - Started MallapiApplication in 1.163 seconds (process running for 251881.846)
2025-01-06 11:27:25.224 INFO  [restartedMain] o.s.b.d.a.ConditionEvaluationDeltaLoggingListener - Condition evaluation unchanged
2025-01-06 11:27:26.679 INFO  [File Watcher] o.s.b.d.a.LocalDevToolsAutoConfiguration$RestartingClassPathChangeChangedEventListener - Restarting due to 1 class path change (1 addition, 0 deletions, 0 modifications)
2025-01-06 11:27:26.959 INFO  [Thread-75] o.s.o.j.LocalContainerEntityManagerFactoryBean - Closing JPA EntityManagerFactory for persistence unit 'default'
2025-01-06 11:27:26.961 INFO  [Thread-75] c.z.h.HikariDataSource - HikariPool-19 - Shutdown initiated...
2025-01-06 11:27:26.966 INFO  [HikariPool-19 connection closer] l.log4j2 - 331. Connection closed. {executed in 1ms} 
2025-01-06 11:27:26.966 INFO  [HikariPool-19 connection closer] l.log4j2 - 331. Connection.close() returned 
2025-01-06 11:27:26.967 INFO  [HikariPool-19 connection closer] l.log4j2 - 332. Connection closed. {executed in 1ms} 
2025-01-06 11:27:26.968 INFO  [HikariPool-19 connection closer] l.log4j2 - 332. Connection.close() returned 
2025-01-06 11:27:26.968 INFO  [HikariPool-19 connection closer] l.log4j2 - 333. Connection closed. {executed in 0ms} 
2025-01-06 11:27:26.968 INFO  [HikariPool-19 connection closer] l.log4j2 - 333. Connection.close() returned 
2025-01-06 11:27:26.969 INFO  [HikariPool-19 connection closer] l.log4j2 - 334. Connection closed. {executed in 1ms} 
2025-01-06 11:27:26.969 INFO  [HikariPool-19 connection closer] l.log4j2 - 334. Connection.close() returned 
2025-01-06 11:27:26.970 INFO  [HikariPool-19 connection closer] l.log4j2 - 335. Connection closed. {executed in 1ms} 
2025-01-06 11:27:26.970 INFO  [HikariPool-19 connection closer] l.log4j2 - 335. Connection.close() returned 
2025-01-06 11:27:26.971 INFO  [HikariPool-19 connection closer] l.log4j2 - 336. Connection closed. {executed in 0ms} 
2025-01-06 11:27:26.972 INFO  [HikariPool-19 connection closer] l.log4j2 - 336. Connection.close() returned 
2025-01-06 11:27:26.973 INFO  [HikariPool-19 connection closer] l.log4j2 - 337. Connection closed. {executed in 1ms} 
2025-01-06 11:27:26.973 INFO  [HikariPool-19 connection closer] l.log4j2 - 337. Connection.close() returned 
2025-01-06 11:27:26.973 INFO  [HikariPool-19 connection closer] l.log4j2 - 338. Connection closed. {executed in 0ms} 
2025-01-06 11:27:26.973 INFO  [HikariPool-19 connection closer] l.log4j2 - 338. Connection.close() returned 
2025-01-06 11:27:26.974 INFO  [HikariPool-19 connection closer] l.log4j2 - 339. Connection closed. {executed in 1ms} 
2025-01-06 11:27:26.974 INFO  [HikariPool-19 connection closer] l.log4j2 - 339. Connection.close() returned 
2025-01-06 11:27:26.974 INFO  [HikariPool-19 connection closer] l.log4j2 - 340. Connection closed. {executed in 0ms} 
2025-01-06 11:27:26.974 INFO  [HikariPool-19 connection closer] l.log4j2 - 340. Connection.close() returned 
2025-01-06 11:27:26.974 INFO  [Thread-75] c.z.h.HikariDataSource - HikariPool-19 - Shutdown completed.
2025-01-06 11:27:27.075 INFO  [restartedMain] o.z.m.MallapiApplication - Starting MallapiApplication using Java 17.0.12 with PID 10712 (C:\Users\ktcs\backend\mallapi\build\classes\java\main started by ktcs in C:\Users\ktcs\backend\mallapi)
2025-01-06 11:27:27.077 INFO  [restartedMain] o.z.m.MallapiApplication - No active profile set, falling back to 1 default profile: "default"
2025-01-06 11:27:27.253 INFO  [restartedMain] o.s.d.r.c.RepositoryConfigurationDelegate - Bootstrapping Spring Data JPA repositories in DEFAULT mode.
2025-01-06 11:27:27.288 INFO  [restartedMain] o.s.d.r.c.RepositoryConfigurationDelegate - Finished Spring Data repository scanning in 34 ms. Found 3 JPA repository interfaces.
2025-01-06 11:27:27.397 INFO  [restartedMain] o.s.b.w.e.t.TomcatWebServer - Tomcat initialized with port 8081 (http)
2025-01-06 11:27:27.397 INFO  [restartedMain] o.a.c.c.StandardService - Starting service [Tomcat]
2025-01-06 11:27:27.397 INFO  [restartedMain] o.a.c.c.StandardEngine - Starting Servlet engine: [Apache Tomcat/10.1.28]
2025-01-06 11:27:27.421 INFO  [restartedMain] o.a.c.c.C.[.[.[/] - Initializing Spring embedded WebApplicationContext
2025-01-06 11:27:27.421 INFO  [restartedMain] o.s.b.w.s.c.ServletWebServerApplicationContext - Root WebApplicationContext: initialization completed in 344 ms
2025-01-06 11:27:27.463 INFO  [restartedMain] o.h.j.i.u.LogHelper - HHH000204: Processing PersistenceUnitInfo [name: default]
2025-01-06 11:27:27.466 INFO  [restartedMain] o.h.c.i.RegionFactoryInitiator - HHH000026: Second-level cache disabled
2025-01-06 11:27:27.472 INFO  [restartedMain] o.s.o.j.p.SpringPersistenceUnitInfo - No LoadTimeWeaver setup: ignoring JPA class transformer
2025-01-06 11:27:27.473 INFO  [restartedMain] c.z.h.HikariDataSource - HikariPool-20 - Starting...
2025-01-06 11:27:27.476 INFO  [restartedMain] l.log4j2 - 341. Connection opened. {executed in 3ms} 
2025-01-06 11:27:27.476 INFO  [restartedMain] l.log4j2 - 341. Connection.new Connection returned 
2025-01-06 11:27:27.476 INFO  [restartedMain] l.log4j2 - 341. Connection.getNetworkTimeout() returned 0
2025-01-06 11:27:27.476 INFO  [restartedMain] l.log4j2 - 341. Connection.isReadOnly() returned false
2025-01-06 11:27:27.476 INFO  [restartedMain] l.log4j2 - 341. Connection.getAutoCommit() returned true
2025-01-06 11:27:27.476 INFO  [restartedMain] l.log4j2 - 341. Connection.isValid(1) returned true
2025-01-06 11:27:27.477 INFO  [restartedMain] l.log4j2 - 341. Connection.getTransactionIsolation() returned 4
2025-01-06 11:27:27.477 INFO  [restartedMain] c.z.h.p.HikariPool - HikariPool-20 - Added connection net.sf.log4jdbc.sql.jdbcapi.ConnectionSpy@204fd260
2025-01-06 11:27:27.477 INFO  [restartedMain] c.z.h.HikariDataSource - HikariPool-20 - Start completed.
2025-01-06 11:27:27.477 INFO  [restartedMain] l.log4j2 - 341. Connection.getMetaData() returned org.mariadb.jdbc.DatabaseMetaData@10e7692d
2025-01-06 11:27:27.478 INFO  [restartedMain] l.log4j2 - 341. Statement.new Statement returned 
2025-01-06 11:27:27.478 INFO  [restartedMain] l.log4j2 - 341. Connection.createStatement() returned net.sf.log4jdbc.sql.jdbcapi.StatementSpy@7e4a0676
2025-01-06 11:27:27.478 INFO  [restartedMain] l.log4j2 - 341. SELECT @@character_set_database, @@sql_mode  {executed in 0 ms}
2025-01-06 11:27:27.478 INFO  [restartedMain] l.log4j2 - 341. ResultSet.new ResultSet returned 
2025-01-06 11:27:27.478 INFO  [restartedMain] l.log4j2 - 341. Statement.executeQuery(SELECT @@character_set_database, @@sql_mode) returned net.sf.log4jdbc.sql.jdbcapi.ResultSetSpy@38448d53
2025-01-06 11:27:27.478 INFO  [restartedMain] l.log4j2 - 341. ResultSet.next() returned true
2025-01-06 11:27:27.478 INFO  [restartedMain] l.log4j2 - 341. ResultSet.getString(1) returned utf8
2025-01-06 11:27:27.478 INFO  [restartedMain] l.log4j2 - 341. ResultSet.getString(2) returned IGNORE_SPACE,STRICT_TRANS_TABLES,ERROR_FOR_DIVISION_BY_ZERO,NO_AUTO_CREATE_USER,NO_ENGINE_SUBSTITUTION
2025-01-06 11:27:27.478 INFO  [restartedMain] l.log4j2 - 341. Statement.close() returned 
2025-01-06 11:27:27.479 INFO  [restartedMain] l.log4j2 - 341. Connection.getCatalog() returned malldb
2025-01-06 11:27:27.479 INFO  [restartedMain] l.log4j2 - 341. Connection.getSchema() returned null
2025-01-06 11:27:27.479 INFO  [restartedMain] l.log4j2 - 341. Connection.getSchema() returned null
2025-01-06 11:27:27.479 INFO  [restartedMain] l.log4j2 - 341. Connection.getMetaData() returned org.mariadb.jdbc.DatabaseMetaData@66c684e9
2025-01-06 11:27:27.479 INFO  [restartedMain] l.log4j2 - 341. Connection.createClob() returned 
2025-01-06 11:27:27.479 INFO  [restartedMain] l.log4j2 - 341. Connection.createNClob() returned 
2025-01-06 11:27:27.479 INFO  [restartedMain] l.log4j2 - 341. Connection.clearWarnings() returned 
2025-01-06 11:27:27.554 INFO  [restartedMain] o.h.e.t.j.p.i.JtaPlatformInitiator - HHH000489: No JTA platform available (set 'hibernate.transaction.jta.platform' to enable JTA platform integration)
2025-01-06 11:27:27.555 INFO  [restartedMain] l.log4j2 - 341. Connection.getAutoCommit() returned true
2025-01-06 11:27:27.555 INFO  [restartedMain] l.log4j2 - 341. PreparedStatement.new PreparedStatement returned 
2025-01-06 11:27:27.555 INFO  [restartedMain] l.log4j2 - 341. Connection.prepareStatement(select table_name from information_schema.TABLES where table_schema=database() and table_type='SEQUENCE') returned net.sf.log4jdbc.sql.jdbcapi.PreparedStatementSpy@2ad60a35
2025-01-06 11:27:27.557 INFO  [restartedMain] l.log4j2 - 341. select table_name from information_schema.TABLES where table_schema=database() and table_type='SEQUENCE'  {executed in 2 ms}
2025-01-06 11:27:27.557 INFO  [restartedMain] l.log4j2 - 341. ResultSet.new ResultSet returned 
2025-01-06 11:27:27.557 INFO  [restartedMain] l.log4j2 - 341. PreparedStatement.executeQuery() returned net.sf.log4jdbc.sql.jdbcapi.ResultSetSpy@36a68e90
2025-01-06 11:27:27.557 INFO  [restartedMain] l.log4j2 - 
|-----------|
|table_name |
|-----------|
|-----------|

2025-01-06 11:27:27.557 INFO  [restartedMain] l.log4j2 - 341. ResultSet.next() returned false
2025-01-06 11:27:27.557 INFO  [restartedMain] l.log4j2 - 341. ResultSet.close() returned void
2025-01-06 11:27:27.558 INFO  [restartedMain] l.log4j2 - 341. PreparedStatement.close() returned 
2025-01-06 11:27:27.558 INFO  [restartedMain] l.log4j2 - 341. Connection.getMetaData() returned org.mariadb.jdbc.DatabaseMetaData@6876519c
2025-01-06 11:27:27.578 INFO  [restartedMain] l.log4j2 - 341. PreparedStatement.new PreparedStatement returned 
2025-01-06 11:27:27.578 INFO  [restartedMain] l.log4j2 - 341. Connection.prepareStatement(select * from `malldb`.`member` where 1=0) returned net.sf.log4jdbc.sql.jdbcapi.PreparedStatementSpy@2126c281
2025-01-06 11:27:27.578 INFO  [restartedMain] l.log4j2 - 341. select * from `malldb`.`member` where 1=0  {executed in 0 ms}
2025-01-06 11:27:27.578 INFO  [restartedMain] l.log4j2 - 341. ResultSet.new ResultSet returned 
2025-01-06 11:27:27.578 INFO  [restartedMain] l.log4j2 - 341. PreparedStatement.executeQuery() returned net.sf.log4jdbc.sql.jdbcapi.ResultSetSpy@23761a3b
2025-01-06 11:27:27.578 INFO  [restartedMain] l.log4j2 - 341. ResultSet.getMetaData() returned org.mariadb.jdbc.client.result.ResultSetMetaData@79d64578
2025-01-06 11:27:27.579 INFO  [restartedMain] l.log4j2 - 
|------|---------|---|-------|
|email |nickname |pw |social |
|------|---------|---|-------|
|------|---------|---|-------|

2025-01-06 11:27:27.579 INFO  [restartedMain] l.log4j2 - 341. ResultSet.close() returned void
2025-01-06 11:27:27.579 INFO  [restartedMain] l.log4j2 - 341. PreparedStatement.close() returned 
2025-01-06 11:27:27.580 INFO  [restartedMain] l.log4j2 - 341. PreparedStatement.new PreparedStatement returned 
2025-01-06 11:27:27.580 INFO  [restartedMain] l.log4j2 - 341. Connection.prepareStatement(select * from `malldb`.`tbl_product` where 1=0) returned net.sf.log4jdbc.sql.jdbcapi.PreparedStatementSpy@a2f71a1
2025-01-06 11:27:27.581 INFO  [restartedMain] l.log4j2 - 341. select * from `malldb`.`tbl_product` where 1=0  {executed in 1 ms}
2025-01-06 11:27:27.581 INFO  [restartedMain] l.log4j2 - 341. ResultSet.new ResultSet returned 
2025-01-06 11:27:27.581 INFO  [restartedMain] l.log4j2 - 341. PreparedStatement.executeQuery() returned net.sf.log4jdbc.sql.jdbcapi.ResultSetSpy@199b051d
2025-01-06 11:27:27.581 INFO  [restartedMain] l.log4j2 - 341. ResultSet.getMetaData() returned org.mariadb.jdbc.client.result.ResultSetMetaData@522d6ed3
2025-01-06 11:27:27.581 INFO  [restartedMain] l.log4j2 - 
|----|---------|------|------|------|
|pno |del_flag |pdesc |pname |price |
|----|---------|------|------|------|
|----|---------|------|------|------|

2025-01-06 11:27:27.581 INFO  [restartedMain] l.log4j2 - 341. ResultSet.close() returned void
2025-01-06 11:27:27.581 INFO  [restartedMain] l.log4j2 - 341. PreparedStatement.close() returned 
2025-01-06 11:27:27.581 INFO  [restartedMain] l.log4j2 - 341. Connection.clearWarnings() returned 
2025-01-06 11:27:27.581 INFO  [restartedMain] o.s.o.j.LocalContainerEntityManagerFactoryBean - Initialized JPA EntityManagerFactory for persistence unit 'default'
2025-01-06 11:27:27.583 INFO  [HikariPool-20 connection adder] l.log4j2 - 342. Connection opened. {executed in 3ms} 
2025-01-06 11:27:27.583 INFO  [HikariPool-20 connection adder] l.log4j2 - 342. Connection.new Connection returned 
2025-01-06 11:27:27.583 INFO  [HikariPool-20 connection adder] l.log4j2 - 342. Connection.isReadOnly() returned false
2025-01-06 11:27:27.583 INFO  [HikariPool-20 connection adder] l.log4j2 - 342. Connection.getAutoCommit() returned true
2025-01-06 11:27:27.599 INFO  [HikariPool-20 connection adder] l.log4j2 - 343. Connection opened. {executed in 3ms} 
2025-01-06 11:27:27.599 INFO  [HikariPool-20 connection adder] l.log4j2 - 343. Connection.new Connection returned 
2025-01-06 11:27:27.599 INFO  [HikariPool-20 connection adder] l.log4j2 - 343. Connection.isReadOnly() returned false
2025-01-06 11:27:27.599 INFO  [HikariPool-20 connection adder] l.log4j2 - 343. Connection.getAutoCommit() returned true
2025-01-06 11:27:27.615 INFO  [HikariPool-20 connection adder] l.log4j2 - 344. Connection opened. {executed in 3ms} 
2025-01-06 11:27:27.615 INFO  [HikariPool-20 connection adder] l.log4j2 - 344. Connection.new Connection returned 
2025-01-06 11:27:27.615 INFO  [HikariPool-20 connection adder] l.log4j2 - 344. Connection.isReadOnly() returned false
2025-01-06 11:27:27.615 INFO  [HikariPool-20 connection adder] l.log4j2 - 344. Connection.getAutoCommit() returned true
2025-01-06 11:27:27.632 INFO  [HikariPool-20 connection adder] l.log4j2 - 345. Connection opened. {executed in 3ms} 
2025-01-06 11:27:27.632 INFO  [HikariPool-20 connection adder] l.log4j2 - 345. Connection.new Connection returned 
2025-01-06 11:27:27.632 INFO  [HikariPool-20 connection adder] l.log4j2 - 345. Connection.isReadOnly() returned false
2025-01-06 11:27:27.632 INFO  [HikariPool-20 connection adder] l.log4j2 - 345. Connection.getAutoCommit() returned true
2025-01-06 11:27:27.646 INFO  [HikariPool-20 connection adder] l.log4j2 - 346. Connection opened. {executed in 2ms} 
2025-01-06 11:27:27.646 INFO  [HikariPool-20 connection adder] l.log4j2 - 346. Connection.new Connection returned 
2025-01-06 11:27:27.647 INFO  [HikariPool-20 connection adder] l.log4j2 - 346. Connection.isReadOnly() returned false
2025-01-06 11:27:27.647 INFO  [HikariPool-20 connection adder] l.log4j2 - 346. Connection.getAutoCommit() returned true
2025-01-06 11:27:27.649 INFO  [restartedMain] o.z.m.u.CustomFileUtil - -------------------------------------
2025-01-06 11:27:27.649 INFO  [restartedMain] o.z.m.u.CustomFileUtil - C:\Users\ktcs\backend\mallapi\upload
2025-01-06 11:27:27.662 INFO  [HikariPool-20 connection adder] l.log4j2 - 347. Connection opened. {executed in 3ms} 
2025-01-06 11:27:27.662 INFO  [HikariPool-20 connection adder] l.log4j2 - 347. Connection.new Connection returned 
2025-01-06 11:27:27.662 INFO  [HikariPool-20 connection adder] l.log4j2 - 347. Connection.isReadOnly() returned false
2025-01-06 11:27:27.662 INFO  [HikariPool-20 connection adder] l.log4j2 - 347. Connection.getAutoCommit() returned true
2025-01-06 11:27:27.677 INFO  [HikariPool-20 connection adder] l.log4j2 - 348. Connection opened. {executed in 2ms} 
2025-01-06 11:27:27.677 INFO  [HikariPool-20 connection adder] l.log4j2 - 348. Connection.new Connection returned 
2025-01-06 11:27:27.677 INFO  [HikariPool-20 connection adder] l.log4j2 - 348. Connection.isReadOnly() returned false
2025-01-06 11:27:27.678 INFO  [HikariPool-20 connection adder] l.log4j2 - 348. Connection.getAutoCommit() returned true
2025-01-06 11:27:27.693 INFO  [HikariPool-20 connection adder] l.log4j2 - 349. Connection opened. {executed in 3ms} 
2025-01-06 11:27:27.693 INFO  [HikariPool-20 connection adder] l.log4j2 - 349. Connection.new Connection returned 
2025-01-06 11:27:27.693 INFO  [HikariPool-20 connection adder] l.log4j2 - 349. Connection.isReadOnly() returned false
2025-01-06 11:27:27.693 INFO  [HikariPool-20 connection adder] l.log4j2 - 349. Connection.getAutoCommit() returned true
2025-01-06 11:27:27.708 INFO  [HikariPool-20 connection adder] l.log4j2 - 350. Connection opened. {executed in 2ms} 
2025-01-06 11:27:27.708 INFO  [HikariPool-20 connection adder] l.log4j2 - 350. Connection.new Connection returned 
2025-01-06 11:27:27.708 INFO  [HikariPool-20 connection adder] l.log4j2 - 350. Connection.isReadOnly() returned false
2025-01-06 11:27:27.708 INFO  [HikariPool-20 connection adder] l.log4j2 - 350. Connection.getAutoCommit() returned true
2025-01-06 11:27:27.709 WARN  [restartedMain] o.s.b.a.o.j.JpaBaseConfiguration$JpaWebConfiguration - spring.jpa.open-in-view is enabled by default. Therefore, database queries may be performed during view rendering. Explicitly configure spring.jpa.open-in-view to disable this warning
2025-01-06 11:27:27.729 INFO  [restartedMain] o.z.m.c.CustomSecurityConfig - ---------------------security config---------------------------
2025-01-06 11:27:27.749 INFO  [restartedMain] o.s.s.w.DefaultSecurityFilterChain - Will secure any request with [org.springframework.security.web.session.DisableEncodeUrlFilter@12d8611c, org.springframework.security.web.context.request.async.WebAsyncManagerIntegrationFilter@14402d3, org.springframework.security.web.context.SecurityContextHolderFilter@38a8333b, org.springframework.security.web.header.HeaderWriterFilter@123b679d, org.springframework.web.filter.CorsFilter@2d2f13c8, org.springframework.security.web.authentication.logout.LogoutFilter@2fb06ef5, org.zerock.mallapi.security.filter.JWTCheckFilter@5d5b042d, org.springframework.security.web.authentication.UsernamePasswordAuthenticationFilter@61b226d6, org.springframework.security.web.savedrequest.RequestCacheAwareFilter@5b42a1d4, org.springframework.security.web.servletapi.SecurityContextHolderAwareRequestFilter@120c22ae, org.springframework.security.web.authentication.AnonymousAuthenticationFilter@c5a4e1b, org.springframework.security.web.session.SessionManagementFilter@4b01f63b, org.springframework.security.web.access.ExceptionTranslationFilter@12ee2ce6]
2025-01-06 11:27:27.913 INFO  [restartedMain] o.s.b.d.a.OptionalLiveReloadServer - LiveReload server is running on port 35729
2025-01-06 11:27:27.925 INFO  [restartedMain] o.s.b.w.e.t.TomcatWebServer - Tomcat started on port 8081 (http) with context path ''
2025-01-06 11:27:27.929 INFO  [restartedMain] o.z.m.MallapiApplication - Started MallapiApplication in 0.875 seconds (process running for 251884.552)
2025-01-06 11:27:27.930 INFO  [restartedMain] o.s.b.d.a.ConditionEvaluationDeltaLoggingListener - Condition evaluation unchanged
2025-01-06 11:28:48.964 INFO  [File Watcher] o.s.b.d.a.LocalDevToolsAutoConfiguration$RestartingClassPathChangeChangedEventListener - Restarting due to 1 class path change (0 additions, 1 deletion, 0 modifications)
2025-01-06 11:28:49.244 INFO  [Thread-79] o.s.o.j.LocalContainerEntityManagerFactoryBean - Closing JPA EntityManagerFactory for persistence unit 'default'
2025-01-06 11:28:49.265 INFO  [Thread-79] c.z.h.HikariDataSource - HikariPool-20 - Shutdown initiated...
2025-01-06 11:28:49.279 INFO  [HikariPool-20 connection closer] l.log4j2 - 341. Connection closed. {executed in 8ms} 
2025-01-06 11:28:49.280 INFO  [HikariPool-20 connection closer] l.log4j2 - 341. Connection.close() returned 
2025-01-06 11:28:49.281 INFO  [HikariPool-20 connection closer] l.log4j2 - 342. Connection closed. {executed in 1ms} 
2025-01-06 11:28:49.281 INFO  [HikariPool-20 connection closer] l.log4j2 - 342. Connection.close() returned 
2025-01-06 11:28:49.281 INFO  [HikariPool-20 connection closer] l.log4j2 - 343. Connection closed. {executed in 0ms} 
2025-01-06 11:28:49.281 INFO  [HikariPool-20 connection closer] l.log4j2 - 343. Connection.close() returned 
2025-01-06 11:28:49.282 INFO  [HikariPool-20 connection closer] l.log4j2 - 344. Connection closed. {executed in 1ms} 
2025-01-06 11:28:49.282 INFO  [HikariPool-20 connection closer] l.log4j2 - 344. Connection.close() returned 
2025-01-06 11:28:49.282 INFO  [HikariPool-20 connection closer] l.log4j2 - 345. Connection closed. {executed in 0ms} 
2025-01-06 11:28:49.283 INFO  [HikariPool-20 connection closer] l.log4j2 - 345. Connection.close() returned 
2025-01-06 11:28:49.283 INFO  [HikariPool-20 connection closer] l.log4j2 - 346. Connection closed. {executed in 0ms} 
2025-01-06 11:28:49.283 INFO  [HikariPool-20 connection closer] l.log4j2 - 346. Connection.close() returned 
2025-01-06 11:28:49.283 INFO  [HikariPool-20 connection closer] l.log4j2 - 347. Connection closed. {executed in 0ms} 
2025-01-06 11:28:49.283 INFO  [HikariPool-20 connection closer] l.log4j2 - 347. Connection.close() returned 
2025-01-06 11:28:49.285 INFO  [HikariPool-20 connection closer] l.log4j2 - 348. Connection closed. {executed in 2ms} 
2025-01-06 11:28:49.285 INFO  [HikariPool-20 connection closer] l.log4j2 - 348. Connection.close() returned 
2025-01-06 11:28:49.286 INFO  [HikariPool-20 connection closer] l.log4j2 - 349. Connection closed. {executed in 1ms} 
2025-01-06 11:28:49.286 INFO  [HikariPool-20 connection closer] l.log4j2 - 349. Connection.close() returned 
2025-01-06 11:28:49.286 INFO  [HikariPool-20 connection closer] l.log4j2 - 350. Connection closed. {executed in 0ms} 
2025-01-06 11:28:49.286 INFO  [HikariPool-20 connection closer] l.log4j2 - 350. Connection.close() returned 
2025-01-06 11:28:49.286 INFO  [Thread-79] c.z.h.HikariDataSource - HikariPool-20 - Shutdown completed.
2025-01-06 11:28:49.893 INFO  [restartedMain] o.z.m.MallapiApplication - Starting MallapiApplication using Java 17.0.12 with PID 10712 (C:\Users\ktcs\backend\mallapi\build\classes\java\main started by ktcs in C:\Users\ktcs\backend\mallapi)
2025-01-06 11:28:49.893 INFO  [restartedMain] o.z.m.MallapiApplication - No active profile set, falling back to 1 default profile: "default"
2025-01-06 11:28:50.271 INFO  [restartedMain] o.s.d.r.c.RepositoryConfigurationDelegate - Bootstrapping Spring Data JPA repositories in DEFAULT mode.
2025-01-06 11:28:50.303 INFO  [restartedMain] o.s.d.r.c.RepositoryConfigurationDelegate - Finished Spring Data repository scanning in 31 ms. Found 3 JPA repository interfaces.
2025-01-06 11:28:50.454 INFO  [restartedMain] o.s.b.w.e.t.TomcatWebServer - Tomcat initialized with port 8081 (http)
2025-01-06 11:28:50.455 INFO  [restartedMain] o.a.c.c.StandardService - Starting service [Tomcat]
2025-01-06 11:28:50.455 INFO  [restartedMain] o.a.c.c.StandardEngine - Starting Servlet engine: [Apache Tomcat/10.1.28]
2025-01-06 11:28:50.494 INFO  [restartedMain] o.a.c.c.C.[.[.[/] - Initializing Spring embedded WebApplicationContext
2025-01-06 11:28:50.494 INFO  [restartedMain] o.s.b.w.s.c.ServletWebServerApplicationContext - Root WebApplicationContext: initialization completed in 597 ms
2025-01-06 11:28:50.576 INFO  [restartedMain] o.h.j.i.u.LogHelper - HHH000204: Processing PersistenceUnitInfo [name: default]
2025-01-06 11:28:50.580 INFO  [restartedMain] o.h.c.i.RegionFactoryInitiator - HHH000026: Second-level cache disabled
2025-01-06 11:28:50.585 INFO  [restartedMain] o.s.o.j.p.SpringPersistenceUnitInfo - No LoadTimeWeaver setup: ignoring JPA class transformer
2025-01-06 11:28:50.586 INFO  [restartedMain] c.z.h.HikariDataSource - HikariPool-21 - Starting...
2025-01-06 11:28:50.594 INFO  [restartedMain] l.log4j2 - 351. Connection opened. {executed in 7ms} 
2025-01-06 11:28:50.594 INFO  [restartedMain] l.log4j2 - 351. Connection.new Connection returned 
2025-01-06 11:28:50.594 INFO  [restartedMain] l.log4j2 - 351. Connection.getNetworkTimeout() returned 0
2025-01-06 11:28:50.594 INFO  [restartedMain] l.log4j2 - 351. Connection.isReadOnly() returned false
2025-01-06 11:28:50.594 INFO  [restartedMain] l.log4j2 - 351. Connection.getAutoCommit() returned true
2025-01-06 11:28:50.594 INFO  [restartedMain] l.log4j2 - 351. Connection.isValid(1) returned true
2025-01-06 11:28:50.595 INFO  [restartedMain] l.log4j2 - 351. Connection.getTransactionIsolation() returned 4
2025-01-06 11:28:50.595 INFO  [restartedMain] c.z.h.p.HikariPool - HikariPool-21 - Added connection net.sf.log4jdbc.sql.jdbcapi.ConnectionSpy@75b8d8d8
2025-01-06 11:28:50.595 INFO  [restartedMain] c.z.h.HikariDataSource - HikariPool-21 - Start completed.
2025-01-06 11:28:50.595 INFO  [restartedMain] l.log4j2 - 351. Connection.getMetaData() returned org.mariadb.jdbc.DatabaseMetaData@253d2221
2025-01-06 11:28:50.595 INFO  [restartedMain] l.log4j2 - 351. Statement.new Statement returned 
2025-01-06 11:28:50.595 INFO  [restartedMain] l.log4j2 - 351. Connection.createStatement() returned net.sf.log4jdbc.sql.jdbcapi.StatementSpy@d99626a
2025-01-06 11:28:50.596 INFO  [restartedMain] l.log4j2 - 351. SELECT @@character_set_database, @@sql_mode  {executed in 1 ms}
2025-01-06 11:28:50.596 INFO  [restartedMain] l.log4j2 - 351. ResultSet.new ResultSet returned 
2025-01-06 11:28:50.596 INFO  [restartedMain] l.log4j2 - 351. Statement.executeQuery(SELECT @@character_set_database, @@sql_mode) returned net.sf.log4jdbc.sql.jdbcapi.ResultSetSpy@4599f649
2025-01-06 11:28:50.596 INFO  [restartedMain] l.log4j2 - 351. ResultSet.next() returned true
2025-01-06 11:28:50.596 INFO  [restartedMain] l.log4j2 - 351. ResultSet.getString(1) returned utf8
2025-01-06 11:28:50.596 INFO  [restartedMain] l.log4j2 - 351. ResultSet.getString(2) returned IGNORE_SPACE,STRICT_TRANS_TABLES,ERROR_FOR_DIVISION_BY_ZERO,NO_AUTO_CREATE_USER,NO_ENGINE_SUBSTITUTION
2025-01-06 11:28:50.596 INFO  [restartedMain] l.log4j2 - 351. Statement.close() returned 
2025-01-06 11:28:50.596 INFO  [restartedMain] l.log4j2 - 351. Connection.getCatalog() returned malldb
2025-01-06 11:28:50.596 INFO  [restartedMain] l.log4j2 - 351. Connection.getSchema() returned null
2025-01-06 11:28:50.596 INFO  [restartedMain] l.log4j2 - 351. Connection.getSchema() returned null
2025-01-06 11:28:50.596 INFO  [restartedMain] l.log4j2 - 351. Connection.getMetaData() returned org.mariadb.jdbc.DatabaseMetaData@76d4983a
2025-01-06 11:28:50.596 INFO  [restartedMain] l.log4j2 - 351. Connection.createClob() returned 
2025-01-06 11:28:50.596 INFO  [restartedMain] l.log4j2 - 351. Connection.createNClob() returned 
2025-01-06 11:28:50.596 INFO  [restartedMain] l.log4j2 - 351. Connection.clearWarnings() returned 
2025-01-06 11:28:50.667 INFO  [restartedMain] o.h.e.t.j.p.i.JtaPlatformInitiator - HHH000489: No JTA platform available (set 'hibernate.transaction.jta.platform' to enable JTA platform integration)
2025-01-06 11:28:50.668 INFO  [restartedMain] l.log4j2 - 351. Connection.getAutoCommit() returned true
2025-01-06 11:28:50.668 INFO  [restartedMain] l.log4j2 - 351. PreparedStatement.new PreparedStatement returned 
2025-01-06 11:28:50.668 INFO  [restartedMain] l.log4j2 - 351. Connection.prepareStatement(select table_name from information_schema.TABLES where table_schema=database() and table_type='SEQUENCE') returned net.sf.log4jdbc.sql.jdbcapi.PreparedStatementSpy@7d57f04f
2025-01-06 11:28:50.670 INFO  [restartedMain] l.log4j2 - 351. select table_name from information_schema.TABLES where table_schema=database() and table_type='SEQUENCE'  {executed in 2 ms}
2025-01-06 11:28:50.670 INFO  [restartedMain] l.log4j2 - 351. ResultSet.new ResultSet returned 
2025-01-06 11:28:50.670 INFO  [restartedMain] l.log4j2 - 351. PreparedStatement.executeQuery() returned net.sf.log4jdbc.sql.jdbcapi.ResultSetSpy@24530337
2025-01-06 11:28:50.670 INFO  [restartedMain] l.log4j2 - 
|-----------|
|table_name |
|-----------|
|-----------|

2025-01-06 11:28:50.670 INFO  [restartedMain] l.log4j2 - 351. ResultSet.next() returned false
2025-01-06 11:28:50.670 INFO  [restartedMain] l.log4j2 - 351. ResultSet.close() returned void
2025-01-06 11:28:50.670 INFO  [restartedMain] l.log4j2 - 351. PreparedStatement.close() returned 
2025-01-06 11:28:50.672 INFO  [restartedMain] l.log4j2 - 351. Connection.getMetaData() returned org.mariadb.jdbc.DatabaseMetaData@60d8d391
2025-01-06 11:28:50.722 INFO  [HikariPool-21 connection adder] l.log4j2 - 352. Connection opened. {executed in 3ms} 
2025-01-06 11:28:50.723 INFO  [HikariPool-21 connection adder] l.log4j2 - 352. Connection.new Connection returned 
2025-01-06 11:28:50.723 INFO  [HikariPool-21 connection adder] l.log4j2 - 352. Connection.isReadOnly() returned false
2025-01-06 11:28:50.723 INFO  [HikariPool-21 connection adder] l.log4j2 - 352. Connection.getAutoCommit() returned true
2025-01-06 11:28:50.724 INFO  [restartedMain] l.log4j2 - 351. PreparedStatement.new PreparedStatement returned 
2025-01-06 11:28:50.724 INFO  [restartedMain] l.log4j2 - 351. Connection.prepareStatement(select * from `malldb`.`member` where 1=0) returned net.sf.log4jdbc.sql.jdbcapi.PreparedStatementSpy@6e73c51e
2025-01-06 11:28:50.725 INFO  [restartedMain] l.log4j2 - 351. select * from `malldb`.`member` where 1=0  {executed in 1 ms}
2025-01-06 11:28:50.725 INFO  [restartedMain] l.log4j2 - 351. ResultSet.new ResultSet returned 
2025-01-06 11:28:50.725 INFO  [restartedMain] l.log4j2 - 351. PreparedStatement.executeQuery() returned net.sf.log4jdbc.sql.jdbcapi.ResultSetSpy@5285295c
2025-01-06 11:28:50.725 INFO  [restartedMain] l.log4j2 - 351. ResultSet.getMetaData() returned org.mariadb.jdbc.client.result.ResultSetMetaData@74673cc6
2025-01-06 11:28:50.725 INFO  [restartedMain] l.log4j2 - 
|------|---------|---|-------|
|email |nickname |pw |social |
|------|---------|---|-------|
|------|---------|---|-------|

2025-01-06 11:28:50.725 INFO  [restartedMain] l.log4j2 - 351. ResultSet.close() returned void
2025-01-06 11:28:50.726 INFO  [restartedMain] l.log4j2 - 351. PreparedStatement.close() returned 
2025-01-06 11:28:50.728 INFO  [restartedMain] l.log4j2 - 351. PreparedStatement.new PreparedStatement returned 
2025-01-06 11:28:50.729 INFO  [restartedMain] l.log4j2 - 351. Connection.prepareStatement(select * from `malldb`.`tbl_product` where 1=0) returned net.sf.log4jdbc.sql.jdbcapi.PreparedStatementSpy@ccae89d
2025-01-06 11:28:50.737 INFO  [HikariPool-21 connection adder] l.log4j2 - 353. Connection opened. {executed in 4ms} 
2025-01-06 11:28:50.737 INFO  [HikariPool-21 connection adder] l.log4j2 - 353. Connection.new Connection returned 
2025-01-06 11:28:50.737 INFO  [HikariPool-21 connection adder] l.log4j2 - 353. Connection.isReadOnly() returned false
2025-01-06 11:28:50.737 INFO  [HikariPool-21 connection adder] l.log4j2 - 353. Connection.getAutoCommit() returned true
2025-01-06 11:28:50.739 INFO  [restartedMain] l.log4j2 - 351. select * from `malldb`.`tbl_product` where 1=0  {executed in 10 ms}
2025-01-06 11:28:50.739 INFO  [restartedMain] l.log4j2 - 351. ResultSet.new ResultSet returned 
2025-01-06 11:28:50.739 INFO  [restartedMain] l.log4j2 - 351. PreparedStatement.executeQuery() returned net.sf.log4jdbc.sql.jdbcapi.ResultSetSpy@777eff91
2025-01-06 11:28:50.739 INFO  [restartedMain] l.log4j2 - 351. ResultSet.getMetaData() returned org.mariadb.jdbc.client.result.ResultSetMetaData@3a326cb4
2025-01-06 11:28:50.739 INFO  [restartedMain] l.log4j2 - 
|----|---------|------|------|------|
|pno |del_flag |pdesc |pname |price |
|----|---------|------|------|------|
|----|---------|------|------|------|

2025-01-06 11:28:50.739 INFO  [restartedMain] l.log4j2 - 351. ResultSet.close() returned void
2025-01-06 11:28:50.740 INFO  [restartedMain] l.log4j2 - 351. PreparedStatement.close() returned 
2025-01-06 11:28:50.740 INFO  [restartedMain] l.log4j2 - 351. Connection.clearWarnings() returned 
2025-01-06 11:28:50.740 INFO  [restartedMain] o.s.o.j.LocalContainerEntityManagerFactoryBean - Initialized JPA EntityManagerFactory for persistence unit 'default'
2025-01-06 11:28:50.751 INFO  [HikariPool-21 connection adder] l.log4j2 - 354. Connection opened. {executed in 2ms} 
2025-01-06 11:28:50.752 INFO  [HikariPool-21 connection adder] l.log4j2 - 354. Connection.new Connection returned 
2025-01-06 11:28:50.752 INFO  [HikariPool-21 connection adder] l.log4j2 - 354. Connection.isReadOnly() returned false
2025-01-06 11:28:50.752 INFO  [HikariPool-21 connection adder] l.log4j2 - 354. Connection.getAutoCommit() returned true
2025-01-06 11:28:50.767 INFO  [HikariPool-21 connection adder] l.log4j2 - 355. Connection opened. {executed in 3ms} 
2025-01-06 11:28:50.767 INFO  [HikariPool-21 connection adder] l.log4j2 - 355. Connection.new Connection returned 
2025-01-06 11:28:50.767 INFO  [HikariPool-21 connection adder] l.log4j2 - 355. Connection.isReadOnly() returned false
2025-01-06 11:28:50.767 INFO  [HikariPool-21 connection adder] l.log4j2 - 355. Connection.getAutoCommit() returned true
2025-01-06 11:28:50.782 INFO  [HikariPool-21 connection adder] l.log4j2 - 356. Connection opened. {executed in 3ms} 
2025-01-06 11:28:50.782 INFO  [HikariPool-21 connection adder] l.log4j2 - 356. Connection.new Connection returned 
2025-01-06 11:28:50.782 INFO  [HikariPool-21 connection adder] l.log4j2 - 356. Connection.isReadOnly() returned false
2025-01-06 11:28:50.782 INFO  [HikariPool-21 connection adder] l.log4j2 - 356. Connection.getAutoCommit() returned true
2025-01-06 11:28:50.799 INFO  [HikariPool-21 connection adder] l.log4j2 - 357. Connection opened. {executed in 4ms} 
2025-01-06 11:28:50.799 INFO  [HikariPool-21 connection adder] l.log4j2 - 357. Connection.new Connection returned 
2025-01-06 11:28:50.799 INFO  [HikariPool-21 connection adder] l.log4j2 - 357. Connection.isReadOnly() returned false
2025-01-06 11:28:50.799 INFO  [HikariPool-21 connection adder] l.log4j2 - 357. Connection.getAutoCommit() returned true
2025-01-06 11:28:50.813 INFO  [HikariPool-21 connection adder] l.log4j2 - 358. Connection opened. {executed in 4ms} 
2025-01-06 11:28:50.814 INFO  [HikariPool-21 connection adder] l.log4j2 - 358. Connection.new Connection returned 
2025-01-06 11:28:50.814 INFO  [HikariPool-21 connection adder] l.log4j2 - 358. Connection.isReadOnly() returned false
2025-01-06 11:28:50.814 INFO  [HikariPool-21 connection adder] l.log4j2 - 358. Connection.getAutoCommit() returned true
2025-01-06 11:28:50.829 INFO  [HikariPool-21 connection adder] l.log4j2 - 359. Connection opened. {executed in 3ms} 
2025-01-06 11:28:50.830 INFO  [HikariPool-21 connection adder] l.log4j2 - 359. Connection.new Connection returned 
2025-01-06 11:28:50.830 INFO  [HikariPool-21 connection adder] l.log4j2 - 359. Connection.isReadOnly() returned false
2025-01-06 11:28:50.830 INFO  [HikariPool-21 connection adder] l.log4j2 - 359. Connection.getAutoCommit() returned true
2025-01-06 11:28:50.845 INFO  [HikariPool-21 connection adder] l.log4j2 - 360. Connection opened. {executed in 4ms} 
2025-01-06 11:28:50.845 INFO  [HikariPool-21 connection adder] l.log4j2 - 360. Connection.new Connection returned 
2025-01-06 11:28:50.845 INFO  [HikariPool-21 connection adder] l.log4j2 - 360. Connection.isReadOnly() returned false
2025-01-06 11:28:50.845 INFO  [HikariPool-21 connection adder] l.log4j2 - 360. Connection.getAutoCommit() returned true
2025-01-06 11:28:50.861 INFO  [restartedMain] o.z.m.u.CustomFileUtil - -------------------------------------
2025-01-06 11:28:50.861 INFO  [restartedMain] o.z.m.u.CustomFileUtil - C:\Users\ktcs\backend\mallapi\upload
2025-01-06 11:28:50.947 WARN  [restartedMain] o.s.b.a.o.j.JpaBaseConfiguration$JpaWebConfiguration - spring.jpa.open-in-view is enabled by default. Therefore, database queries may be performed during view rendering. Explicitly configure spring.jpa.open-in-view to disable this warning
2025-01-06 11:28:50.971 INFO  [restartedMain] o.z.m.c.CustomSecurityConfig - ---------------------security config---------------------------
2025-01-06 11:28:50.994 INFO  [restartedMain] o.s.s.w.DefaultSecurityFilterChain - Will secure any request with [org.springframework.security.web.session.DisableEncodeUrlFilter@2e7233c, org.springframework.security.web.context.request.async.WebAsyncManagerIntegrationFilter@2a3e75ae, org.springframework.security.web.context.SecurityContextHolderFilter@70177e30, org.springframework.security.web.header.HeaderWriterFilter@ce6cb3d, org.springframework.web.filter.CorsFilter@2170f9e3, org.springframework.security.web.authentication.logout.LogoutFilter@14a3fcc6, org.zerock.mallapi.security.filter.JWTCheckFilter@2e4a68c5, org.springframework.security.web.authentication.UsernamePasswordAuthenticationFilter@2cb46028, org.springframework.security.web.savedrequest.RequestCacheAwareFilter@3761e9cb, org.springframework.security.web.servletapi.SecurityContextHolderAwareRequestFilter@d647339, org.springframework.security.web.authentication.AnonymousAuthenticationFilter@150f40f3, org.springframework.security.web.session.SessionManagementFilter@41d26d49, org.springframework.security.web.access.ExceptionTranslationFilter@5e332051]
2025-01-06 11:28:51.188 INFO  [restartedMain] o.s.b.d.a.OptionalLiveReloadServer - LiveReload server is running on port 35729
2025-01-06 11:28:51.199 INFO  [restartedMain] o.s.b.w.e.t.TomcatWebServer - Tomcat started on port 8081 (http) with context path ''
2025-01-06 11:28:51.203 INFO  [restartedMain] o.z.m.MallapiApplication - Started MallapiApplication in 1.356 seconds (process running for 251967.827)
2025-01-06 11:28:51.205 INFO  [restartedMain] o.s.b.d.a.ConditionEvaluationDeltaLoggingListener - Condition evaluation unchanged
2025-01-06 11:28:52.641 INFO  [File Watcher] o.s.b.d.a.LocalDevToolsAutoConfiguration$RestartingClassPathChangeChangedEventListener - Restarting due to 1 class path change (1 addition, 0 deletions, 0 modifications)
2025-01-06 11:28:52.853 INFO  [Thread-83] o.s.o.j.LocalContainerEntityManagerFactoryBean - Closing JPA EntityManagerFactory for persistence unit 'default'
2025-01-06 11:28:52.854 INFO  [Thread-83] c.z.h.HikariDataSource - HikariPool-21 - Shutdown initiated...
2025-01-06 11:28:52.854 INFO  [HikariPool-21 connection closer] l.log4j2 - 351. Connection closed. {executed in 0ms} 
2025-01-06 11:28:52.856 INFO  [HikariPool-21 connection closer] l.log4j2 - 351. Connection.close() returned 
2025-01-06 11:28:52.856 INFO  [HikariPool-21 connection closer] l.log4j2 - 352. Connection closed. {executed in 0ms} 
2025-01-06 11:28:52.856 INFO  [HikariPool-21 connection closer] l.log4j2 - 352. Connection.close() returned 
2025-01-06 11:28:52.856 INFO  [HikariPool-21 connection closer] l.log4j2 - 353. Connection closed. {executed in 0ms} 
2025-01-06 11:28:52.856 INFO  [HikariPool-21 connection closer] l.log4j2 - 353. Connection.close() returned 
2025-01-06 11:28:52.856 INFO  [HikariPool-21 connection closer] l.log4j2 - 354. Connection closed. {executed in 0ms} 
2025-01-06 11:28:52.856 INFO  [HikariPool-21 connection closer] l.log4j2 - 354. Connection.close() returned 
2025-01-06 11:28:52.857 INFO  [HikariPool-21 connection closer] l.log4j2 - 355. Connection closed. {executed in 1ms} 
2025-01-06 11:28:52.857 INFO  [HikariPool-21 connection closer] l.log4j2 - 355. Connection.close() returned 
2025-01-06 11:28:52.857 INFO  [HikariPool-21 connection closer] l.log4j2 - 356. Connection closed. {executed in 0ms} 
2025-01-06 11:28:52.857 INFO  [HikariPool-21 connection closer] l.log4j2 - 356. Connection.close() returned 
2025-01-06 11:28:52.857 INFO  [HikariPool-21 connection closer] l.log4j2 - 357. Connection closed. {executed in 0ms} 
2025-01-06 11:28:52.857 INFO  [HikariPool-21 connection closer] l.log4j2 - 357. Connection.close() returned 
2025-01-06 11:28:52.857 INFO  [HikariPool-21 connection closer] l.log4j2 - 358. Connection closed. {executed in 0ms} 
2025-01-06 11:28:52.857 INFO  [HikariPool-21 connection closer] l.log4j2 - 358. Connection.close() returned 
2025-01-06 11:28:52.857 INFO  [HikariPool-21 connection closer] l.log4j2 - 359. Connection closed. {executed in 0ms} 
2025-01-06 11:28:52.857 INFO  [HikariPool-21 connection closer] l.log4j2 - 359. Connection.close() returned 
2025-01-06 11:28:52.857 INFO  [HikariPool-21 connection closer] l.log4j2 - 360. Connection closed. {executed in 0ms} 
2025-01-06 11:28:52.858 INFO  [HikariPool-21 connection closer] l.log4j2 - 360. Connection.close() returned 
2025-01-06 11:28:52.858 INFO  [Thread-83] c.z.h.HikariDataSource - HikariPool-21 - Shutdown completed.
2025-01-06 11:28:52.943 INFO  [restartedMain] o.z.m.MallapiApplication - Starting MallapiApplication using Java 17.0.12 with PID 10712 (C:\Users\ktcs\backend\mallapi\build\classes\java\main started by ktcs in C:\Users\ktcs\backend\mallapi)
2025-01-06 11:28:52.943 INFO  [restartedMain] o.z.m.MallapiApplication - No active profile set, falling back to 1 default profile: "default"
2025-01-06 11:28:53.206 INFO  [restartedMain] o.s.d.r.c.RepositoryConfigurationDelegate - Bootstrapping Spring Data JPA repositories in DEFAULT mode.
2025-01-06 11:28:53.230 INFO  [restartedMain] o.s.d.r.c.RepositoryConfigurationDelegate - Finished Spring Data repository scanning in 24 ms. Found 3 JPA repository interfaces.
2025-01-06 11:28:53.342 INFO  [restartedMain] o.s.b.w.e.t.TomcatWebServer - Tomcat initialized with port 8081 (http)
2025-01-06 11:28:53.344 INFO  [restartedMain] o.a.c.c.StandardService - Starting service [Tomcat]
2025-01-06 11:28:53.344 INFO  [restartedMain] o.a.c.c.StandardEngine - Starting Servlet engine: [Apache Tomcat/10.1.28]
2025-01-06 11:28:53.371 INFO  [restartedMain] o.a.c.c.C.[.[.[/] - Initializing Spring embedded WebApplicationContext
2025-01-06 11:28:53.372 INFO  [restartedMain] o.s.b.w.s.c.ServletWebServerApplicationContext - Root WebApplicationContext: initialization completed in 427 ms
2025-01-06 11:28:53.438 INFO  [restartedMain] o.h.j.i.u.LogHelper - HHH000204: Processing PersistenceUnitInfo [name: default]
2025-01-06 11:28:53.441 INFO  [restartedMain] o.h.c.i.RegionFactoryInitiator - HHH000026: Second-level cache disabled
2025-01-06 11:28:53.448 INFO  [restartedMain] o.s.o.j.p.SpringPersistenceUnitInfo - No LoadTimeWeaver setup: ignoring JPA class transformer
2025-01-06 11:28:53.450 INFO  [restartedMain] c.z.h.HikariDataSource - HikariPool-22 - Starting...
2025-01-06 11:28:53.454 INFO  [restartedMain] l.log4j2 - 361. Connection opened. {executed in 3ms} 
2025-01-06 11:28:53.454 INFO  [restartedMain] l.log4j2 - 361. Connection.new Connection returned 
2025-01-06 11:28:53.454 INFO  [restartedMain] l.log4j2 - 361. Connection.getNetworkTimeout() returned 0
2025-01-06 11:28:53.454 INFO  [restartedMain] l.log4j2 - 361. Connection.isReadOnly() returned false
2025-01-06 11:28:53.454 INFO  [restartedMain] l.log4j2 - 361. Connection.getAutoCommit() returned true
2025-01-06 11:28:53.455 INFO  [restartedMain] l.log4j2 - 361. Connection.isValid(1) returned true
2025-01-06 11:28:53.455 INFO  [restartedMain] l.log4j2 - 361. Connection.getTransactionIsolation() returned 4
2025-01-06 11:28:53.455 INFO  [restartedMain] c.z.h.p.HikariPool - HikariPool-22 - Added connection net.sf.log4jdbc.sql.jdbcapi.ConnectionSpy@6e4f118f
2025-01-06 11:28:53.456 INFO  [restartedMain] c.z.h.HikariDataSource - HikariPool-22 - Start completed.
2025-01-06 11:28:53.456 INFO  [restartedMain] l.log4j2 - 361. Connection.getMetaData() returned org.mariadb.jdbc.DatabaseMetaData@68870064
2025-01-06 11:28:53.456 INFO  [restartedMain] l.log4j2 - 361. Statement.new Statement returned 
2025-01-06 11:28:53.456 INFO  [restartedMain] l.log4j2 - 361. Connection.createStatement() returned net.sf.log4jdbc.sql.jdbcapi.StatementSpy@355fab4d
2025-01-06 11:28:53.456 INFO  [restartedMain] l.log4j2 - 361. SELECT @@character_set_database, @@sql_mode  {executed in 0 ms}
2025-01-06 11:28:53.456 INFO  [restartedMain] l.log4j2 - 361. ResultSet.new ResultSet returned 
2025-01-06 11:28:53.456 INFO  [restartedMain] l.log4j2 - 361. Statement.executeQuery(SELECT @@character_set_database, @@sql_mode) returned net.sf.log4jdbc.sql.jdbcapi.ResultSetSpy@484c45d3
2025-01-06 11:28:53.456 INFO  [restartedMain] l.log4j2 - 361. ResultSet.next() returned true
2025-01-06 11:28:53.457 INFO  [restartedMain] l.log4j2 - 361. ResultSet.getString(1) returned utf8
2025-01-06 11:28:53.457 INFO  [restartedMain] l.log4j2 - 361. ResultSet.getString(2) returned IGNORE_SPACE,STRICT_TRANS_TABLES,ERROR_FOR_DIVISION_BY_ZERO,NO_AUTO_CREATE_USER,NO_ENGINE_SUBSTITUTION
2025-01-06 11:28:53.457 INFO  [restartedMain] l.log4j2 - 361. Statement.close() returned 
2025-01-06 11:28:53.457 INFO  [restartedMain] l.log4j2 - 361. Connection.getCatalog() returned malldb
2025-01-06 11:28:53.457 INFO  [restartedMain] l.log4j2 - 361. Connection.getSchema() returned null
2025-01-06 11:28:53.457 INFO  [restartedMain] l.log4j2 - 361. Connection.getSchema() returned null
2025-01-06 11:28:53.457 INFO  [restartedMain] l.log4j2 - 361. Connection.getMetaData() returned org.mariadb.jdbc.DatabaseMetaData@5e99f63c
2025-01-06 11:28:53.457 INFO  [restartedMain] l.log4j2 - 361. Connection.createClob() returned 
2025-01-06 11:28:53.458 INFO  [restartedMain] l.log4j2 - 361. Connection.createNClob() returned 
2025-01-06 11:28:53.458 INFO  [restartedMain] l.log4j2 - 361. Connection.clearWarnings() returned 
2025-01-06 11:28:53.514 INFO  [restartedMain] o.h.e.t.j.p.i.JtaPlatformInitiator - HHH000489: No JTA platform available (set 'hibernate.transaction.jta.platform' to enable JTA platform integration)
2025-01-06 11:28:53.515 INFO  [restartedMain] l.log4j2 - 361. Connection.getAutoCommit() returned true
2025-01-06 11:28:53.515 INFO  [restartedMain] l.log4j2 - 361. PreparedStatement.new PreparedStatement returned 
2025-01-06 11:28:53.515 INFO  [restartedMain] l.log4j2 - 361. Connection.prepareStatement(select table_name from information_schema.TABLES where table_schema=database() and table_type='SEQUENCE') returned net.sf.log4jdbc.sql.jdbcapi.PreparedStatementSpy@42cf3982
2025-01-06 11:28:53.516 INFO  [restartedMain] l.log4j2 - 361. select table_name from information_schema.TABLES where table_schema=database() and table_type='SEQUENCE'  {executed in 1 ms}
2025-01-06 11:28:53.516 INFO  [restartedMain] l.log4j2 - 361. ResultSet.new ResultSet returned 
2025-01-06 11:28:53.516 INFO  [restartedMain] l.log4j2 - 361. PreparedStatement.executeQuery() returned net.sf.log4jdbc.sql.jdbcapi.ResultSetSpy@2483d7d2
2025-01-06 11:28:53.516 INFO  [restartedMain] l.log4j2 - 
|-----------|
|table_name |
|-----------|
|-----------|

2025-01-06 11:28:53.516 INFO  [restartedMain] l.log4j2 - 361. ResultSet.next() returned false
2025-01-06 11:28:53.516 INFO  [restartedMain] l.log4j2 - 361. ResultSet.close() returned void
2025-01-06 11:28:53.516 INFO  [restartedMain] l.log4j2 - 361. PreparedStatement.close() returned 
2025-01-06 11:28:53.517 INFO  [restartedMain] l.log4j2 - 361. Connection.getMetaData() returned org.mariadb.jdbc.DatabaseMetaData@21d913b6
2025-01-06 11:28:53.538 INFO  [restartedMain] l.log4j2 - 361. PreparedStatement.new PreparedStatement returned 
2025-01-06 11:28:53.539 INFO  [restartedMain] l.log4j2 - 361. Connection.prepareStatement(select * from `malldb`.`member` where 1=0) returned net.sf.log4jdbc.sql.jdbcapi.PreparedStatementSpy@1545e6f4
2025-01-06 11:28:53.539 INFO  [restartedMain] l.log4j2 - 361. select * from `malldb`.`member` where 1=0  {executed in 0 ms}
2025-01-06 11:28:53.539 INFO  [restartedMain] l.log4j2 - 361. ResultSet.new ResultSet returned 
2025-01-06 11:28:53.539 INFO  [restartedMain] l.log4j2 - 361. PreparedStatement.executeQuery() returned net.sf.log4jdbc.sql.jdbcapi.ResultSetSpy@2fc28ec9
2025-01-06 11:28:53.539 INFO  [restartedMain] l.log4j2 - 361. ResultSet.getMetaData() returned org.mariadb.jdbc.client.result.ResultSetMetaData@466f6c24
2025-01-06 11:28:53.539 INFO  [restartedMain] l.log4j2 - 
|------|---------|---|-------|
|email |nickname |pw |social |
|------|---------|---|-------|
|------|---------|---|-------|

2025-01-06 11:28:53.539 INFO  [restartedMain] l.log4j2 - 361. ResultSet.close() returned void
2025-01-06 11:28:53.539 INFO  [restartedMain] l.log4j2 - 361. PreparedStatement.close() returned 
2025-01-06 11:28:53.541 INFO  [restartedMain] l.log4j2 - 361. PreparedStatement.new PreparedStatement returned 
2025-01-06 11:28:53.541 INFO  [restartedMain] l.log4j2 - 361. Connection.prepareStatement(select * from `malldb`.`tbl_product` where 1=0) returned net.sf.log4jdbc.sql.jdbcapi.PreparedStatementSpy@3cd638d1
2025-01-06 11:28:53.541 INFO  [restartedMain] l.log4j2 - 361. select * from `malldb`.`tbl_product` where 1=0  {executed in 0 ms}
2025-01-06 11:28:53.541 INFO  [restartedMain] l.log4j2 - 361. ResultSet.new ResultSet returned 
2025-01-06 11:28:53.541 INFO  [restartedMain] l.log4j2 - 361. PreparedStatement.executeQuery() returned net.sf.log4jdbc.sql.jdbcapi.ResultSetSpy@7595d44
2025-01-06 11:28:53.541 INFO  [restartedMain] l.log4j2 - 361. ResultSet.getMetaData() returned org.mariadb.jdbc.client.result.ResultSetMetaData@3aea0fc7
2025-01-06 11:28:53.541 INFO  [restartedMain] l.log4j2 - 
|----|---------|------|------|------|
|pno |del_flag |pdesc |pname |price |
|----|---------|------|------|------|
|----|---------|------|------|------|

2025-01-06 11:28:53.541 INFO  [restartedMain] l.log4j2 - 361. ResultSet.close() returned void
2025-01-06 11:28:53.541 INFO  [restartedMain] l.log4j2 - 361. PreparedStatement.close() returned 
2025-01-06 11:28:53.541 INFO  [restartedMain] l.log4j2 - 361. Connection.clearWarnings() returned 
2025-01-06 11:28:53.541 INFO  [restartedMain] o.s.o.j.LocalContainerEntityManagerFactoryBean - Initialized JPA EntityManagerFactory for persistence unit 'default'
2025-01-06 11:28:53.566 INFO  [HikariPool-22 connection adder] l.log4j2 - 362. Connection opened. {executed in 7ms} 
2025-01-06 11:28:53.566 INFO  [HikariPool-22 connection adder] l.log4j2 - 362. Connection.new Connection returned 
2025-01-06 11:28:53.566 INFO  [HikariPool-22 connection adder] l.log4j2 - 362. Connection.isReadOnly() returned false
2025-01-06 11:28:53.566 INFO  [HikariPool-22 connection adder] l.log4j2 - 362. Connection.getAutoCommit() returned true
2025-01-06 11:28:53.592 INFO  [HikariPool-22 connection adder] l.log4j2 - 363. Connection opened. {executed in 3ms} 
2025-01-06 11:28:53.593 INFO  [HikariPool-22 connection adder] l.log4j2 - 363. Connection.new Connection returned 
2025-01-06 11:28:53.593 INFO  [HikariPool-22 connection adder] l.log4j2 - 363. Connection.isReadOnly() returned false
2025-01-06 11:28:53.593 INFO  [HikariPool-22 connection adder] l.log4j2 - 363. Connection.getAutoCommit() returned true
2025-01-06 11:28:53.610 INFO  [HikariPool-22 connection adder] l.log4j2 - 364. Connection opened. {executed in 5ms} 
2025-01-06 11:28:53.610 INFO  [HikariPool-22 connection adder] l.log4j2 - 364. Connection.new Connection returned 
2025-01-06 11:28:53.610 INFO  [HikariPool-22 connection adder] l.log4j2 - 364. Connection.isReadOnly() returned false
2025-01-06 11:28:53.610 INFO  [HikariPool-22 connection adder] l.log4j2 - 364. Connection.getAutoCommit() returned true
2025-01-06 11:28:53.629 INFO  [HikariPool-22 connection adder] l.log4j2 - 365. Connection opened. {executed in 4ms} 
2025-01-06 11:28:53.629 INFO  [HikariPool-22 connection adder] l.log4j2 - 365. Connection.new Connection returned 
2025-01-06 11:28:53.630 INFO  [HikariPool-22 connection adder] l.log4j2 - 365. Connection.isReadOnly() returned false
2025-01-06 11:28:53.630 INFO  [HikariPool-22 connection adder] l.log4j2 - 365. Connection.getAutoCommit() returned true
2025-01-06 11:28:53.639 INFO  [restartedMain] o.z.m.u.CustomFileUtil - -------------------------------------
2025-01-06 11:28:53.639 INFO  [restartedMain] o.z.m.u.CustomFileUtil - C:\Users\ktcs\backend\mallapi\upload
2025-01-06 11:28:53.649 INFO  [HikariPool-22 connection adder] l.log4j2 - 366. Connection opened. {executed in 4ms} 
2025-01-06 11:28:53.649 INFO  [HikariPool-22 connection adder] l.log4j2 - 366. Connection.new Connection returned 
2025-01-06 11:28:53.649 INFO  [HikariPool-22 connection adder] l.log4j2 - 366. Connection.isReadOnly() returned false
2025-01-06 11:28:53.649 INFO  [HikariPool-22 connection adder] l.log4j2 - 366. Connection.getAutoCommit() returned true
2025-01-06 11:28:53.665 INFO  [HikariPool-22 connection adder] l.log4j2 - 367. Connection opened. {executed in 4ms} 
2025-01-06 11:28:53.665 INFO  [HikariPool-22 connection adder] l.log4j2 - 367. Connection.new Connection returned 
2025-01-06 11:28:53.665 INFO  [HikariPool-22 connection adder] l.log4j2 - 367. Connection.isReadOnly() returned false
2025-01-06 11:28:53.665 INFO  [HikariPool-22 connection adder] l.log4j2 - 367. Connection.getAutoCommit() returned true
2025-01-06 11:28:53.679 INFO  [HikariPool-22 connection adder] l.log4j2 - 368. Connection opened. {executed in 2ms} 
2025-01-06 11:28:53.679 INFO  [HikariPool-22 connection adder] l.log4j2 - 368. Connection.new Connection returned 
2025-01-06 11:28:53.679 INFO  [HikariPool-22 connection adder] l.log4j2 - 368. Connection.isReadOnly() returned false
2025-01-06 11:28:53.680 INFO  [HikariPool-22 connection adder] l.log4j2 - 368. Connection.getAutoCommit() returned true
2025-01-06 11:28:53.694 INFO  [HikariPool-22 connection adder] l.log4j2 - 369. Connection opened. {executed in 2ms} 
2025-01-06 11:28:53.694 INFO  [HikariPool-22 connection adder] l.log4j2 - 369. Connection.new Connection returned 
2025-01-06 11:28:53.694 INFO  [HikariPool-22 connection adder] l.log4j2 - 369. Connection.isReadOnly() returned false
2025-01-06 11:28:53.695 INFO  [HikariPool-22 connection adder] l.log4j2 - 369. Connection.getAutoCommit() returned true
2025-01-06 11:28:53.711 INFO  [HikariPool-22 connection adder] l.log4j2 - 370. Connection opened. {executed in 4ms} 
2025-01-06 11:28:53.711 INFO  [HikariPool-22 connection adder] l.log4j2 - 370. Connection.new Connection returned 
2025-01-06 11:28:53.711 INFO  [HikariPool-22 connection adder] l.log4j2 - 370. Connection.isReadOnly() returned false
2025-01-06 11:28:53.711 INFO  [HikariPool-22 connection adder] l.log4j2 - 370. Connection.getAutoCommit() returned true
2025-01-06 11:28:53.713 WARN  [restartedMain] o.s.b.a.o.j.JpaBaseConfiguration$JpaWebConfiguration - spring.jpa.open-in-view is enabled by default. Therefore, database queries may be performed during view rendering. Explicitly configure spring.jpa.open-in-view to disable this warning
2025-01-06 11:28:53.739 INFO  [restartedMain] o.z.m.c.CustomSecurityConfig - ---------------------security config---------------------------
2025-01-06 11:28:53.764 INFO  [restartedMain] o.s.s.w.DefaultSecurityFilterChain - Will secure any request with [org.springframework.security.web.session.DisableEncodeUrlFilter@2f085de, org.springframework.security.web.context.request.async.WebAsyncManagerIntegrationFilter@5f7ed7c0, org.springframework.security.web.context.SecurityContextHolderFilter@6dc82675, org.springframework.security.web.header.HeaderWriterFilter@1ffb50ae, org.springframework.web.filter.CorsFilter@15ae6484, org.springframework.security.web.authentication.logout.LogoutFilter@1d4aea09, org.zerock.mallapi.security.filter.JWTCheckFilter@268835cd, org.springframework.security.web.authentication.UsernamePasswordAuthenticationFilter@17a4862a, org.springframework.security.web.savedrequest.RequestCacheAwareFilter@6a7c1311, org.springframework.security.web.servletapi.SecurityContextHolderAwareRequestFilter@2f4750d0, org.springframework.security.web.authentication.AnonymousAuthenticationFilter@20d09ab7, org.springframework.security.web.session.SessionManagementFilter@2c380f1, org.springframework.security.web.access.ExceptionTranslationFilter@6aedbbd6]
2025-01-06 11:28:54.043 INFO  [restartedMain] o.s.b.d.a.OptionalLiveReloadServer - LiveReload server is running on port 35729
2025-01-06 11:28:54.063 INFO  [restartedMain] o.s.b.w.e.t.TomcatWebServer - Tomcat started on port 8081 (http) with context path ''
2025-01-06 11:28:54.067 INFO  [restartedMain] o.z.m.MallapiApplication - Started MallapiApplication in 1.157 seconds (process running for 251970.691)
2025-01-06 11:28:54.069 INFO  [restartedMain] o.s.b.d.a.ConditionEvaluationDeltaLoggingListener - Condition evaluation unchanged
2025-01-06 11:58:12.852 INFO  [HikariPool-22 connection closer] l.log4j2 - 363. Connection closed. {executed in 27ms} 
2025-01-06 11:58:12.866 INFO  [HikariPool-22 connection closer] l.log4j2 - 363. Connection.close() returned 
2025-01-06 11:58:12.980 INFO  [HikariPool-22 connection adder] l.log4j2 - 371. Connection opened. {executed in 150ms} 
2025-01-06 11:58:12.981 INFO  [HikariPool-22 connection adder] l.log4j2 - 371. Connection.new Connection returned 
2025-01-06 11:58:12.982 INFO  [HikariPool-22 connection adder] l.log4j2 - 371. Connection.isReadOnly() returned false
2025-01-06 11:58:12.982 INFO  [HikariPool-22 connection adder] l.log4j2 - 371. Connection.getAutoCommit() returned true
2025-01-06 11:58:18.608 INFO  [HikariPool-22 connection closer] l.log4j2 - 368. Connection closed. {executed in 8ms} 
2025-01-06 11:58:18.608 INFO  [HikariPool-22 connection closer] l.log4j2 - 368. Connection.close() returned 
2025-01-06 11:58:18.614 INFO  [HikariPool-22 connection adder] l.log4j2 - 372. Connection opened. {executed in 5ms} 
2025-01-06 11:58:18.614 INFO  [HikariPool-22 connection adder] l.log4j2 - 372. Connection.new Connection returned 
2025-01-06 11:58:18.614 INFO  [HikariPool-22 connection adder] l.log4j2 - 372. Connection.isReadOnly() returned false
2025-01-06 11:58:18.614 INFO  [HikariPool-22 connection adder] l.log4j2 - 372. Connection.getAutoCommit() returned true
2025-01-06 11:58:20.583 INFO  [HikariPool-22 connection closer] l.log4j2 - 370. Connection closed. {executed in 0ms} 
2025-01-06 11:58:20.583 INFO  [HikariPool-22 connection closer] l.log4j2 - 370. Connection.close() returned 
2025-01-06 11:58:20.593 INFO  [HikariPool-22 connection adder] l.log4j2 - 373. Connection opened. {executed in 9ms} 
2025-01-06 11:58:20.593 INFO  [HikariPool-22 connection adder] l.log4j2 - 373. Connection.new Connection returned 
2025-01-06 11:58:20.593 INFO  [HikariPool-22 connection adder] l.log4j2 - 373. Connection.isReadOnly() returned false
2025-01-06 11:58:20.593 INFO  [HikariPool-22 connection adder] l.log4j2 - 373. Connection.getAutoCommit() returned true
2025-01-06 11:58:23.697 INFO  [HikariPool-22 connection closer] l.log4j2 - 365. Connection closed. {executed in 1ms} 
2025-01-06 11:58:23.697 INFO  [HikariPool-22 connection closer] l.log4j2 - 365. Connection.close() returned 
2025-01-06 11:58:23.702 INFO  [HikariPool-22 connection adder] l.log4j2 - 374. Connection opened. {executed in 6ms} 
2025-01-06 11:58:23.702 INFO  [HikariPool-22 connection adder] l.log4j2 - 374. Connection.new Connection returned 
2025-01-06 11:58:23.702 INFO  [HikariPool-22 connection adder] l.log4j2 - 374. Connection.isReadOnly() returned false
2025-01-06 11:58:23.702 INFO  [HikariPool-22 connection adder] l.log4j2 - 374. Connection.getAutoCommit() returned true
2025-01-06 11:58:25.422 INFO  [HikariPool-22 connection closer] l.log4j2 - 366. Connection closed. {executed in 1ms} 
2025-01-06 11:58:25.422 INFO  [HikariPool-22 connection closer] l.log4j2 - 366. Connection.close() returned 
2025-01-06 11:58:25.426 INFO  [HikariPool-22 connection adder] l.log4j2 - 375. Connection opened. {executed in 5ms} 
2025-01-06 11:58:25.426 INFO  [HikariPool-22 connection adder] l.log4j2 - 375. Connection.new Connection returned 
2025-01-06 11:58:25.426 INFO  [HikariPool-22 connection adder] l.log4j2 - 375. Connection.isReadOnly() returned false
2025-01-06 11:58:25.426 INFO  [HikariPool-22 connection adder] l.log4j2 - 375. Connection.getAutoCommit() returned true
2025-01-06 11:58:28.385 INFO  [HikariPool-22 connection closer] l.log4j2 - 361. Connection closed. {executed in 0ms} 
2025-01-06 11:58:28.385 INFO  [HikariPool-22 connection closer] l.log4j2 - 361. Connection.close() returned 
2025-01-06 11:58:28.387 INFO  [HikariPool-22 connection adder] l.log4j2 - 376. Connection opened. {executed in 2ms} 
2025-01-06 11:58:28.387 INFO  [HikariPool-22 connection adder] l.log4j2 - 376. Connection.new Connection returned 
2025-01-06 11:58:28.387 INFO  [HikariPool-22 connection adder] l.log4j2 - 376. Connection.isReadOnly() returned false
2025-01-06 11:58:28.387 INFO  [HikariPool-22 connection adder] l.log4j2 - 376. Connection.getAutoCommit() returned true
2025-01-06 11:58:29.704 INFO  [HikariPool-22 connection closer] l.log4j2 - 369. Connection closed. {executed in 0ms} 
2025-01-06 11:58:29.705 INFO  [HikariPool-22 connection closer] l.log4j2 - 369. Connection.close() returned 
2025-01-06 11:58:29.709 INFO  [HikariPool-22 connection adder] l.log4j2 - 377. Connection opened. {executed in 5ms} 
2025-01-06 11:58:29.709 INFO  [HikariPool-22 connection adder] l.log4j2 - 377. Connection.new Connection returned 
2025-01-06 11:58:29.709 INFO  [HikariPool-22 connection adder] l.log4j2 - 377. Connection.isReadOnly() returned false
2025-01-06 11:58:29.709 INFO  [HikariPool-22 connection adder] l.log4j2 - 377. Connection.getAutoCommit() returned true
2025-01-06 11:58:40.396 INFO  [HikariPool-22 connection closer] l.log4j2 - 362. Connection closed. {executed in 1ms} 
2025-01-06 11:58:40.396 INFO  [HikariPool-22 connection closer] l.log4j2 - 362. Connection.close() returned 
2025-01-06 11:58:40.398 INFO  [HikariPool-22 connection adder] l.log4j2 - 378. Connection opened. {executed in 3ms} 
2025-01-06 11:58:40.398 INFO  [HikariPool-22 connection adder] l.log4j2 - 378. Connection.new Connection returned 
2025-01-06 11:58:40.398 INFO  [HikariPool-22 connection adder] l.log4j2 - 378. Connection.isReadOnly() returned false
2025-01-06 11:58:40.398 INFO  [HikariPool-22 connection adder] l.log4j2 - 378. Connection.getAutoCommit() returned true
2025-01-06 11:58:48.686 INFO  [HikariPool-22 connection closer] l.log4j2 - 364. Connection closed. {executed in 2ms} 
2025-01-06 11:58:48.686 INFO  [HikariPool-22 connection closer] l.log4j2 - 364. Connection.close() returned 
2025-01-06 11:58:48.697 INFO  [HikariPool-22 connection adder] l.log4j2 - 379. Connection opened. {executed in 4ms} 
2025-01-06 11:58:48.697 INFO  [HikariPool-22 connection adder] l.log4j2 - 379. Connection.new Connection returned 
2025-01-06 11:58:48.697 INFO  [HikariPool-22 connection adder] l.log4j2 - 379. Connection.isReadOnly() returned false
2025-01-06 11:58:48.697 INFO  [HikariPool-22 connection adder] l.log4j2 - 379. Connection.getAutoCommit() returned true
2025-01-06 11:58:49.894 INFO  [HikariPool-22 connection closer] l.log4j2 - 367. Connection closed. {executed in 1ms} 
2025-01-06 11:58:49.894 INFO  [HikariPool-22 connection closer] l.log4j2 - 367. Connection.close() returned 
2025-01-06 11:58:49.907 INFO  [HikariPool-22 connection adder] l.log4j2 - 380. Connection opened. {executed in 14ms} 
2025-01-06 11:58:49.907 INFO  [HikariPool-22 connection adder] l.log4j2 - 380. Connection.new Connection returned 
2025-01-06 11:58:49.907 INFO  [HikariPool-22 connection adder] l.log4j2 - 380. Connection.isReadOnly() returned false
2025-01-06 11:58:49.907 INFO  [HikariPool-22 connection adder] l.log4j2 - 380. Connection.getAutoCommit() returned true
2025-01-06 12:27:34.163 INFO  [HikariPool-22 connection closer] l.log4j2 - 371. Connection closed. {executed in 0ms} 
2025-01-06 12:27:34.164 INFO  [HikariPool-22 connection closer] l.log4j2 - 371. Connection.close() returned 
2025-01-06 12:27:34.169 INFO  [HikariPool-22 connection adder] l.log4j2 - 381. Connection opened. {executed in 6ms} 
2025-01-06 12:27:34.169 INFO  [HikariPool-22 connection adder] l.log4j2 - 381. Connection.new Connection returned 
2025-01-06 12:27:34.169 INFO  [HikariPool-22 connection adder] l.log4j2 - 381. Connection.isReadOnly() returned false
2025-01-06 12:27:34.169 INFO  [HikariPool-22 connection adder] l.log4j2 - 381. Connection.getAutoCommit() returned true
2025-01-06 12:27:52.217 INFO  [HikariPool-22 connection closer] l.log4j2 - 374. Connection closed. {executed in 0ms} 
2025-01-06 12:27:52.217 INFO  [HikariPool-22 connection closer] l.log4j2 - 374. Connection.close() returned 
2025-01-06 12:27:52.221 INFO  [HikariPool-22 connection adder] l.log4j2 - 382. Connection opened. {executed in 5ms} 
2025-01-06 12:27:52.221 INFO  [HikariPool-22 connection adder] l.log4j2 - 382. Connection.new Connection returned 
2025-01-06 12:27:52.221 INFO  [HikariPool-22 connection adder] l.log4j2 - 382. Connection.isReadOnly() returned false
2025-01-06 12:27:52.221 INFO  [HikariPool-22 connection adder] l.log4j2 - 382. Connection.getAutoCommit() returned true
2025-01-06 12:27:55.964 INFO  [HikariPool-22 connection closer] l.log4j2 - 377. Connection closed. {executed in 0ms} 
2025-01-06 12:27:55.965 INFO  [HikariPool-22 connection closer] l.log4j2 - 377. Connection.close() returned 
2025-01-06 12:27:55.975 INFO  [HikariPool-22 connection adder] l.log4j2 - 383. Connection opened. {executed in 11ms} 
2025-01-06 12:27:55.975 INFO  [HikariPool-22 connection adder] l.log4j2 - 383. Connection.new Connection returned 
2025-01-06 12:27:55.975 INFO  [HikariPool-22 connection adder] l.log4j2 - 383. Connection.isReadOnly() returned false
2025-01-06 12:27:55.975 INFO  [HikariPool-22 connection adder] l.log4j2 - 383. Connection.getAutoCommit() returned true
2025-01-06 12:28:07.269 INFO  [HikariPool-22 connection closer] l.log4j2 - 372. Connection closed. {executed in 0ms} 
2025-01-06 12:28:07.270 INFO  [HikariPool-22 connection closer] l.log4j2 - 372. Connection.close() returned 
2025-01-06 12:28:07.274 INFO  [HikariPool-22 connection adder] l.log4j2 - 384. Connection opened. {executed in 5ms} 
2025-01-06 12:28:07.274 INFO  [HikariPool-22 connection adder] l.log4j2 - 384. Connection.new Connection returned 
2025-01-06 12:28:07.274 INFO  [HikariPool-22 connection adder] l.log4j2 - 384. Connection.isReadOnly() returned false
2025-01-06 12:28:07.274 INFO  [HikariPool-22 connection adder] l.log4j2 - 384. Connection.getAutoCommit() returned true
2025-01-06 12:28:12.191 INFO  [HikariPool-22 connection closer] l.log4j2 - 375. Connection closed. {executed in 0ms} 
2025-01-06 12:28:12.191 INFO  [HikariPool-22 connection closer] l.log4j2 - 375. Connection.close() returned 
2025-01-06 12:28:12.194 INFO  [HikariPool-22 connection adder] l.log4j2 - 385. Connection opened. {executed in 3ms} 
2025-01-06 12:28:12.194 INFO  [HikariPool-22 connection adder] l.log4j2 - 385. Connection.new Connection returned 
2025-01-06 12:28:12.194 INFO  [HikariPool-22 connection adder] l.log4j2 - 385. Connection.isReadOnly() returned false
2025-01-06 12:28:12.194 INFO  [HikariPool-22 connection adder] l.log4j2 - 385. Connection.getAutoCommit() returned true
2025-01-06 12:28:15.045 INFO  [HikariPool-22 connection closer] l.log4j2 - 373. Connection closed. {executed in 0ms} 
2025-01-06 12:28:15.045 INFO  [HikariPool-22 connection closer] l.log4j2 - 373. Connection.close() returned 
2025-01-06 12:28:15.048 INFO  [HikariPool-22 connection adder] l.log4j2 - 386. Connection opened. {executed in 3ms} 
2025-01-06 12:28:15.048 INFO  [HikariPool-22 connection adder] l.log4j2 - 386. Connection.new Connection returned 
2025-01-06 12:28:15.048 INFO  [HikariPool-22 connection adder] l.log4j2 - 386. Connection.isReadOnly() returned false
2025-01-06 12:28:15.048 INFO  [HikariPool-22 connection adder] l.log4j2 - 386. Connection.getAutoCommit() returned true
2025-01-06 12:28:19.568 INFO  [HikariPool-22 connection closer] l.log4j2 - 376. Connection closed. {executed in 0ms} 
2025-01-06 12:28:19.568 INFO  [HikariPool-22 connection closer] l.log4j2 - 376. Connection.close() returned 
2025-01-06 12:28:19.573 INFO  [HikariPool-22 connection adder] l.log4j2 - 387. Connection opened. {executed in 5ms} 
2025-01-06 12:28:19.573 INFO  [HikariPool-22 connection adder] l.log4j2 - 387. Connection.new Connection returned 
2025-01-06 12:28:19.573 INFO  [HikariPool-22 connection adder] l.log4j2 - 387. Connection.isReadOnly() returned false
2025-01-06 12:28:19.573 INFO  [HikariPool-22 connection adder] l.log4j2 - 387. Connection.getAutoCommit() returned true
2025-01-06 12:28:28.841 INFO  [HikariPool-22 connection closer] l.log4j2 - 379. Connection closed. {executed in 1ms} 
2025-01-06 12:28:28.841 INFO  [HikariPool-22 connection closer] l.log4j2 - 379. Connection.close() returned 
2025-01-06 12:28:28.844 INFO  [HikariPool-22 connection adder] l.log4j2 - 388. Connection opened. {executed in 3ms} 
2025-01-06 12:28:28.844 INFO  [HikariPool-22 connection adder] l.log4j2 - 388. Connection.new Connection returned 
2025-01-06 12:28:28.844 INFO  [HikariPool-22 connection adder] l.log4j2 - 388. Connection.isReadOnly() returned false
2025-01-06 12:28:28.844 INFO  [HikariPool-22 connection adder] l.log4j2 - 388. Connection.getAutoCommit() returned true
2025-01-06 12:28:38.833 INFO  [HikariPool-22 connection closer] l.log4j2 - 378. Connection closed. {executed in 1ms} 
2025-01-06 12:28:38.833 INFO  [HikariPool-22 connection closer] l.log4j2 - 378. Connection.close() returned 
2025-01-06 12:28:38.839 INFO  [HikariPool-22 connection adder] l.log4j2 - 389. Connection opened. {executed in 6ms} 
2025-01-06 12:28:38.839 INFO  [HikariPool-22 connection adder] l.log4j2 - 389. Connection.new Connection returned 
2025-01-06 12:28:38.839 INFO  [HikariPool-22 connection adder] l.log4j2 - 389. Connection.isReadOnly() returned false
2025-01-06 12:28:38.839 INFO  [HikariPool-22 connection adder] l.log4j2 - 389. Connection.getAutoCommit() returned true
2025-01-06 12:28:42.421 INFO  [HikariPool-22 connection closer] l.log4j2 - 380. Connection closed. {executed in 1ms} 
2025-01-06 12:28:42.421 INFO  [HikariPool-22 connection closer] l.log4j2 - 380. Connection.close() returned 
2025-01-06 12:28:42.424 INFO  [HikariPool-22 connection adder] l.log4j2 - 390. Connection opened. {executed in 4ms} 
2025-01-06 12:28:42.424 INFO  [HikariPool-22 connection adder] l.log4j2 - 390. Connection.new Connection returned 
2025-01-06 12:28:42.424 INFO  [HikariPool-22 connection adder] l.log4j2 - 390. Connection.isReadOnly() returned false
2025-01-06 12:28:42.424 INFO  [HikariPool-22 connection adder] l.log4j2 - 390. Connection.getAutoCommit() returned true
2025-01-06 12:56:56.578 INFO  [HikariPool-22 connection closer] l.log4j2 - 381. Connection closed. {executed in 16ms} 
2025-01-06 12:56:56.581 INFO  [HikariPool-22 connection closer] l.log4j2 - 381. Connection.close() returned 
2025-01-06 12:56:56.611 INFO  [HikariPool-22 connection adder] l.log4j2 - 391. Connection opened. {executed in 48ms} 
2025-01-06 12:56:56.611 INFO  [HikariPool-22 connection adder] l.log4j2 - 391. Connection.new Connection returned 
2025-01-06 12:56:56.611 INFO  [HikariPool-22 connection adder] l.log4j2 - 391. Connection.isReadOnly() returned false
2025-01-06 12:56:56.611 INFO  [HikariPool-22 connection adder] l.log4j2 - 391. Connection.getAutoCommit() returned true
2025-01-06 12:57:31.984 INFO  [HikariPool-22 connection closer] l.log4j2 - 384. Connection closed. {executed in 1ms} 
2025-01-06 12:57:31.984 INFO  [HikariPool-22 connection closer] l.log4j2 - 384. Connection.close() returned 
2025-01-06 12:57:31.988 INFO  [HikariPool-22 connection adder] l.log4j2 - 392. Connection opened. {executed in 4ms} 
2025-01-06 12:57:31.988 INFO  [HikariPool-22 connection adder] l.log4j2 - 392. Connection.new Connection returned 
2025-01-06 12:57:31.988 INFO  [HikariPool-22 connection adder] l.log4j2 - 392. Connection.isReadOnly() returned false
2025-01-06 12:57:31.988 INFO  [HikariPool-22 connection adder] l.log4j2 - 392. Connection.getAutoCommit() returned true
2025-01-06 12:57:35.210 INFO  [HikariPool-22 connection closer] l.log4j2 - 386. Connection closed. {executed in 0ms} 
2025-01-06 12:57:35.210 INFO  [HikariPool-22 connection closer] l.log4j2 - 386. Connection.close() returned 
2025-01-06 12:57:35.214 INFO  [HikariPool-22 connection adder] l.log4j2 - 393. Connection opened. {executed in 4ms} 
2025-01-06 12:57:35.214 INFO  [HikariPool-22 connection adder] l.log4j2 - 393. Connection.new Connection returned 
2025-01-06 12:57:35.214 INFO  [HikariPool-22 connection adder] l.log4j2 - 393. Connection.isReadOnly() returned false
2025-01-06 12:57:35.214 INFO  [HikariPool-22 connection adder] l.log4j2 - 393. Connection.getAutoCommit() returned true
2025-01-06 12:57:48.464 INFO  [HikariPool-22 connection closer] l.log4j2 - 382. Connection closed. {executed in 0ms} 
2025-01-06 12:57:48.464 INFO  [HikariPool-22 connection closer] l.log4j2 - 382. Connection.close() returned 
2025-01-06 12:57:48.466 INFO  [HikariPool-22 connection adder] l.log4j2 - 394. Connection opened. {executed in 3ms} 
2025-01-06 12:57:48.466 INFO  [HikariPool-22 connection adder] l.log4j2 - 394. Connection.new Connection returned 
2025-01-06 12:57:48.466 INFO  [HikariPool-22 connection adder] l.log4j2 - 394. Connection.isReadOnly() returned false
2025-01-06 12:57:48.466 INFO  [HikariPool-22 connection adder] l.log4j2 - 394. Connection.getAutoCommit() returned true
2025-01-06 12:57:54.734 INFO  [HikariPool-22 connection closer] l.log4j2 - 387. Connection closed. {executed in 1ms} 
2025-01-06 12:57:54.734 INFO  [HikariPool-22 connection closer] l.log4j2 - 387. Connection.close() returned 
2025-01-06 12:57:54.737 INFO  [HikariPool-22 connection adder] l.log4j2 - 395. Connection opened. {executed in 3ms} 
2025-01-06 12:57:54.737 INFO  [HikariPool-22 connection adder] l.log4j2 - 395. Connection.new Connection returned 
2025-01-06 12:57:54.737 INFO  [HikariPool-22 connection adder] l.log4j2 - 395. Connection.isReadOnly() returned false
2025-01-06 12:57:54.737 INFO  [HikariPool-22 connection adder] l.log4j2 - 395. Connection.getAutoCommit() returned true
2025-01-06 12:57:54.810 INFO  [HikariPool-22 connection closer] l.log4j2 - 383. Connection closed. {executed in 0ms} 
2025-01-06 12:57:54.810 INFO  [HikariPool-22 connection closer] l.log4j2 - 383. Connection.close() returned 
2025-01-06 12:57:54.814 INFO  [HikariPool-22 connection adder] l.log4j2 - 396. Connection opened. {executed in 4ms} 
2025-01-06 12:57:54.814 INFO  [HikariPool-22 connection adder] l.log4j2 - 396. Connection.new Connection returned 
2025-01-06 12:57:54.814 INFO  [HikariPool-22 connection adder] l.log4j2 - 396. Connection.isReadOnly() returned false
2025-01-06 12:57:54.814 INFO  [HikariPool-22 connection adder] l.log4j2 - 396. Connection.getAutoCommit() returned true
2025-01-06 12:57:58.399 INFO  [HikariPool-22 connection closer] l.log4j2 - 388. Connection closed. {executed in 0ms} 
2025-01-06 12:57:58.400 INFO  [HikariPool-22 connection closer] l.log4j2 - 388. Connection.close() returned 
2025-01-06 12:57:58.403 INFO  [HikariPool-22 connection adder] l.log4j2 - 397. Connection opened. {executed in 4ms} 
2025-01-06 12:57:58.403 INFO  [HikariPool-22 connection adder] l.log4j2 - 397. Connection.new Connection returned 
2025-01-06 12:57:58.403 INFO  [HikariPool-22 connection adder] l.log4j2 - 397. Connection.isReadOnly() returned false
2025-01-06 12:57:58.403 INFO  [HikariPool-22 connection adder] l.log4j2 - 397. Connection.getAutoCommit() returned true
2025-01-06 12:58:04.506 INFO  [HikariPool-22 connection closer] l.log4j2 - 385. Connection closed. {executed in 1ms} 
2025-01-06 12:58:04.506 INFO  [HikariPool-22 connection closer] l.log4j2 - 385. Connection.close() returned 
2025-01-06 12:58:04.507 INFO  [HikariPool-22 connection adder] l.log4j2 - 398. Connection opened. {executed in 10ms} 
2025-01-06 12:58:04.507 INFO  [HikariPool-22 connection adder] l.log4j2 - 398. Connection.new Connection returned 
2025-01-06 12:58:04.507 INFO  [HikariPool-22 connection adder] l.log4j2 - 398. Connection.isReadOnly() returned false
2025-01-06 12:58:04.507 INFO  [HikariPool-22 connection adder] l.log4j2 - 398. Connection.getAutoCommit() returned true
2025-01-06 12:58:10.324 INFO  [HikariPool-22 connection closer] l.log4j2 - 390. Connection closed. {executed in 1ms} 
2025-01-06 12:58:10.324 INFO  [HikariPool-22 connection closer] l.log4j2 - 390. Connection.close() returned 
2025-01-06 12:58:10.327 INFO  [HikariPool-22 connection adder] l.log4j2 - 399. Connection opened. {executed in 4ms} 
2025-01-06 12:58:10.327 INFO  [HikariPool-22 connection adder] l.log4j2 - 399. Connection.new Connection returned 
2025-01-06 12:58:10.327 INFO  [HikariPool-22 connection adder] l.log4j2 - 399. Connection.isReadOnly() returned false
2025-01-06 12:58:10.327 INFO  [HikariPool-22 connection adder] l.log4j2 - 399. Connection.getAutoCommit() returned true
2025-01-06 12:58:37.693 INFO  [HikariPool-22 connection closer] l.log4j2 - 389. Connection closed. {executed in 0ms} 
2025-01-06 12:58:37.693 INFO  [HikariPool-22 connection closer] l.log4j2 - 389. Connection.close() returned 
2025-01-06 12:58:37.698 INFO  [HikariPool-22 connection adder] l.log4j2 - 400. Connection opened. {executed in 5ms} 
2025-01-06 12:58:37.698 INFO  [HikariPool-22 connection adder] l.log4j2 - 400. Connection.new Connection returned 
2025-01-06 12:58:37.698 INFO  [HikariPool-22 connection adder] l.log4j2 - 400. Connection.isReadOnly() returned false
2025-01-06 12:58:37.698 INFO  [HikariPool-22 connection adder] l.log4j2 - 400. Connection.getAutoCommit() returned true
2025-01-06 13:17:58.952 INFO  [File Watcher] o.s.b.d.a.LocalDevToolsAutoConfiguration$RestartingClassPathChangeChangedEventListener - Restarting due to 1 class path change (1 addition, 0 deletions, 0 modifications)
2025-01-06 13:17:59.424 INFO  [Thread-87] o.s.o.j.LocalContainerEntityManagerFactoryBean - Closing JPA EntityManagerFactory for persistence unit 'default'
2025-01-06 13:17:59.512 INFO  [Thread-87] c.z.h.HikariDataSource - HikariPool-22 - Shutdown initiated...
2025-01-06 13:17:59.533 INFO  [HikariPool-22 connection closer] l.log4j2 - 391. Connection closed. {executed in 9ms} 
2025-01-06 13:17:59.533 INFO  [HikariPool-22 connection closer] l.log4j2 - 391. Connection.close() returned 
2025-01-06 13:17:59.534 INFO  [HikariPool-22 connection closer] l.log4j2 - 392. Connection closed. {executed in 1ms} 
2025-01-06 13:17:59.534 INFO  [HikariPool-22 connection closer] l.log4j2 - 392. Connection.close() returned 
2025-01-06 13:17:59.534 INFO  [HikariPool-22 connection closer] l.log4j2 - 393. Connection closed. {executed in 0ms} 
2025-01-06 13:17:59.534 INFO  [HikariPool-22 connection closer] l.log4j2 - 393. Connection.close() returned 
2025-01-06 13:17:59.536 INFO  [HikariPool-22 connection closer] l.log4j2 - 394. Connection closed. {executed in 2ms} 
2025-01-06 13:17:59.536 INFO  [HikariPool-22 connection closer] l.log4j2 - 394. Connection.close() returned 
2025-01-06 13:17:59.536 INFO  [HikariPool-22 connection closer] l.log4j2 - 395. Connection closed. {executed in 0ms} 
2025-01-06 13:17:59.536 INFO  [HikariPool-22 connection closer] l.log4j2 - 395. Connection.close() returned 
2025-01-06 13:17:59.538 INFO  [HikariPool-22 connection closer] l.log4j2 - 396. Connection closed. {executed in 1ms} 
2025-01-06 13:17:59.538 INFO  [HikariPool-22 connection closer] l.log4j2 - 396. Connection.close() returned 
2025-01-06 13:17:59.538 INFO  [HikariPool-22 connection closer] l.log4j2 - 397. Connection closed. {executed in 0ms} 
2025-01-06 13:17:59.538 INFO  [HikariPool-22 connection closer] l.log4j2 - 397. Connection.close() returned 
2025-01-06 13:17:59.539 INFO  [HikariPool-22 connection closer] l.log4j2 - 398. Connection closed. {executed in 1ms} 
2025-01-06 13:17:59.539 INFO  [HikariPool-22 connection closer] l.log4j2 - 398. Connection.close() returned 
2025-01-06 13:17:59.539 INFO  [HikariPool-22 connection closer] l.log4j2 - 399. Connection closed. {executed in 0ms} 
2025-01-06 13:17:59.539 INFO  [HikariPool-22 connection closer] l.log4j2 - 399. Connection.close() returned 
2025-01-06 13:17:59.539 INFO  [HikariPool-22 connection closer] l.log4j2 - 400. Connection closed. {executed in 0ms} 
2025-01-06 13:17:59.539 INFO  [HikariPool-22 connection closer] l.log4j2 - 400. Connection.close() returned 
2025-01-06 13:17:59.540 INFO  [Thread-87] c.z.h.HikariDataSource - HikariPool-22 - Shutdown completed.
2025-01-06 13:18:00.112 INFO  [restartedMain] o.z.m.MallapiApplication - Starting MallapiApplication using Java 17.0.12 with PID 10712 (C:\Users\ktcs\backend\mallapi\build\classes\java\main started by ktcs in C:\Users\ktcs\backend\mallapi)
2025-01-06 13:18:00.112 INFO  [restartedMain] o.z.m.MallapiApplication - No active profile set, falling back to 1 default profile: "default"
2025-01-06 13:18:00.420 INFO  [restartedMain] o.s.d.r.c.RepositoryConfigurationDelegate - Bootstrapping Spring Data JPA repositories in DEFAULT mode.
2025-01-06 13:18:00.451 INFO  [restartedMain] o.s.d.r.c.RepositoryConfigurationDelegate - Finished Spring Data repository scanning in 30 ms. Found 3 JPA repository interfaces.
2025-01-06 13:18:00.644 INFO  [restartedMain] o.s.b.w.e.t.TomcatWebServer - Tomcat initialized with port 8081 (http)
2025-01-06 13:18:00.645 INFO  [restartedMain] o.a.c.c.StandardService - Starting service [Tomcat]
2025-01-06 13:18:00.646 INFO  [restartedMain] o.a.c.c.StandardEngine - Starting Servlet engine: [Apache Tomcat/10.1.28]
2025-01-06 13:18:00.713 INFO  [restartedMain] o.a.c.c.C.[.[.[/] - Initializing Spring embedded WebApplicationContext
2025-01-06 13:18:00.713 INFO  [restartedMain] o.s.b.w.s.c.ServletWebServerApplicationContext - Root WebApplicationContext: initialization completed in 598 ms
2025-01-06 13:18:00.806 INFO  [restartedMain] o.h.j.i.u.LogHelper - HHH000204: Processing PersistenceUnitInfo [name: default]
2025-01-06 13:18:00.811 INFO  [restartedMain] o.h.c.i.RegionFactoryInitiator - HHH000026: Second-level cache disabled
2025-01-06 13:18:00.817 INFO  [restartedMain] o.s.o.j.p.SpringPersistenceUnitInfo - No LoadTimeWeaver setup: ignoring JPA class transformer
2025-01-06 13:18:00.818 INFO  [restartedMain] c.z.h.HikariDataSource - HikariPool-23 - Starting...
2025-01-06 13:18:00.834 INFO  [restartedMain] l.log4j2 - 401. Connection opened. {executed in 15ms} 
2025-01-06 13:18:00.834 INFO  [restartedMain] l.log4j2 - 401. Connection.new Connection returned 
2025-01-06 13:18:00.834 INFO  [restartedMain] l.log4j2 - 401. Connection.getNetworkTimeout() returned 0
2025-01-06 13:18:00.834 INFO  [restartedMain] l.log4j2 - 401. Connection.isReadOnly() returned false
2025-01-06 13:18:00.834 INFO  [restartedMain] l.log4j2 - 401. Connection.getAutoCommit() returned true
2025-01-06 13:18:00.834 INFO  [restartedMain] l.log4j2 - 401. Connection.isValid(1) returned true
2025-01-06 13:18:00.844 INFO  [restartedMain] l.log4j2 - 401. Connection.getTransactionIsolation() returned 4
2025-01-06 13:18:00.844 INFO  [restartedMain] c.z.h.p.HikariPool - HikariPool-23 - Added connection net.sf.log4jdbc.sql.jdbcapi.ConnectionSpy@6e48b85b
2025-01-06 13:18:00.844 INFO  [restartedMain] c.z.h.HikariDataSource - HikariPool-23 - Start completed.
2025-01-06 13:18:00.845 INFO  [restartedMain] l.log4j2 - 401. Connection.getMetaData() returned org.mariadb.jdbc.DatabaseMetaData@78d4f25f
2025-01-06 13:18:00.845 INFO  [restartedMain] l.log4j2 - 401. Statement.new Statement returned 
2025-01-06 13:18:00.845 INFO  [restartedMain] l.log4j2 - 401. Connection.createStatement() returned net.sf.log4jdbc.sql.jdbcapi.StatementSpy@5714312f
2025-01-06 13:18:00.846 INFO  [restartedMain] l.log4j2 - 401. SELECT @@character_set_database, @@sql_mode  {executed in 1 ms}
2025-01-06 13:18:00.846 INFO  [restartedMain] l.log4j2 - 401. ResultSet.new ResultSet returned 
2025-01-06 13:18:00.846 INFO  [restartedMain] l.log4j2 - 401. Statement.executeQuery(SELECT @@character_set_database, @@sql_mode) returned net.sf.log4jdbc.sql.jdbcapi.ResultSetSpy@12c74ba6
2025-01-06 13:18:00.846 INFO  [restartedMain] l.log4j2 - 401. ResultSet.next() returned true
2025-01-06 13:18:00.846 INFO  [restartedMain] l.log4j2 - 401. ResultSet.getString(1) returned utf8
2025-01-06 13:18:00.846 INFO  [restartedMain] l.log4j2 - 401. ResultSet.getString(2) returned IGNORE_SPACE,STRICT_TRANS_TABLES,ERROR_FOR_DIVISION_BY_ZERO,NO_AUTO_CREATE_USER,NO_ENGINE_SUBSTITUTION
2025-01-06 13:18:00.846 INFO  [restartedMain] l.log4j2 - 401. Statement.close() returned 
2025-01-06 13:18:00.848 INFO  [restartedMain] l.log4j2 - 401. Connection.getCatalog() returned malldb
2025-01-06 13:18:00.848 INFO  [restartedMain] l.log4j2 - 401. Connection.getSchema() returned null
2025-01-06 13:18:00.848 INFO  [restartedMain] l.log4j2 - 401. Connection.getSchema() returned null
2025-01-06 13:18:00.848 INFO  [restartedMain] l.log4j2 - 401. Connection.getMetaData() returned org.mariadb.jdbc.DatabaseMetaData@39e6a3c5
2025-01-06 13:18:00.848 INFO  [restartedMain] l.log4j2 - 401. Connection.createClob() returned 
2025-01-06 13:18:00.848 INFO  [restartedMain] l.log4j2 - 401. Connection.createNClob() returned 
2025-01-06 13:18:00.848 INFO  [restartedMain] l.log4j2 - 401. Connection.clearWarnings() returned 
2025-01-06 13:18:00.894 INFO  [restartedMain] o.h.e.t.j.p.i.JtaPlatformInitiator - HHH000489: No JTA platform available (set 'hibernate.transaction.jta.platform' to enable JTA platform integration)
2025-01-06 13:18:00.895 INFO  [restartedMain] l.log4j2 - 401. Connection.getAutoCommit() returned true
2025-01-06 13:18:00.895 INFO  [restartedMain] l.log4j2 - 401. PreparedStatement.new PreparedStatement returned 
2025-01-06 13:18:00.895 INFO  [restartedMain] l.log4j2 - 401. Connection.prepareStatement(select table_name from information_schema.TABLES where table_schema=database() and table_type='SEQUENCE') returned net.sf.log4jdbc.sql.jdbcapi.PreparedStatementSpy@18c4bad2
2025-01-06 13:18:00.916 INFO  [restartedMain] l.log4j2 - 401. select table_name from information_schema.TABLES where table_schema=database() and table_type='SEQUENCE'  {executed in 21 ms}
2025-01-06 13:18:00.916 INFO  [restartedMain] l.log4j2 - 401. ResultSet.new ResultSet returned 
2025-01-06 13:18:00.917 INFO  [restartedMain] l.log4j2 - 401. PreparedStatement.executeQuery() returned net.sf.log4jdbc.sql.jdbcapi.ResultSetSpy@21ca2a03
2025-01-06 13:18:00.917 INFO  [restartedMain] l.log4j2 - 
|-----------|
|table_name |
|-----------|
|-----------|

2025-01-06 13:18:00.917 INFO  [restartedMain] l.log4j2 - 401. ResultSet.next() returned false
2025-01-06 13:18:00.917 INFO  [restartedMain] l.log4j2 - 401. ResultSet.close() returned void
2025-01-06 13:18:00.917 INFO  [restartedMain] l.log4j2 - 401. PreparedStatement.close() returned 
2025-01-06 13:18:00.917 INFO  [restartedMain] l.log4j2 - 401. Connection.getMetaData() returned org.mariadb.jdbc.DatabaseMetaData@7ae51f16
2025-01-06 13:18:00.954 INFO  [HikariPool-23 connection adder] l.log4j2 - 402. Connection opened. {executed in 3ms} 
2025-01-06 13:18:00.954 INFO  [HikariPool-23 connection adder] l.log4j2 - 402. Connection.new Connection returned 
2025-01-06 13:18:00.954 INFO  [HikariPool-23 connection adder] l.log4j2 - 402. Connection.isReadOnly() returned false
2025-01-06 13:18:00.954 INFO  [HikariPool-23 connection adder] l.log4j2 - 402. Connection.getAutoCommit() returned true
2025-01-06 13:18:00.963 INFO  [restartedMain] l.log4j2 - 401. PreparedStatement.new PreparedStatement returned 
2025-01-06 13:18:00.963 INFO  [restartedMain] l.log4j2 - 401. Connection.prepareStatement(select * from `malldb`.`member` where 1=0) returned net.sf.log4jdbc.sql.jdbcapi.PreparedStatementSpy@7b5b4a93
2025-01-06 13:18:00.964 INFO  [restartedMain] l.log4j2 - 401. select * from `malldb`.`member` where 1=0  {executed in 0 ms}
2025-01-06 13:18:00.964 INFO  [restartedMain] l.log4j2 - 401. ResultSet.new ResultSet returned 
2025-01-06 13:18:00.964 INFO  [restartedMain] l.log4j2 - 401. PreparedStatement.executeQuery() returned net.sf.log4jdbc.sql.jdbcapi.ResultSetSpy@b31fdc9
2025-01-06 13:18:00.964 INFO  [restartedMain] l.log4j2 - 401. ResultSet.getMetaData() returned org.mariadb.jdbc.client.result.ResultSetMetaData@59fe4e16
2025-01-06 13:18:00.964 INFO  [restartedMain] l.log4j2 - 
|------|---------|---|-------|
|email |nickname |pw |social |
|------|---------|---|-------|
|------|---------|---|-------|

2025-01-06 13:18:00.964 INFO  [restartedMain] l.log4j2 - 401. ResultSet.close() returned void
2025-01-06 13:18:00.964 INFO  [restartedMain] l.log4j2 - 401. PreparedStatement.close() returned 
2025-01-06 13:18:00.965 INFO  [restartedMain] l.log4j2 - 401. PreparedStatement.new PreparedStatement returned 
2025-01-06 13:18:00.965 INFO  [restartedMain] l.log4j2 - 401. Connection.prepareStatement(select * from `malldb`.`tbl_product` where 1=0) returned net.sf.log4jdbc.sql.jdbcapi.PreparedStatementSpy@1d147c88
2025-01-06 13:18:00.966 INFO  [restartedMain] l.log4j2 - 401. select * from `malldb`.`tbl_product` where 1=0  {executed in 1 ms}
2025-01-06 13:18:00.966 INFO  [restartedMain] l.log4j2 - 401. ResultSet.new ResultSet returned 
2025-01-06 13:18:00.966 INFO  [restartedMain] l.log4j2 - 401. PreparedStatement.executeQuery() returned net.sf.log4jdbc.sql.jdbcapi.ResultSetSpy@194f1556
2025-01-06 13:18:00.966 INFO  [restartedMain] l.log4j2 - 401. ResultSet.getMetaData() returned org.mariadb.jdbc.client.result.ResultSetMetaData@32ea7697
2025-01-06 13:18:00.966 INFO  [restartedMain] l.log4j2 - 
|----|---------|------|------|------|
|pno |del_flag |pdesc |pname |price |
|----|---------|------|------|------|
|----|---------|------|------|------|

2025-01-06 13:18:00.966 INFO  [restartedMain] l.log4j2 - 401. ResultSet.close() returned void
2025-01-06 13:18:00.966 INFO  [restartedMain] l.log4j2 - 401. PreparedStatement.close() returned 
2025-01-06 13:18:00.966 INFO  [restartedMain] l.log4j2 - 401. Connection.clearWarnings() returned 
2025-01-06 13:18:00.966 INFO  [restartedMain] o.s.o.j.LocalContainerEntityManagerFactoryBean - Initialized JPA EntityManagerFactory for persistence unit 'default'
2025-01-06 13:18:00.968 INFO  [HikariPool-23 connection adder] l.log4j2 - 403. Connection opened. {executed in 2ms} 
2025-01-06 13:18:00.968 INFO  [HikariPool-23 connection adder] l.log4j2 - 403. Connection.new Connection returned 
2025-01-06 13:18:00.968 INFO  [HikariPool-23 connection adder] l.log4j2 - 403. Connection.isReadOnly() returned false
2025-01-06 13:18:00.968 INFO  [HikariPool-23 connection adder] l.log4j2 - 403. Connection.getAutoCommit() returned true
2025-01-06 13:18:00.985 INFO  [HikariPool-23 connection adder] l.log4j2 - 404. Connection opened. {executed in 3ms} 
2025-01-06 13:18:00.985 INFO  [HikariPool-23 connection adder] l.log4j2 - 404. Connection.new Connection returned 
2025-01-06 13:18:00.985 INFO  [HikariPool-23 connection adder] l.log4j2 - 404. Connection.isReadOnly() returned false
2025-01-06 13:18:00.985 INFO  [HikariPool-23 connection adder] l.log4j2 - 404. Connection.getAutoCommit() returned true
2025-01-06 13:18:01.000 INFO  [HikariPool-23 connection adder] l.log4j2 - 405. Connection opened. {executed in 2ms} 
2025-01-06 13:18:01.000 INFO  [HikariPool-23 connection adder] l.log4j2 - 405. Connection.new Connection returned 
2025-01-06 13:18:01.000 INFO  [HikariPool-23 connection adder] l.log4j2 - 405. Connection.isReadOnly() returned false
2025-01-06 13:18:01.001 INFO  [HikariPool-23 connection adder] l.log4j2 - 405. Connection.getAutoCommit() returned true
2025-01-06 13:18:01.015 INFO  [HikariPool-23 connection adder] l.log4j2 - 406. Connection opened. {executed in 2ms} 
2025-01-06 13:18:01.015 INFO  [HikariPool-23 connection adder] l.log4j2 - 406. Connection.new Connection returned 
2025-01-06 13:18:01.015 INFO  [HikariPool-23 connection adder] l.log4j2 - 406. Connection.isReadOnly() returned false
2025-01-06 13:18:01.015 INFO  [HikariPool-23 connection adder] l.log4j2 - 406. Connection.getAutoCommit() returned true
2025-01-06 13:18:01.030 INFO  [restartedMain] o.z.m.u.CustomFileUtil - -------------------------------------
2025-01-06 13:18:01.030 INFO  [restartedMain] o.z.m.u.CustomFileUtil - C:\Users\ktcs\backend\mallapi\upload
2025-01-06 13:18:01.030 INFO  [HikariPool-23 connection adder] l.log4j2 - 407. Connection opened. {executed in 2ms} 
2025-01-06 13:18:01.030 INFO  [HikariPool-23 connection adder] l.log4j2 - 407. Connection.new Connection returned 
2025-01-06 13:18:01.030 INFO  [HikariPool-23 connection adder] l.log4j2 - 407. Connection.isReadOnly() returned false
2025-01-06 13:18:01.030 INFO  [HikariPool-23 connection adder] l.log4j2 - 407. Connection.getAutoCommit() returned true
2025-01-06 13:18:01.045 INFO  [HikariPool-23 connection adder] l.log4j2 - 408. Connection opened. {executed in 2ms} 
2025-01-06 13:18:01.045 INFO  [HikariPool-23 connection adder] l.log4j2 - 408. Connection.new Connection returned 
2025-01-06 13:18:01.045 INFO  [HikariPool-23 connection adder] l.log4j2 - 408. Connection.isReadOnly() returned false
2025-01-06 13:18:01.045 INFO  [HikariPool-23 connection adder] l.log4j2 - 408. Connection.getAutoCommit() returned true
2025-01-06 13:18:01.062 INFO  [HikariPool-23 connection adder] l.log4j2 - 409. Connection opened. {executed in 3ms} 
2025-01-06 13:18:01.062 INFO  [HikariPool-23 connection adder] l.log4j2 - 409. Connection.new Connection returned 
2025-01-06 13:18:01.062 INFO  [HikariPool-23 connection adder] l.log4j2 - 409. Connection.isReadOnly() returned false
2025-01-06 13:18:01.062 INFO  [HikariPool-23 connection adder] l.log4j2 - 409. Connection.getAutoCommit() returned true
2025-01-06 13:18:01.077 INFO  [HikariPool-23 connection adder] l.log4j2 - 410. Connection opened. {executed in 2ms} 
2025-01-06 13:18:01.077 INFO  [HikariPool-23 connection adder] l.log4j2 - 410. Connection.new Connection returned 
2025-01-06 13:18:01.078 INFO  [HikariPool-23 connection adder] l.log4j2 - 410. Connection.isReadOnly() returned false
2025-01-06 13:18:01.078 INFO  [HikariPool-23 connection adder] l.log4j2 - 410. Connection.getAutoCommit() returned true
2025-01-06 13:18:01.084 WARN  [restartedMain] o.s.b.a.o.j.JpaBaseConfiguration$JpaWebConfiguration - spring.jpa.open-in-view is enabled by default. Therefore, database queries may be performed during view rendering. Explicitly configure spring.jpa.open-in-view to disable this warning
2025-01-06 13:18:01.101 INFO  [restartedMain] o.z.m.c.CustomSecurityConfig - ---------------------security config---------------------------
2025-01-06 13:18:01.121 INFO  [restartedMain] o.s.s.w.DefaultSecurityFilterChain - Will secure any request with [org.springframework.security.web.session.DisableEncodeUrlFilter@98c4b02, org.springframework.security.web.context.request.async.WebAsyncManagerIntegrationFilter@2663b467, org.springframework.security.web.context.SecurityContextHolderFilter@63db6b66, org.springframework.security.web.header.HeaderWriterFilter@69aeb585, org.springframework.web.filter.CorsFilter@4c889293, org.springframework.security.web.authentication.logout.LogoutFilter@21596b0b, org.zerock.mallapi.security.filter.JWTCheckFilter@336d9cc1, org.springframework.security.web.authentication.UsernamePasswordAuthenticationFilter@5874edde, org.springframework.security.web.savedrequest.RequestCacheAwareFilter@49fb000f, org.springframework.security.web.servletapi.SecurityContextHolderAwareRequestFilter@55e59628, org.springframework.security.web.authentication.AnonymousAuthenticationFilter@585205f5, org.springframework.security.web.session.SessionManagementFilter@332dd3d9, org.springframework.security.web.access.ExceptionTranslationFilter@6a585ef]
2025-01-06 13:18:01.366 INFO  [restartedMain] o.s.b.d.a.OptionalLiveReloadServer - LiveReload server is running on port 35729
2025-01-06 13:18:01.380 INFO  [restartedMain] o.s.b.w.e.t.TomcatWebServer - Tomcat started on port 8081 (http) with context path ''
2025-01-06 13:18:01.385 INFO  [restartedMain] o.z.m.MallapiApplication - Started MallapiApplication in 1.32 seconds (process running for 258518.008)
2025-01-06 13:18:01.387 INFO  [restartedMain] o.s.b.d.a.ConditionEvaluationDeltaLoggingListener - Condition evaluation unchanged
2025-01-06 13:18:07.993 INFO  [File Watcher] o.s.b.d.a.LocalDevToolsAutoConfiguration$RestartingClassPathChangeChangedEventListener - Restarting due to 1 class path change (0 additions, 1 deletion, 0 modifications)
2025-01-06 13:18:08.229 INFO  [Thread-91] o.s.o.j.LocalContainerEntityManagerFactoryBean - Closing JPA EntityManagerFactory for persistence unit 'default'
2025-01-06 13:18:08.229 INFO  [Thread-91] c.z.h.HikariDataSource - HikariPool-23 - Shutdown initiated...
2025-01-06 13:18:08.231 INFO  [HikariPool-23 connection closer] l.log4j2 - 401. Connection closed. {executed in 1ms} 
2025-01-06 13:18:08.232 INFO  [HikariPool-23 connection closer] l.log4j2 - 401. Connection.close() returned 
2025-01-06 13:18:08.232 INFO  [HikariPool-23 connection closer] l.log4j2 - 402. Connection closed. {executed in 0ms} 
2025-01-06 13:18:08.232 INFO  [HikariPool-23 connection closer] l.log4j2 - 402. Connection.close() returned 
2025-01-06 13:18:08.232 INFO  [HikariPool-23 connection closer] l.log4j2 - 403. Connection closed. {executed in 0ms} 
2025-01-06 13:18:08.232 INFO  [HikariPool-23 connection closer] l.log4j2 - 403. Connection.close() returned 
2025-01-06 13:18:08.232 INFO  [HikariPool-23 connection closer] l.log4j2 - 404. Connection closed. {executed in 0ms} 
2025-01-06 13:18:08.232 INFO  [HikariPool-23 connection closer] l.log4j2 - 404. Connection.close() returned 
2025-01-06 13:18:08.233 INFO  [HikariPool-23 connection closer] l.log4j2 - 405. Connection closed. {executed in 1ms} 
2025-01-06 13:18:08.233 INFO  [HikariPool-23 connection closer] l.log4j2 - 405. Connection.close() returned 
2025-01-06 13:18:08.234 INFO  [HikariPool-23 connection closer] l.log4j2 - 406. Connection closed. {executed in 1ms} 
2025-01-06 13:18:08.234 INFO  [HikariPool-23 connection closer] l.log4j2 - 406. Connection.close() returned 
2025-01-06 13:18:08.234 INFO  [HikariPool-23 connection closer] l.log4j2 - 407. Connection closed. {executed in 0ms} 
2025-01-06 13:18:08.234 INFO  [HikariPool-23 connection closer] l.log4j2 - 407. Connection.close() returned 
2025-01-06 13:18:08.234 INFO  [HikariPool-23 connection closer] l.log4j2 - 408. Connection closed. {executed in 0ms} 
2025-01-06 13:18:08.234 INFO  [HikariPool-23 connection closer] l.log4j2 - 408. Connection.close() returned 
2025-01-06 13:18:08.235 INFO  [HikariPool-23 connection closer] l.log4j2 - 409. Connection closed. {executed in 1ms} 
2025-01-06 13:18:08.235 INFO  [HikariPool-23 connection closer] l.log4j2 - 409. Connection.close() returned 
2025-01-06 13:18:08.235 INFO  [HikariPool-23 connection closer] l.log4j2 - 410. Connection closed. {executed in 0ms} 
2025-01-06 13:18:08.235 INFO  [HikariPool-23 connection closer] l.log4j2 - 410. Connection.close() returned 
2025-01-06 13:18:08.235 INFO  [Thread-91] c.z.h.HikariDataSource - HikariPool-23 - Shutdown completed.
2025-01-06 13:18:08.318 INFO  [restartedMain] o.z.m.MallapiApplication - Starting MallapiApplication using Java 17.0.12 with PID 10712 (C:\Users\ktcs\backend\mallapi\build\classes\java\main started by ktcs in C:\Users\ktcs\backend\mallapi)
2025-01-06 13:18:08.318 INFO  [restartedMain] o.z.m.MallapiApplication - No active profile set, falling back to 1 default profile: "default"
2025-01-06 13:18:08.614 INFO  [restartedMain] o.s.d.r.c.RepositoryConfigurationDelegate - Bootstrapping Spring Data JPA repositories in DEFAULT mode.
2025-01-06 13:18:08.642 INFO  [restartedMain] o.s.d.r.c.RepositoryConfigurationDelegate - Finished Spring Data repository scanning in 28 ms. Found 3 JPA repository interfaces.
2025-01-06 13:18:08.768 INFO  [restartedMain] o.s.b.w.e.t.TomcatWebServer - Tomcat initialized with port 8081 (http)
2025-01-06 13:18:08.768 INFO  [restartedMain] o.a.c.c.StandardService - Starting service [Tomcat]
2025-01-06 13:18:08.769 INFO  [restartedMain] o.a.c.c.StandardEngine - Starting Servlet engine: [Apache Tomcat/10.1.28]
2025-01-06 13:18:08.795 INFO  [restartedMain] o.a.c.c.C.[.[.[/] - Initializing Spring embedded WebApplicationContext
2025-01-06 13:18:08.795 INFO  [restartedMain] o.s.b.w.s.c.ServletWebServerApplicationContext - Root WebApplicationContext: initialization completed in 475 ms
2025-01-06 13:18:08.850 INFO  [restartedMain] o.h.j.i.u.LogHelper - HHH000204: Processing PersistenceUnitInfo [name: default]
2025-01-06 13:18:08.854 INFO  [restartedMain] o.h.c.i.RegionFactoryInitiator - HHH000026: Second-level cache disabled
2025-01-06 13:18:08.858 INFO  [restartedMain] o.s.o.j.p.SpringPersistenceUnitInfo - No LoadTimeWeaver setup: ignoring JPA class transformer
2025-01-06 13:18:08.860 INFO  [restartedMain] c.z.h.HikariDataSource - HikariPool-24 - Starting...
2025-01-06 13:18:08.862 INFO  [restartedMain] l.log4j2 - 411. Connection opened. {executed in 2ms} 
2025-01-06 13:18:08.863 INFO  [restartedMain] l.log4j2 - 411. Connection.new Connection returned 
2025-01-06 13:18:08.863 INFO  [restartedMain] l.log4j2 - 411. Connection.getNetworkTimeout() returned 0
2025-01-06 13:18:08.863 INFO  [restartedMain] l.log4j2 - 411. Connection.isReadOnly() returned false
2025-01-06 13:18:08.863 INFO  [restartedMain] l.log4j2 - 411. Connection.getAutoCommit() returned true
2025-01-06 13:18:08.863 INFO  [restartedMain] l.log4j2 - 411. Connection.isValid(1) returned true
2025-01-06 13:18:08.863 INFO  [restartedMain] l.log4j2 - 411. Connection.getTransactionIsolation() returned 4
2025-01-06 13:18:08.863 INFO  [restartedMain] c.z.h.p.HikariPool - HikariPool-24 - Added connection net.sf.log4jdbc.sql.jdbcapi.ConnectionSpy@c5078f
2025-01-06 13:18:08.863 INFO  [restartedMain] c.z.h.HikariDataSource - HikariPool-24 - Start completed.
2025-01-06 13:18:08.863 INFO  [restartedMain] l.log4j2 - 411. Connection.getMetaData() returned org.mariadb.jdbc.DatabaseMetaData@2db674ee
2025-01-06 13:18:08.865 INFO  [restartedMain] l.log4j2 - 411. Statement.new Statement returned 
2025-01-06 13:18:08.865 INFO  [restartedMain] l.log4j2 - 411. Connection.createStatement() returned net.sf.log4jdbc.sql.jdbcapi.StatementSpy@54042815
2025-01-06 13:18:08.865 INFO  [restartedMain] l.log4j2 - 411. SELECT @@character_set_database, @@sql_mode  {executed in 0 ms}
2025-01-06 13:18:08.865 INFO  [restartedMain] l.log4j2 - 411. ResultSet.new ResultSet returned 
2025-01-06 13:18:08.865 INFO  [restartedMain] l.log4j2 - 411. Statement.executeQuery(SELECT @@character_set_database, @@sql_mode) returned net.sf.log4jdbc.sql.jdbcapi.ResultSetSpy@49286523
2025-01-06 13:18:08.865 INFO  [restartedMain] l.log4j2 - 411. ResultSet.next() returned true
2025-01-06 13:18:08.865 INFO  [restartedMain] l.log4j2 - 411. ResultSet.getString(1) returned utf8
2025-01-06 13:18:08.865 INFO  [restartedMain] l.log4j2 - 411. ResultSet.getString(2) returned IGNORE_SPACE,STRICT_TRANS_TABLES,ERROR_FOR_DIVISION_BY_ZERO,NO_AUTO_CREATE_USER,NO_ENGINE_SUBSTITUTION
2025-01-06 13:18:08.865 INFO  [restartedMain] l.log4j2 - 411. Statement.close() returned 
2025-01-06 13:18:08.866 INFO  [restartedMain] l.log4j2 - 411. Connection.getCatalog() returned malldb
2025-01-06 13:18:08.866 INFO  [restartedMain] l.log4j2 - 411. Connection.getSchema() returned null
2025-01-06 13:18:08.866 INFO  [restartedMain] l.log4j2 - 411. Connection.getSchema() returned null
2025-01-06 13:18:08.866 INFO  [restartedMain] l.log4j2 - 411. Connection.getMetaData() returned org.mariadb.jdbc.DatabaseMetaData@61f9eaf6
2025-01-06 13:18:08.866 INFO  [restartedMain] l.log4j2 - 411. Connection.createClob() returned 
2025-01-06 13:18:08.866 INFO  [restartedMain] l.log4j2 - 411. Connection.createNClob() returned 
2025-01-06 13:18:08.866 INFO  [restartedMain] l.log4j2 - 411. Connection.clearWarnings() returned 
2025-01-06 13:18:08.923 INFO  [restartedMain] o.h.e.t.j.p.i.JtaPlatformInitiator - HHH000489: No JTA platform available (set 'hibernate.transaction.jta.platform' to enable JTA platform integration)
2025-01-06 13:18:08.924 INFO  [restartedMain] l.log4j2 - 411. Connection.getAutoCommit() returned true
2025-01-06 13:18:08.924 INFO  [restartedMain] l.log4j2 - 411. PreparedStatement.new PreparedStatement returned 
2025-01-06 13:18:08.924 INFO  [restartedMain] l.log4j2 - 411. Connection.prepareStatement(select table_name from information_schema.TABLES where table_schema=database() and table_type='SEQUENCE') returned net.sf.log4jdbc.sql.jdbcapi.PreparedStatementSpy@42eb765f
2025-01-06 13:18:08.925 INFO  [restartedMain] l.log4j2 - 411. select table_name from information_schema.TABLES where table_schema=database() and table_type='SEQUENCE'  {executed in 1 ms}
2025-01-06 13:18:08.925 INFO  [restartedMain] l.log4j2 - 411. ResultSet.new ResultSet returned 
2025-01-06 13:18:08.925 INFO  [restartedMain] l.log4j2 - 411. PreparedStatement.executeQuery() returned net.sf.log4jdbc.sql.jdbcapi.ResultSetSpy@5693c4d6
2025-01-06 13:18:08.925 INFO  [restartedMain] l.log4j2 - 
|-----------|
|table_name |
|-----------|
|-----------|

2025-01-06 13:18:08.926 INFO  [restartedMain] l.log4j2 - 411. ResultSet.next() returned false
2025-01-06 13:18:08.926 INFO  [restartedMain] l.log4j2 - 411. ResultSet.close() returned void
2025-01-06 13:18:08.926 INFO  [restartedMain] l.log4j2 - 411. PreparedStatement.close() returned 
2025-01-06 13:18:08.926 INFO  [restartedMain] l.log4j2 - 411. Connection.getMetaData() returned org.mariadb.jdbc.DatabaseMetaData@7fb7e69
2025-01-06 13:18:08.947 INFO  [restartedMain] l.log4j2 - 411. PreparedStatement.new PreparedStatement returned 
2025-01-06 13:18:08.947 INFO  [restartedMain] l.log4j2 - 411. Connection.prepareStatement(select * from `malldb`.`member` where 1=0) returned net.sf.log4jdbc.sql.jdbcapi.PreparedStatementSpy@55a3908b
2025-01-06 13:18:08.948 INFO  [restartedMain] l.log4j2 - 411. select * from `malldb`.`member` where 1=0  {executed in 1 ms}
2025-01-06 13:18:08.948 INFO  [restartedMain] l.log4j2 - 411. ResultSet.new ResultSet returned 
2025-01-06 13:18:08.948 INFO  [restartedMain] l.log4j2 - 411. PreparedStatement.executeQuery() returned net.sf.log4jdbc.sql.jdbcapi.ResultSetSpy@1d5e5b9d
2025-01-06 13:18:08.948 INFO  [restartedMain] l.log4j2 - 411. ResultSet.getMetaData() returned org.mariadb.jdbc.client.result.ResultSetMetaData@418a6669
2025-01-06 13:18:08.949 INFO  [restartedMain] l.log4j2 - 
|------|---------|---|-------|
|email |nickname |pw |social |
|------|---------|---|-------|
|------|---------|---|-------|

2025-01-06 13:18:08.949 INFO  [restartedMain] l.log4j2 - 411. ResultSet.close() returned void
2025-01-06 13:18:08.949 INFO  [restartedMain] l.log4j2 - 411. PreparedStatement.close() returned 
2025-01-06 13:18:08.950 INFO  [restartedMain] l.log4j2 - 411. PreparedStatement.new PreparedStatement returned 
2025-01-06 13:18:08.950 INFO  [restartedMain] l.log4j2 - 411. Connection.prepareStatement(select * from `malldb`.`tbl_product` where 1=0) returned net.sf.log4jdbc.sql.jdbcapi.PreparedStatementSpy@5ea7e8da
2025-01-06 13:18:08.951 INFO  [restartedMain] l.log4j2 - 411. select * from `malldb`.`tbl_product` where 1=0  {executed in 1 ms}
2025-01-06 13:18:08.951 INFO  [restartedMain] l.log4j2 - 411. ResultSet.new ResultSet returned 
2025-01-06 13:18:08.951 INFO  [restartedMain] l.log4j2 - 411. PreparedStatement.executeQuery() returned net.sf.log4jdbc.sql.jdbcapi.ResultSetSpy@31cad220
2025-01-06 13:18:08.951 INFO  [restartedMain] l.log4j2 - 411. ResultSet.getMetaData() returned org.mariadb.jdbc.client.result.ResultSetMetaData@23e1535e
2025-01-06 13:18:08.951 INFO  [restartedMain] l.log4j2 - 
|----|---------|------|------|------|
|pno |del_flag |pdesc |pname |price |
|----|---------|------|------|------|
|----|---------|------|------|------|

2025-01-06 13:18:08.951 INFO  [restartedMain] l.log4j2 - 411. ResultSet.close() returned void
2025-01-06 13:18:08.951 INFO  [restartedMain] l.log4j2 - 411. PreparedStatement.close() returned 
2025-01-06 13:18:08.951 INFO  [restartedMain] l.log4j2 - 411. Connection.clearWarnings() returned 
2025-01-06 13:18:08.951 INFO  [restartedMain] o.s.o.j.LocalContainerEntityManagerFactoryBean - Initialized JPA EntityManagerFactory for persistence unit 'default'
2025-01-06 13:18:08.983 INFO  [HikariPool-24 connection adder] l.log4j2 - 412. Connection opened. {executed in 3ms} 
2025-01-06 13:18:08.983 INFO  [HikariPool-24 connection adder] l.log4j2 - 412. Connection.new Connection returned 
2025-01-06 13:18:08.983 INFO  [HikariPool-24 connection adder] l.log4j2 - 412. Connection.isReadOnly() returned false
2025-01-06 13:18:08.983 INFO  [HikariPool-24 connection adder] l.log4j2 - 412. Connection.getAutoCommit() returned true
2025-01-06 13:18:08.997 INFO  [HikariPool-24 connection adder] l.log4j2 - 413. Connection opened. {executed in 1ms} 
2025-01-06 13:18:08.998 INFO  [HikariPool-24 connection adder] l.log4j2 - 413. Connection.new Connection returned 
2025-01-06 13:18:08.998 INFO  [HikariPool-24 connection adder] l.log4j2 - 413. Connection.isReadOnly() returned false
2025-01-06 13:18:08.998 INFO  [HikariPool-24 connection adder] l.log4j2 - 413. Connection.getAutoCommit() returned true
2025-01-06 13:18:09.012 INFO  [HikariPool-24 connection adder] l.log4j2 - 414. Connection opened. {executed in 3ms} 
2025-01-06 13:18:09.012 INFO  [HikariPool-24 connection adder] l.log4j2 - 414. Connection.new Connection returned 
2025-01-06 13:18:09.012 INFO  [HikariPool-24 connection adder] l.log4j2 - 414. Connection.isReadOnly() returned false
2025-01-06 13:18:09.012 INFO  [HikariPool-24 connection adder] l.log4j2 - 414. Connection.getAutoCommit() returned true
2025-01-06 13:18:09.028 INFO  [HikariPool-24 connection adder] l.log4j2 - 415. Connection opened. {executed in 3ms} 
2025-01-06 13:18:09.028 INFO  [HikariPool-24 connection adder] l.log4j2 - 415. Connection.new Connection returned 
2025-01-06 13:18:09.028 INFO  [HikariPool-24 connection adder] l.log4j2 - 415. Connection.isReadOnly() returned false
2025-01-06 13:18:09.028 INFO  [HikariPool-24 connection adder] l.log4j2 - 415. Connection.getAutoCommit() returned true
2025-01-06 13:18:09.030 INFO  [restartedMain] o.z.m.u.CustomFileUtil - -------------------------------------
2025-01-06 13:18:09.031 INFO  [restartedMain] o.z.m.u.CustomFileUtil - C:\Users\ktcs\backend\mallapi\upload
2025-01-06 13:18:09.044 INFO  [HikariPool-24 connection adder] l.log4j2 - 416. Connection opened. {executed in 4ms} 
2025-01-06 13:18:09.044 INFO  [HikariPool-24 connection adder] l.log4j2 - 416. Connection.new Connection returned 
2025-01-06 13:18:09.044 INFO  [HikariPool-24 connection adder] l.log4j2 - 416. Connection.isReadOnly() returned false
2025-01-06 13:18:09.044 INFO  [HikariPool-24 connection adder] l.log4j2 - 416. Connection.getAutoCommit() returned true
2025-01-06 13:18:09.059 INFO  [HikariPool-24 connection adder] l.log4j2 - 417. Connection opened. {executed in 3ms} 
2025-01-06 13:18:09.059 INFO  [HikariPool-24 connection adder] l.log4j2 - 417. Connection.new Connection returned 
2025-01-06 13:18:09.059 INFO  [HikariPool-24 connection adder] l.log4j2 - 417. Connection.isReadOnly() returned false
2025-01-06 13:18:09.059 INFO  [HikariPool-24 connection adder] l.log4j2 - 417. Connection.getAutoCommit() returned true
2025-01-06 13:18:09.078 INFO  [HikariPool-24 connection adder] l.log4j2 - 418. Connection opened. {executed in 3ms} 
2025-01-06 13:18:09.078 INFO  [HikariPool-24 connection adder] l.log4j2 - 418. Connection.new Connection returned 
2025-01-06 13:18:09.078 INFO  [HikariPool-24 connection adder] l.log4j2 - 418. Connection.isReadOnly() returned false
2025-01-06 13:18:09.078 INFO  [HikariPool-24 connection adder] l.log4j2 - 418. Connection.getAutoCommit() returned true
2025-01-06 13:18:09.097 WARN  [restartedMain] o.s.b.a.o.j.JpaBaseConfiguration$JpaWebConfiguration - spring.jpa.open-in-view is enabled by default. Therefore, database queries may be performed during view rendering. Explicitly configure spring.jpa.open-in-view to disable this warning
2025-01-06 13:18:09.106 INFO  [HikariPool-24 connection adder] l.log4j2 - 419. Connection opened. {executed in 3ms} 
2025-01-06 13:18:09.106 INFO  [HikariPool-24 connection adder] l.log4j2 - 419. Connection.new Connection returned 
2025-01-06 13:18:09.106 INFO  [HikariPool-24 connection adder] l.log4j2 - 419. Connection.isReadOnly() returned false
2025-01-06 13:18:09.106 INFO  [HikariPool-24 connection adder] l.log4j2 - 419. Connection.getAutoCommit() returned true
2025-01-06 13:18:09.122 INFO  [HikariPool-24 connection adder] l.log4j2 - 420. Connection opened. {executed in 3ms} 
2025-01-06 13:18:09.122 INFO  [HikariPool-24 connection adder] l.log4j2 - 420. Connection.new Connection returned 
2025-01-06 13:18:09.122 INFO  [HikariPool-24 connection adder] l.log4j2 - 420. Connection.isReadOnly() returned false
2025-01-06 13:18:09.122 INFO  [HikariPool-24 connection adder] l.log4j2 - 420. Connection.getAutoCommit() returned true
2025-01-06 13:18:09.126 INFO  [restartedMain] o.z.m.c.CustomSecurityConfig - ---------------------security config---------------------------
2025-01-06 13:18:09.162 INFO  [restartedMain] o.s.s.w.DefaultSecurityFilterChain - Will secure any request with [org.springframework.security.web.session.DisableEncodeUrlFilter@793a9bb6, org.springframework.security.web.context.request.async.WebAsyncManagerIntegrationFilter@e1b102c, org.springframework.security.web.context.SecurityContextHolderFilter@6d115f4f, org.springframework.security.web.header.HeaderWriterFilter@1467b6ea, org.springframework.web.filter.CorsFilter@782a07f9, org.springframework.security.web.authentication.logout.LogoutFilter@198df957, org.zerock.mallapi.security.filter.JWTCheckFilter@10d8ef0b, org.springframework.security.web.authentication.UsernamePasswordAuthenticationFilter@5d76bd9a, org.springframework.security.web.savedrequest.RequestCacheAwareFilter@1efb5884, org.springframework.security.web.servletapi.SecurityContextHolderAwareRequestFilter@37826d57, org.springframework.security.web.authentication.AnonymousAuthenticationFilter@3d92318d, org.springframework.security.web.session.SessionManagementFilter@4d508353, org.springframework.security.web.access.ExceptionTranslationFilter@418643fa]
2025-01-06 13:18:09.451 INFO  [restartedMain] o.s.b.d.a.OptionalLiveReloadServer - LiveReload server is running on port 35729
2025-01-06 13:18:09.467 INFO  [restartedMain] o.s.b.w.e.t.TomcatWebServer - Tomcat started on port 8081 (http) with context path ''
2025-01-06 13:18:09.477 INFO  [restartedMain] o.z.m.MallapiApplication - Started MallapiApplication in 1.186 seconds (process running for 258526.102)
2025-01-06 13:18:09.480 INFO  [restartedMain] o.s.b.d.a.ConditionEvaluationDeltaLoggingListener - Condition evaluation unchanged
2025-01-06 13:18:10.917 INFO  [File Watcher] o.s.b.d.a.LocalDevToolsAutoConfiguration$RestartingClassPathChangeChangedEventListener - Restarting due to 1 class path change (1 addition, 0 deletions, 0 modifications)
2025-01-06 13:18:11.124 INFO  [Thread-95] o.s.o.j.LocalContainerEntityManagerFactoryBean - Closing JPA EntityManagerFactory for persistence unit 'default'
2025-01-06 13:18:11.125 INFO  [Thread-95] c.z.h.HikariDataSource - HikariPool-24 - Shutdown initiated...
2025-01-06 13:18:11.126 INFO  [HikariPool-24 connection closer] l.log4j2 - 411. Connection closed. {executed in 1ms} 
2025-01-06 13:18:11.126 INFO  [HikariPool-24 connection closer] l.log4j2 - 411. Connection.close() returned 
2025-01-06 13:18:11.126 INFO  [HikariPool-24 connection closer] l.log4j2 - 412. Connection closed. {executed in 0ms} 
2025-01-06 13:18:11.126 INFO  [HikariPool-24 connection closer] l.log4j2 - 412. Connection.close() returned 
2025-01-06 13:18:11.127 INFO  [HikariPool-24 connection closer] l.log4j2 - 413. Connection closed. {executed in 1ms} 
2025-01-06 13:18:11.127 INFO  [HikariPool-24 connection closer] l.log4j2 - 413. Connection.close() returned 
2025-01-06 13:18:11.127 INFO  [HikariPool-24 connection closer] l.log4j2 - 414. Connection closed. {executed in 0ms} 
2025-01-06 13:18:11.127 INFO  [HikariPool-24 connection closer] l.log4j2 - 414. Connection.close() returned 
2025-01-06 13:18:11.127 INFO  [HikariPool-24 connection closer] l.log4j2 - 415. Connection closed. {executed in 0ms} 
2025-01-06 13:18:11.127 INFO  [HikariPool-24 connection closer] l.log4j2 - 415. Connection.close() returned 
2025-01-06 13:18:11.127 INFO  [HikariPool-24 connection closer] l.log4j2 - 416. Connection closed. {executed in 0ms} 
2025-01-06 13:18:11.127 INFO  [HikariPool-24 connection closer] l.log4j2 - 416. Connection.close() returned 
2025-01-06 13:18:11.127 INFO  [HikariPool-24 connection closer] l.log4j2 - 417. Connection closed. {executed in 0ms} 
2025-01-06 13:18:11.127 INFO  [HikariPool-24 connection closer] l.log4j2 - 417. Connection.close() returned 
2025-01-06 13:18:11.128 INFO  [HikariPool-24 connection closer] l.log4j2 - 418. Connection closed. {executed in 1ms} 
2025-01-06 13:18:11.128 INFO  [HikariPool-24 connection closer] l.log4j2 - 418. Connection.close() returned 
2025-01-06 13:18:11.128 INFO  [HikariPool-24 connection closer] l.log4j2 - 419. Connection closed. {executed in 0ms} 
2025-01-06 13:18:11.128 INFO  [HikariPool-24 connection closer] l.log4j2 - 419. Connection.close() returned 
2025-01-06 13:18:11.128 INFO  [HikariPool-24 connection closer] l.log4j2 - 420. Connection closed. {executed in 0ms} 
2025-01-06 13:18:11.128 INFO  [HikariPool-24 connection closer] l.log4j2 - 420. Connection.close() returned 
2025-01-06 13:18:11.128 INFO  [Thread-95] c.z.h.HikariDataSource - HikariPool-24 - Shutdown completed.
2025-01-06 13:18:11.206 INFO  [restartedMain] o.z.m.MallapiApplication - Starting MallapiApplication using Java 17.0.12 with PID 10712 (C:\Users\ktcs\backend\mallapi\build\classes\java\main started by ktcs in C:\Users\ktcs\backend\mallapi)
2025-01-06 13:18:11.206 INFO  [restartedMain] o.z.m.MallapiApplication - No active profile set, falling back to 1 default profile: "default"
2025-01-06 13:18:11.460 INFO  [restartedMain] o.s.d.r.c.RepositoryConfigurationDelegate - Bootstrapping Spring Data JPA repositories in DEFAULT mode.
2025-01-06 13:18:11.481 INFO  [restartedMain] o.s.d.r.c.RepositoryConfigurationDelegate - Finished Spring Data repository scanning in 21 ms. Found 3 JPA repository interfaces.
2025-01-06 13:18:11.598 INFO  [restartedMain] o.s.b.w.e.t.TomcatWebServer - Tomcat initialized with port 8081 (http)
2025-01-06 13:18:11.598 INFO  [restartedMain] o.a.c.c.StandardService - Starting service [Tomcat]
2025-01-06 13:18:11.598 INFO  [restartedMain] o.a.c.c.StandardEngine - Starting Servlet engine: [Apache Tomcat/10.1.28]
2025-01-06 13:18:11.646 INFO  [restartedMain] o.a.c.c.C.[.[.[/] - Initializing Spring embedded WebApplicationContext
2025-01-06 13:18:11.646 INFO  [restartedMain] o.s.b.w.s.c.ServletWebServerApplicationContext - Root WebApplicationContext: initialization completed in 439 ms
2025-01-06 13:18:11.720 INFO  [restartedMain] o.h.j.i.u.LogHelper - HHH000204: Processing PersistenceUnitInfo [name: default]
2025-01-06 13:18:11.724 INFO  [restartedMain] o.h.c.i.RegionFactoryInitiator - HHH000026: Second-level cache disabled
2025-01-06 13:18:11.730 INFO  [restartedMain] o.s.o.j.p.SpringPersistenceUnitInfo - No LoadTimeWeaver setup: ignoring JPA class transformer
2025-01-06 13:18:11.732 INFO  [restartedMain] c.z.h.HikariDataSource - HikariPool-25 - Starting...
2025-01-06 13:18:11.735 INFO  [restartedMain] l.log4j2 - 421. Connection opened. {executed in 3ms} 
2025-01-06 13:18:11.735 INFO  [restartedMain] l.log4j2 - 421. Connection.new Connection returned 
2025-01-06 13:18:11.735 INFO  [restartedMain] l.log4j2 - 421. Connection.getNetworkTimeout() returned 0
2025-01-06 13:18:11.735 INFO  [restartedMain] l.log4j2 - 421. Connection.isReadOnly() returned false
2025-01-06 13:18:11.735 INFO  [restartedMain] l.log4j2 - 421. Connection.getAutoCommit() returned true
2025-01-06 13:18:11.735 INFO  [restartedMain] l.log4j2 - 421. Connection.isValid(1) returned true
2025-01-06 13:18:11.736 INFO  [restartedMain] l.log4j2 - 421. Connection.getTransactionIsolation() returned 4
2025-01-06 13:18:11.736 INFO  [restartedMain] c.z.h.p.HikariPool - HikariPool-25 - Added connection net.sf.log4jdbc.sql.jdbcapi.ConnectionSpy@76e1f64b
2025-01-06 13:18:11.736 INFO  [restartedMain] c.z.h.HikariDataSource - HikariPool-25 - Start completed.
2025-01-06 13:18:11.736 INFO  [restartedMain] l.log4j2 - 421. Connection.getMetaData() returned org.mariadb.jdbc.DatabaseMetaData@f6fe337
2025-01-06 13:18:11.737 INFO  [restartedMain] l.log4j2 - 421. Statement.new Statement returned 
2025-01-06 13:18:11.737 INFO  [restartedMain] l.log4j2 - 421. Connection.createStatement() returned net.sf.log4jdbc.sql.jdbcapi.StatementSpy@3505884e
2025-01-06 13:18:11.737 INFO  [restartedMain] l.log4j2 - 421. SELECT @@character_set_database, @@sql_mode  {executed in 0 ms}
2025-01-06 13:18:11.737 INFO  [restartedMain] l.log4j2 - 421. ResultSet.new ResultSet returned 
2025-01-06 13:18:11.737 INFO  [restartedMain] l.log4j2 - 421. Statement.executeQuery(SELECT @@character_set_database, @@sql_mode) returned net.sf.log4jdbc.sql.jdbcapi.ResultSetSpy@5544bd8d
2025-01-06 13:18:11.737 INFO  [restartedMain] l.log4j2 - 421. ResultSet.next() returned true
2025-01-06 13:18:11.737 INFO  [restartedMain] l.log4j2 - 421. ResultSet.getString(1) returned utf8
2025-01-06 13:18:11.737 INFO  [restartedMain] l.log4j2 - 421. ResultSet.getString(2) returned IGNORE_SPACE,STRICT_TRANS_TABLES,ERROR_FOR_DIVISION_BY_ZERO,NO_AUTO_CREATE_USER,NO_ENGINE_SUBSTITUTION
2025-01-06 13:18:11.737 INFO  [restartedMain] l.log4j2 - 421. Statement.close() returned 
2025-01-06 13:18:11.738 INFO  [restartedMain] l.log4j2 - 421. Connection.getCatalog() returned malldb
2025-01-06 13:18:11.738 INFO  [restartedMain] l.log4j2 - 421. Connection.getSchema() returned null
2025-01-06 13:18:11.738 INFO  [restartedMain] l.log4j2 - 421. Connection.getSchema() returned null
2025-01-06 13:18:11.738 INFO  [restartedMain] l.log4j2 - 421. Connection.getMetaData() returned org.mariadb.jdbc.DatabaseMetaData@2cee5ac0
2025-01-06 13:18:11.738 INFO  [restartedMain] l.log4j2 - 421. Connection.createClob() returned 
2025-01-06 13:18:11.738 INFO  [restartedMain] l.log4j2 - 421. Connection.createNClob() returned 
2025-01-06 13:18:11.738 INFO  [restartedMain] l.log4j2 - 421. Connection.clearWarnings() returned 
2025-01-06 13:18:11.782 INFO  [restartedMain] o.h.e.t.j.p.i.JtaPlatformInitiator - HHH000489: No JTA platform available (set 'hibernate.transaction.jta.platform' to enable JTA platform integration)
2025-01-06 13:18:11.782 INFO  [restartedMain] l.log4j2 - 421. Connection.getAutoCommit() returned true
2025-01-06 13:18:11.782 INFO  [restartedMain] l.log4j2 - 421. PreparedStatement.new PreparedStatement returned 
2025-01-06 13:18:11.782 INFO  [restartedMain] l.log4j2 - 421. Connection.prepareStatement(select table_name from information_schema.TABLES where table_schema=database() and table_type='SEQUENCE') returned net.sf.log4jdbc.sql.jdbcapi.PreparedStatementSpy@4a0c856b
2025-01-06 13:18:11.783 INFO  [restartedMain] l.log4j2 - 421. select table_name from information_schema.TABLES where table_schema=database() and table_type='SEQUENCE'  {executed in 1 ms}
2025-01-06 13:18:11.783 INFO  [restartedMain] l.log4j2 - 421. ResultSet.new ResultSet returned 
2025-01-06 13:18:11.783 INFO  [restartedMain] l.log4j2 - 421. PreparedStatement.executeQuery() returned net.sf.log4jdbc.sql.jdbcapi.ResultSetSpy@1d1ca74b
2025-01-06 13:18:11.783 INFO  [restartedMain] l.log4j2 - 
|-----------|
|table_name |
|-----------|
|-----------|

2025-01-06 13:18:11.783 INFO  [restartedMain] l.log4j2 - 421. ResultSet.next() returned false
2025-01-06 13:18:11.783 INFO  [restartedMain] l.log4j2 - 421. ResultSet.close() returned void
2025-01-06 13:18:11.784 INFO  [restartedMain] l.log4j2 - 421. PreparedStatement.close() returned 
2025-01-06 13:18:11.784 INFO  [restartedMain] l.log4j2 - 421. Connection.getMetaData() returned org.mariadb.jdbc.DatabaseMetaData@9198819
2025-01-06 13:18:11.805 INFO  [restartedMain] l.log4j2 - 421. PreparedStatement.new PreparedStatement returned 
2025-01-06 13:18:11.805 INFO  [restartedMain] l.log4j2 - 421. Connection.prepareStatement(select * from `malldb`.`member` where 1=0) returned net.sf.log4jdbc.sql.jdbcapi.PreparedStatementSpy@2f532dac
2025-01-06 13:18:11.806 INFO  [restartedMain] l.log4j2 - 421. select * from `malldb`.`member` where 1=0  {executed in 1 ms}
2025-01-06 13:18:11.806 INFO  [restartedMain] l.log4j2 - 421. ResultSet.new ResultSet returned 
2025-01-06 13:18:11.806 INFO  [restartedMain] l.log4j2 - 421. PreparedStatement.executeQuery() returned net.sf.log4jdbc.sql.jdbcapi.ResultSetSpy@570de1f2
2025-01-06 13:18:11.806 INFO  [restartedMain] l.log4j2 - 421. ResultSet.getMetaData() returned org.mariadb.jdbc.client.result.ResultSetMetaData@1211e24a
2025-01-06 13:18:11.806 INFO  [restartedMain] l.log4j2 - 
|------|---------|---|-------|
|email |nickname |pw |social |
|------|---------|---|-------|
|------|---------|---|-------|

2025-01-06 13:18:11.806 INFO  [restartedMain] l.log4j2 - 421. ResultSet.close() returned void
2025-01-06 13:18:11.806 INFO  [restartedMain] l.log4j2 - 421. PreparedStatement.close() returned 
2025-01-06 13:18:11.808 INFO  [restartedMain] l.log4j2 - 421. PreparedStatement.new PreparedStatement returned 
2025-01-06 13:18:11.808 INFO  [restartedMain] l.log4j2 - 421. Connection.prepareStatement(select * from `malldb`.`tbl_product` where 1=0) returned net.sf.log4jdbc.sql.jdbcapi.PreparedStatementSpy@732db733
2025-01-06 13:18:11.808 INFO  [restartedMain] l.log4j2 - 421. select * from `malldb`.`tbl_product` where 1=0  {executed in 0 ms}
2025-01-06 13:18:11.808 INFO  [restartedMain] l.log4j2 - 421. ResultSet.new ResultSet returned 
2025-01-06 13:18:11.808 INFO  [restartedMain] l.log4j2 - 421. PreparedStatement.executeQuery() returned net.sf.log4jdbc.sql.jdbcapi.ResultSetSpy@4b97dad5
2025-01-06 13:18:11.808 INFO  [restartedMain] l.log4j2 - 421. ResultSet.getMetaData() returned org.mariadb.jdbc.client.result.ResultSetMetaData@5689625f
2025-01-06 13:18:11.809 INFO  [restartedMain] l.log4j2 - 
|----|---------|------|------|------|
|pno |del_flag |pdesc |pname |price |
|----|---------|------|------|------|
|----|---------|------|------|------|

2025-01-06 13:18:11.809 INFO  [restartedMain] l.log4j2 - 421. ResultSet.close() returned void
2025-01-06 13:18:11.809 INFO  [restartedMain] l.log4j2 - 421. PreparedStatement.close() returned 
2025-01-06 13:18:11.809 INFO  [restartedMain] l.log4j2 - 421. Connection.clearWarnings() returned 
2025-01-06 13:18:11.809 INFO  [restartedMain] o.s.o.j.LocalContainerEntityManagerFactoryBean - Initialized JPA EntityManagerFactory for persistence unit 'default'
2025-01-06 13:18:11.846 INFO  [HikariPool-25 connection adder] l.log4j2 - 422. Connection opened. {executed in 3ms} 
2025-01-06 13:18:11.846 INFO  [HikariPool-25 connection adder] l.log4j2 - 422. Connection.new Connection returned 
2025-01-06 13:18:11.846 INFO  [HikariPool-25 connection adder] l.log4j2 - 422. Connection.isReadOnly() returned false
2025-01-06 13:18:11.846 INFO  [HikariPool-25 connection adder] l.log4j2 - 422. Connection.getAutoCommit() returned true
2025-01-06 13:18:11.861 INFO  [HikariPool-25 connection adder] l.log4j2 - 423. Connection opened. {executed in 2ms} 
2025-01-06 13:18:11.861 INFO  [HikariPool-25 connection adder] l.log4j2 - 423. Connection.new Connection returned 
2025-01-06 13:18:11.861 INFO  [HikariPool-25 connection adder] l.log4j2 - 423. Connection.isReadOnly() returned false
2025-01-06 13:18:11.861 INFO  [HikariPool-25 connection adder] l.log4j2 - 423. Connection.getAutoCommit() returned true
2025-01-06 13:18:11.876 INFO  [HikariPool-25 connection adder] l.log4j2 - 424. Connection opened. {executed in 2ms} 
2025-01-06 13:18:11.877 INFO  [HikariPool-25 connection adder] l.log4j2 - 424. Connection.new Connection returned 
2025-01-06 13:18:11.877 INFO  [HikariPool-25 connection adder] l.log4j2 - 424. Connection.isReadOnly() returned false
2025-01-06 13:18:11.877 INFO  [HikariPool-25 connection adder] l.log4j2 - 424. Connection.getAutoCommit() returned true
2025-01-06 13:18:11.880 INFO  [restartedMain] o.z.m.u.CustomFileUtil - -------------------------------------
2025-01-06 13:18:11.880 INFO  [restartedMain] o.z.m.u.CustomFileUtil - C:\Users\ktcs\backend\mallapi\upload
2025-01-06 13:18:11.891 INFO  [HikariPool-25 connection adder] l.log4j2 - 425. Connection opened. {executed in 1ms} 
2025-01-06 13:18:11.892 INFO  [HikariPool-25 connection adder] l.log4j2 - 425. Connection.new Connection returned 
2025-01-06 13:18:11.892 INFO  [HikariPool-25 connection adder] l.log4j2 - 425. Connection.isReadOnly() returned false
2025-01-06 13:18:11.892 INFO  [HikariPool-25 connection adder] l.log4j2 - 425. Connection.getAutoCommit() returned true
2025-01-06 13:18:11.912 INFO  [HikariPool-25 connection adder] l.log4j2 - 426. Connection opened. {executed in 3ms} 
2025-01-06 13:18:11.912 INFO  [HikariPool-25 connection adder] l.log4j2 - 426. Connection.new Connection returned 
2025-01-06 13:18:11.912 INFO  [HikariPool-25 connection adder] l.log4j2 - 426. Connection.isReadOnly() returned false
2025-01-06 13:18:11.912 INFO  [HikariPool-25 connection adder] l.log4j2 - 426. Connection.getAutoCommit() returned true
2025-01-06 13:18:11.939 WARN  [restartedMain] o.s.b.a.o.j.JpaBaseConfiguration$JpaWebConfiguration - spring.jpa.open-in-view is enabled by default. Therefore, database queries may be performed during view rendering. Explicitly configure spring.jpa.open-in-view to disable this warning
2025-01-06 13:18:11.939 INFO  [HikariPool-25 connection adder] l.log4j2 - 427. Connection opened. {executed in 3ms} 
2025-01-06 13:18:11.939 INFO  [HikariPool-25 connection adder] l.log4j2 - 427. Connection.new Connection returned 
2025-01-06 13:18:11.939 INFO  [HikariPool-25 connection adder] l.log4j2 - 427. Connection.isReadOnly() returned false
2025-01-06 13:18:11.939 INFO  [HikariPool-25 connection adder] l.log4j2 - 427. Connection.getAutoCommit() returned true
2025-01-06 13:18:11.954 INFO  [HikariPool-25 connection adder] l.log4j2 - 428. Connection opened. {executed in 2ms} 
2025-01-06 13:18:11.955 INFO  [HikariPool-25 connection adder] l.log4j2 - 428. Connection.new Connection returned 
2025-01-06 13:18:11.955 INFO  [HikariPool-25 connection adder] l.log4j2 - 428. Connection.isReadOnly() returned false
2025-01-06 13:18:11.955 INFO  [HikariPool-25 connection adder] l.log4j2 - 428. Connection.getAutoCommit() returned true
2025-01-06 13:18:11.962 INFO  [restartedMain] o.z.m.c.CustomSecurityConfig - ---------------------security config---------------------------
2025-01-06 13:18:11.970 INFO  [HikariPool-25 connection adder] l.log4j2 - 429. Connection opened. {executed in 3ms} 
2025-01-06 13:18:11.970 INFO  [HikariPool-25 connection adder] l.log4j2 - 429. Connection.new Connection returned 
2025-01-06 13:18:11.970 INFO  [HikariPool-25 connection adder] l.log4j2 - 429. Connection.isReadOnly() returned false
2025-01-06 13:18:11.970 INFO  [HikariPool-25 connection adder] l.log4j2 - 429. Connection.getAutoCommit() returned true
2025-01-06 13:18:11.985 INFO  [HikariPool-25 connection adder] l.log4j2 - 430. Connection opened. {executed in 3ms} 
2025-01-06 13:18:11.985 INFO  [HikariPool-25 connection adder] l.log4j2 - 430. Connection.new Connection returned 
2025-01-06 13:18:11.985 INFO  [HikariPool-25 connection adder] l.log4j2 - 430. Connection.isReadOnly() returned false
2025-01-06 13:18:11.985 INFO  [HikariPool-25 connection adder] l.log4j2 - 430. Connection.getAutoCommit() returned true
2025-01-06 13:18:11.990 INFO  [restartedMain] o.s.s.w.DefaultSecurityFilterChain - Will secure any request with [org.springframework.security.web.session.DisableEncodeUrlFilter@6cd844f2, org.springframework.security.web.context.request.async.WebAsyncManagerIntegrationFilter@1e974212, org.springframework.security.web.context.SecurityContextHolderFilter@1e0cc16f, org.springframework.security.web.header.HeaderWriterFilter@326c8a6f, org.springframework.web.filter.CorsFilter@69d888a3, org.springframework.security.web.authentication.logout.LogoutFilter@74307102, org.zerock.mallapi.security.filter.JWTCheckFilter@66fae2d5, org.springframework.security.web.authentication.UsernamePasswordAuthenticationFilter@4039f287, org.springframework.security.web.savedrequest.RequestCacheAwareFilter@757828b3, org.springframework.security.web.servletapi.SecurityContextHolderAwareRequestFilter@2391fb81, org.springframework.security.web.authentication.AnonymousAuthenticationFilter@482bd52c, org.springframework.security.web.session.SessionManagementFilter@3a72b06e, org.springframework.security.web.access.ExceptionTranslationFilter@4a343568]
2025-01-06 13:18:12.181 INFO  [restartedMain] o.s.b.d.a.OptionalLiveReloadServer - LiveReload server is running on port 35729
2025-01-06 13:18:12.201 INFO  [restartedMain] o.s.b.w.e.t.TomcatWebServer - Tomcat started on port 8081 (http) with context path ''
2025-01-06 13:18:12.206 INFO  [restartedMain] o.z.m.MallapiApplication - Started MallapiApplication in 1.025 seconds (process running for 258528.83)
2025-01-06 13:18:12.207 INFO  [restartedMain] o.s.b.d.a.ConditionEvaluationDeltaLoggingListener - Condition evaluation unchanged
2025-01-06 13:21:41.560 INFO  [File Watcher] o.s.b.d.a.LocalDevToolsAutoConfiguration$RestartingClassPathChangeChangedEventListener - Restarting due to 1 class path change (0 additions, 1 deletion, 0 modifications)
2025-01-06 13:21:41.839 INFO  [Thread-99] o.s.o.j.LocalContainerEntityManagerFactoryBean - Closing JPA EntityManagerFactory for persistence unit 'default'
2025-01-06 13:21:41.875 INFO  [Thread-99] c.z.h.HikariDataSource - HikariPool-25 - Shutdown initiated...
2025-01-06 13:21:41.886 INFO  [HikariPool-25 connection closer] l.log4j2 - 421. Connection closed. {executed in 4ms} 
2025-01-06 13:21:41.886 INFO  [HikariPool-25 connection closer] l.log4j2 - 421. Connection.close() returned 
2025-01-06 13:21:41.886 INFO  [HikariPool-25 connection closer] l.log4j2 - 422. Connection closed. {executed in 0ms} 
2025-01-06 13:21:41.886 INFO  [HikariPool-25 connection closer] l.log4j2 - 422. Connection.close() returned 
2025-01-06 13:21:41.887 INFO  [HikariPool-25 connection closer] l.log4j2 - 423. Connection closed. {executed in 1ms} 
2025-01-06 13:21:41.887 INFO  [HikariPool-25 connection closer] l.log4j2 - 423. Connection.close() returned 
2025-01-06 13:21:41.887 INFO  [HikariPool-25 connection closer] l.log4j2 - 424. Connection closed. {executed in 0ms} 
2025-01-06 13:21:41.887 INFO  [HikariPool-25 connection closer] l.log4j2 - 424. Connection.close() returned 
2025-01-06 13:21:41.887 INFO  [HikariPool-25 connection closer] l.log4j2 - 425. Connection closed. {executed in 0ms} 
2025-01-06 13:21:41.887 INFO  [HikariPool-25 connection closer] l.log4j2 - 425. Connection.close() returned 
2025-01-06 13:21:41.887 INFO  [HikariPool-25 connection closer] l.log4j2 - 426. Connection closed. {executed in 0ms} 
2025-01-06 13:21:41.888 INFO  [HikariPool-25 connection closer] l.log4j2 - 426. Connection.close() returned 
2025-01-06 13:21:41.888 INFO  [HikariPool-25 connection closer] l.log4j2 - 427. Connection closed. {executed in 0ms} 
2025-01-06 13:21:41.888 INFO  [HikariPool-25 connection closer] l.log4j2 - 427. Connection.close() returned 
2025-01-06 13:21:41.888 INFO  [HikariPool-25 connection closer] l.log4j2 - 428. Connection closed. {executed in 0ms} 
2025-01-06 13:21:41.888 INFO  [HikariPool-25 connection closer] l.log4j2 - 428. Connection.close() returned 
2025-01-06 13:21:41.888 INFO  [HikariPool-25 connection closer] l.log4j2 - 429. Connection closed. {executed in 0ms} 
2025-01-06 13:21:41.888 INFO  [HikariPool-25 connection closer] l.log4j2 - 429. Connection.close() returned 
2025-01-06 13:21:41.889 INFO  [HikariPool-25 connection closer] l.log4j2 - 430. Connection closed. {executed in 1ms} 
2025-01-06 13:21:41.889 INFO  [HikariPool-25 connection closer] l.log4j2 - 430. Connection.close() returned 
2025-01-06 13:21:41.889 INFO  [Thread-99] c.z.h.HikariDataSource - HikariPool-25 - Shutdown completed.
2025-01-06 13:21:42.154 INFO  [restartedMain] o.z.m.MallapiApplication - Starting MallapiApplication using Java 17.0.12 with PID 10712 (C:\Users\ktcs\backend\mallapi\build\classes\java\main started by ktcs in C:\Users\ktcs\backend\mallapi)
2025-01-06 13:21:42.154 INFO  [restartedMain] o.z.m.MallapiApplication - No active profile set, falling back to 1 default profile: "default"
2025-01-06 13:21:42.683 INFO  [restartedMain] o.s.d.r.c.RepositoryConfigurationDelegate - Bootstrapping Spring Data JPA repositories in DEFAULT mode.
2025-01-06 13:21:42.731 INFO  [restartedMain] o.s.d.r.c.RepositoryConfigurationDelegate - Finished Spring Data repository scanning in 47 ms. Found 3 JPA repository interfaces.
2025-01-06 13:21:42.969 INFO  [restartedMain] o.s.b.w.e.t.TomcatWebServer - Tomcat initialized with port 8081 (http)
2025-01-06 13:21:42.971 INFO  [restartedMain] o.a.c.c.StandardService - Starting service [Tomcat]
2025-01-06 13:21:42.971 INFO  [restartedMain] o.a.c.c.StandardEngine - Starting Servlet engine: [Apache Tomcat/10.1.28]
2025-01-06 13:21:43.009 INFO  [restartedMain] o.a.c.c.C.[.[.[/] - Initializing Spring embedded WebApplicationContext
2025-01-06 13:21:43.009 INFO  [restartedMain] o.s.b.w.s.c.ServletWebServerApplicationContext - Root WebApplicationContext: initialization completed in 853 ms
2025-01-06 13:21:43.063 INFO  [restartedMain] o.h.j.i.u.LogHelper - HHH000204: Processing PersistenceUnitInfo [name: default]
2025-01-06 13:21:43.066 INFO  [restartedMain] o.h.c.i.RegionFactoryInitiator - HHH000026: Second-level cache disabled
2025-01-06 13:21:43.072 INFO  [restartedMain] o.s.o.j.p.SpringPersistenceUnitInfo - No LoadTimeWeaver setup: ignoring JPA class transformer
2025-01-06 13:21:43.073 INFO  [restartedMain] c.z.h.HikariDataSource - HikariPool-26 - Starting...
2025-01-06 13:21:43.076 INFO  [restartedMain] l.log4j2 - 431. Connection opened. {executed in 3ms} 
2025-01-06 13:21:43.077 INFO  [restartedMain] l.log4j2 - 431. Connection.new Connection returned 
2025-01-06 13:21:43.077 INFO  [restartedMain] l.log4j2 - 431. Connection.getNetworkTimeout() returned 0
2025-01-06 13:21:43.077 INFO  [restartedMain] l.log4j2 - 431. Connection.isReadOnly() returned false
2025-01-06 13:21:43.077 INFO  [restartedMain] l.log4j2 - 431. Connection.getAutoCommit() returned true
2025-01-06 13:21:43.077 INFO  [restartedMain] l.log4j2 - 431. Connection.isValid(1) returned true
2025-01-06 13:21:43.077 INFO  [restartedMain] l.log4j2 - 431. Connection.getTransactionIsolation() returned 4
2025-01-06 13:21:43.077 INFO  [restartedMain] c.z.h.p.HikariPool - HikariPool-26 - Added connection net.sf.log4jdbc.sql.jdbcapi.ConnectionSpy@6746d7f2
2025-01-06 13:21:43.077 INFO  [restartedMain] c.z.h.HikariDataSource - HikariPool-26 - Start completed.
2025-01-06 13:21:43.077 INFO  [restartedMain] l.log4j2 - 431. Connection.getMetaData() returned org.mariadb.jdbc.DatabaseMetaData@6734ced
2025-01-06 13:21:43.078 INFO  [restartedMain] l.log4j2 - 431. Statement.new Statement returned 
2025-01-06 13:21:43.078 INFO  [restartedMain] l.log4j2 - 431. Connection.createStatement() returned net.sf.log4jdbc.sql.jdbcapi.StatementSpy@318836fb
2025-01-06 13:21:43.078 INFO  [restartedMain] l.log4j2 - 431. SELECT @@character_set_database, @@sql_mode  {executed in 0 ms}
2025-01-06 13:21:43.078 INFO  [restartedMain] l.log4j2 - 431. ResultSet.new ResultSet returned 
2025-01-06 13:21:43.078 INFO  [restartedMain] l.log4j2 - 431. Statement.executeQuery(SELECT @@character_set_database, @@sql_mode) returned net.sf.log4jdbc.sql.jdbcapi.ResultSetSpy@45e22443
2025-01-06 13:21:43.078 INFO  [restartedMain] l.log4j2 - 431. ResultSet.next() returned true
2025-01-06 13:21:43.078 INFO  [restartedMain] l.log4j2 - 431. ResultSet.getString(1) returned utf8
2025-01-06 13:21:43.078 INFO  [restartedMain] l.log4j2 - 431. ResultSet.getString(2) returned IGNORE_SPACE,STRICT_TRANS_TABLES,ERROR_FOR_DIVISION_BY_ZERO,NO_AUTO_CREATE_USER,NO_ENGINE_SUBSTITUTION
2025-01-06 13:21:43.078 INFO  [restartedMain] l.log4j2 - 431. Statement.close() returned 
2025-01-06 13:21:43.079 INFO  [restartedMain] l.log4j2 - 431. Connection.getCatalog() returned malldb
2025-01-06 13:21:43.079 INFO  [restartedMain] l.log4j2 - 431. Connection.getSchema() returned null
2025-01-06 13:21:43.079 INFO  [restartedMain] l.log4j2 - 431. Connection.getSchema() returned null
2025-01-06 13:21:43.079 INFO  [restartedMain] l.log4j2 - 431. Connection.getMetaData() returned org.mariadb.jdbc.DatabaseMetaData@144a924a
2025-01-06 13:21:43.079 INFO  [restartedMain] l.log4j2 - 431. Connection.createClob() returned 
2025-01-06 13:21:43.079 INFO  [restartedMain] l.log4j2 - 431. Connection.createNClob() returned 
2025-01-06 13:21:43.079 INFO  [restartedMain] l.log4j2 - 431. Connection.clearWarnings() returned 
2025-01-06 13:21:43.128 INFO  [restartedMain] o.h.e.t.j.p.i.JtaPlatformInitiator - HHH000489: No JTA platform available (set 'hibernate.transaction.jta.platform' to enable JTA platform integration)
2025-01-06 13:21:43.128 INFO  [restartedMain] l.log4j2 - 431. Connection.getAutoCommit() returned true
2025-01-06 13:21:43.128 INFO  [restartedMain] l.log4j2 - 431. PreparedStatement.new PreparedStatement returned 
2025-01-06 13:21:43.128 INFO  [restartedMain] l.log4j2 - 431. Connection.prepareStatement(select table_name from information_schema.TABLES where table_schema=database() and table_type='SEQUENCE') returned net.sf.log4jdbc.sql.jdbcapi.PreparedStatementSpy@3d34c7cb
2025-01-06 13:21:43.129 INFO  [restartedMain] l.log4j2 - 431. select table_name from information_schema.TABLES where table_schema=database() and table_type='SEQUENCE'  {executed in 1 ms}
2025-01-06 13:21:43.129 INFO  [restartedMain] l.log4j2 - 431. ResultSet.new ResultSet returned 
2025-01-06 13:21:43.129 INFO  [restartedMain] l.log4j2 - 431. PreparedStatement.executeQuery() returned net.sf.log4jdbc.sql.jdbcapi.ResultSetSpy@1f6888bf
2025-01-06 13:21:43.130 INFO  [restartedMain] l.log4j2 - 
|-----------|
|table_name |
|-----------|
|-----------|

2025-01-06 13:21:43.130 INFO  [restartedMain] l.log4j2 - 431. ResultSet.next() returned false
2025-01-06 13:21:43.130 INFO  [restartedMain] l.log4j2 - 431. ResultSet.close() returned void
2025-01-06 13:21:43.130 INFO  [restartedMain] l.log4j2 - 431. PreparedStatement.close() returned 
2025-01-06 13:21:43.130 INFO  [restartedMain] l.log4j2 - 431. Connection.getMetaData() returned org.mariadb.jdbc.DatabaseMetaData@5108b909
2025-01-06 13:21:43.155 INFO  [restartedMain] l.log4j2 - 431. PreparedStatement.new PreparedStatement returned 
2025-01-06 13:21:43.155 INFO  [restartedMain] l.log4j2 - 431. Connection.prepareStatement(select * from `malldb`.`member` where 1=0) returned net.sf.log4jdbc.sql.jdbcapi.PreparedStatementSpy@6bac8f93
2025-01-06 13:21:43.155 INFO  [restartedMain] l.log4j2 - 431. select * from `malldb`.`member` where 1=0  {executed in 0 ms}
2025-01-06 13:21:43.156 INFO  [restartedMain] l.log4j2 - 431. ResultSet.new ResultSet returned 
2025-01-06 13:21:43.156 INFO  [restartedMain] l.log4j2 - 431. PreparedStatement.executeQuery() returned net.sf.log4jdbc.sql.jdbcapi.ResultSetSpy@30dadf29
2025-01-06 13:21:43.156 INFO  [restartedMain] l.log4j2 - 431. ResultSet.getMetaData() returned org.mariadb.jdbc.client.result.ResultSetMetaData@248ee8ca
2025-01-06 13:21:43.156 INFO  [restartedMain] l.log4j2 - 
|------|---------|---|-------|
|email |nickname |pw |social |
|------|---------|---|-------|
|------|---------|---|-------|

2025-01-06 13:21:43.156 INFO  [restartedMain] l.log4j2 - 431. ResultSet.close() returned void
2025-01-06 13:21:43.156 INFO  [restartedMain] l.log4j2 - 431. PreparedStatement.close() returned 
2025-01-06 13:21:43.158 INFO  [restartedMain] l.log4j2 - 431. PreparedStatement.new PreparedStatement returned 
2025-01-06 13:21:43.158 INFO  [restartedMain] l.log4j2 - 431. Connection.prepareStatement(select * from `malldb`.`tbl_product` where 1=0) returned net.sf.log4jdbc.sql.jdbcapi.PreparedStatementSpy@33d2b31a
2025-01-06 13:21:43.158 INFO  [restartedMain] l.log4j2 - 431. select * from `malldb`.`tbl_product` where 1=0  {executed in 0 ms}
2025-01-06 13:21:43.158 INFO  [restartedMain] l.log4j2 - 431. ResultSet.new ResultSet returned 
2025-01-06 13:21:43.158 INFO  [restartedMain] l.log4j2 - 431. PreparedStatement.executeQuery() returned net.sf.log4jdbc.sql.jdbcapi.ResultSetSpy@551701de
2025-01-06 13:21:43.158 INFO  [restartedMain] l.log4j2 - 431. ResultSet.getMetaData() returned org.mariadb.jdbc.client.result.ResultSetMetaData@60c6b0e
2025-01-06 13:21:43.158 INFO  [restartedMain] l.log4j2 - 
|----|---------|------|------|------|
|pno |del_flag |pdesc |pname |price |
|----|---------|------|------|------|
|----|---------|------|------|------|

2025-01-06 13:21:43.158 INFO  [restartedMain] l.log4j2 - 431. ResultSet.close() returned void
2025-01-06 13:21:43.158 INFO  [restartedMain] l.log4j2 - 431. PreparedStatement.close() returned 
2025-01-06 13:21:43.158 INFO  [restartedMain] l.log4j2 - 431. Connection.clearWarnings() returned 
2025-01-06 13:21:43.158 INFO  [restartedMain] o.s.o.j.LocalContainerEntityManagerFactoryBean - Initialized JPA EntityManagerFactory for persistence unit 'default'
2025-01-06 13:21:43.182 INFO  [HikariPool-26 connection adder] l.log4j2 - 432. Connection opened. {executed in 2ms} 
2025-01-06 13:21:43.182 INFO  [HikariPool-26 connection adder] l.log4j2 - 432. Connection.new Connection returned 
2025-01-06 13:21:43.183 INFO  [HikariPool-26 connection adder] l.log4j2 - 432. Connection.isReadOnly() returned false
2025-01-06 13:21:43.183 INFO  [HikariPool-26 connection adder] l.log4j2 - 432. Connection.getAutoCommit() returned true
2025-01-06 13:21:43.198 INFO  [HikariPool-26 connection adder] l.log4j2 - 433. Connection opened. {executed in 3ms} 
2025-01-06 13:21:43.198 INFO  [HikariPool-26 connection adder] l.log4j2 - 433. Connection.new Connection returned 
2025-01-06 13:21:43.198 INFO  [HikariPool-26 connection adder] l.log4j2 - 433. Connection.isReadOnly() returned false
2025-01-06 13:21:43.198 INFO  [HikariPool-26 connection adder] l.log4j2 - 433. Connection.getAutoCommit() returned true
2025-01-06 13:21:43.218 INFO  [HikariPool-26 connection adder] l.log4j2 - 434. Connection opened. {executed in 2ms} 
2025-01-06 13:21:43.218 INFO  [HikariPool-26 connection adder] l.log4j2 - 434. Connection.new Connection returned 
2025-01-06 13:21:43.218 INFO  [HikariPool-26 connection adder] l.log4j2 - 434. Connection.isReadOnly() returned false
2025-01-06 13:21:43.218 INFO  [HikariPool-26 connection adder] l.log4j2 - 434. Connection.getAutoCommit() returned true
2025-01-06 13:21:43.234 INFO  [HikariPool-26 connection adder] l.log4j2 - 435. Connection opened. {executed in 3ms} 
2025-01-06 13:21:43.234 INFO  [HikariPool-26 connection adder] l.log4j2 - 435. Connection.new Connection returned 
2025-01-06 13:21:43.234 INFO  [HikariPool-26 connection adder] l.log4j2 - 435. Connection.isReadOnly() returned false
2025-01-06 13:21:43.234 INFO  [HikariPool-26 connection adder] l.log4j2 - 435. Connection.getAutoCommit() returned true
2025-01-06 13:21:43.252 INFO  [restartedMain] o.z.m.u.CustomFileUtil - -------------------------------------
2025-01-06 13:21:43.252 INFO  [restartedMain] o.z.m.u.CustomFileUtil - C:\Users\ktcs\backend\mallapi\upload
2025-01-06 13:21:43.254 INFO  [HikariPool-26 connection adder] l.log4j2 - 436. Connection opened. {executed in 2ms} 
2025-01-06 13:21:43.254 INFO  [HikariPool-26 connection adder] l.log4j2 - 436. Connection.new Connection returned 
2025-01-06 13:21:43.254 INFO  [HikariPool-26 connection adder] l.log4j2 - 436. Connection.isReadOnly() returned false
2025-01-06 13:21:43.254 INFO  [HikariPool-26 connection adder] l.log4j2 - 436. Connection.getAutoCommit() returned true
2025-01-06 13:21:43.270 INFO  [HikariPool-26 connection adder] l.log4j2 - 437. Connection opened. {executed in 3ms} 
2025-01-06 13:21:43.270 INFO  [HikariPool-26 connection adder] l.log4j2 - 437. Connection.new Connection returned 
2025-01-06 13:21:43.270 INFO  [HikariPool-26 connection adder] l.log4j2 - 437. Connection.isReadOnly() returned false
2025-01-06 13:21:43.270 INFO  [HikariPool-26 connection adder] l.log4j2 - 437. Connection.getAutoCommit() returned true
2025-01-06 13:21:43.285 INFO  [HikariPool-26 connection adder] l.log4j2 - 438. Connection opened. {executed in 1ms} 
2025-01-06 13:21:43.285 INFO  [HikariPool-26 connection adder] l.log4j2 - 438. Connection.new Connection returned 
2025-01-06 13:21:43.285 INFO  [HikariPool-26 connection adder] l.log4j2 - 438. Connection.isReadOnly() returned false
2025-01-06 13:21:43.285 INFO  [HikariPool-26 connection adder] l.log4j2 - 438. Connection.getAutoCommit() returned true
2025-01-06 13:21:43.308 INFO  [HikariPool-26 connection adder] l.log4j2 - 439. Connection opened. {executed in 9ms} 
2025-01-06 13:21:43.308 INFO  [HikariPool-26 connection adder] l.log4j2 - 439. Connection.new Connection returned 
2025-01-06 13:21:43.308 INFO  [HikariPool-26 connection adder] l.log4j2 - 439. Connection.isReadOnly() returned false
2025-01-06 13:21:43.308 INFO  [HikariPool-26 connection adder] l.log4j2 - 439. Connection.getAutoCommit() returned true
2025-01-06 13:21:43.311 WARN  [restartedMain] o.s.b.a.o.j.JpaBaseConfiguration$JpaWebConfiguration - spring.jpa.open-in-view is enabled by default. Therefore, database queries may be performed during view rendering. Explicitly configure spring.jpa.open-in-view to disable this warning
2025-01-06 13:21:43.329 INFO  [restartedMain] o.z.m.c.CustomSecurityConfig - ---------------------security config---------------------------
2025-01-06 13:21:43.333 INFO  [HikariPool-26 connection adder] l.log4j2 - 440. Connection opened. {executed in 3ms} 
2025-01-06 13:21:43.333 INFO  [HikariPool-26 connection adder] l.log4j2 - 440. Connection.new Connection returned 
2025-01-06 13:21:43.333 INFO  [HikariPool-26 connection adder] l.log4j2 - 440. Connection.isReadOnly() returned false
2025-01-06 13:21:43.333 INFO  [HikariPool-26 connection adder] l.log4j2 - 440. Connection.getAutoCommit() returned true
2025-01-06 13:21:43.349 INFO  [restartedMain] o.s.s.w.DefaultSecurityFilterChain - Will secure any request with [org.springframework.security.web.session.DisableEncodeUrlFilter@ec1bf9, org.springframework.security.web.context.request.async.WebAsyncManagerIntegrationFilter@3296f269, org.springframework.security.web.context.SecurityContextHolderFilter@4bc36e9, org.springframework.security.web.header.HeaderWriterFilter@28cd6ba4, org.springframework.web.filter.CorsFilter@16006d33, org.springframework.security.web.authentication.logout.LogoutFilter@5d2f23b3, org.zerock.mallapi.security.filter.JWTCheckFilter@370ede16, org.springframework.security.web.authentication.UsernamePasswordAuthenticationFilter@6798c6fb, org.springframework.security.web.savedrequest.RequestCacheAwareFilter@1215031e, org.springframework.security.web.servletapi.SecurityContextHolderAwareRequestFilter@5146dab3, org.springframework.security.web.authentication.AnonymousAuthenticationFilter@57dd28dd, org.springframework.security.web.session.SessionManagementFilter@48943f58, org.springframework.security.web.access.ExceptionTranslationFilter@5068daea]
2025-01-06 13:21:43.577 INFO  [restartedMain] o.s.b.d.a.OptionalLiveReloadServer - LiveReload server is running on port 35729
2025-01-06 13:21:43.594 INFO  [restartedMain] o.s.b.w.e.t.TomcatWebServer - Tomcat started on port 8081 (http) with context path ''
2025-01-06 13:21:43.598 INFO  [restartedMain] o.z.m.MallapiApplication - Started MallapiApplication in 1.477 seconds (process running for 258740.222)
2025-01-06 13:21:43.599 INFO  [restartedMain] o.s.b.d.a.ConditionEvaluationDeltaLoggingListener - Condition evaluation unchanged
2025-01-06 13:21:45.057 INFO  [File Watcher] o.s.b.d.a.LocalDevToolsAutoConfiguration$RestartingClassPathChangeChangedEventListener - Restarting due to 1 class path change (1 addition, 0 deletions, 0 modifications)
2025-01-06 13:21:45.289 INFO  [Thread-103] o.s.o.j.LocalContainerEntityManagerFactoryBean - Closing JPA EntityManagerFactory for persistence unit 'default'
2025-01-06 13:21:45.291 INFO  [Thread-103] c.z.h.HikariDataSource - HikariPool-26 - Shutdown initiated...
2025-01-06 13:21:45.292 INFO  [HikariPool-26 connection closer] l.log4j2 - 431. Connection closed. {executed in 1ms} 
2025-01-06 13:21:45.292 INFO  [HikariPool-26 connection closer] l.log4j2 - 431. Connection.close() returned 
2025-01-06 13:21:45.292 INFO  [HikariPool-26 connection closer] l.log4j2 - 432. Connection closed. {executed in 0ms} 
2025-01-06 13:21:45.292 INFO  [HikariPool-26 connection closer] l.log4j2 - 432. Connection.close() returned 
2025-01-06 13:21:45.292 INFO  [HikariPool-26 connection closer] l.log4j2 - 433. Connection closed. {executed in 0ms} 
2025-01-06 13:21:45.293 INFO  [HikariPool-26 connection closer] l.log4j2 - 433. Connection.close() returned 
2025-01-06 13:21:45.293 INFO  [HikariPool-26 connection closer] l.log4j2 - 434. Connection closed. {executed in 0ms} 
2025-01-06 13:21:45.293 INFO  [HikariPool-26 connection closer] l.log4j2 - 434. Connection.close() returned 
2025-01-06 13:21:45.293 INFO  [HikariPool-26 connection closer] l.log4j2 - 435. Connection closed. {executed in 0ms} 
2025-01-06 13:21:45.293 INFO  [HikariPool-26 connection closer] l.log4j2 - 435. Connection.close() returned 
2025-01-06 13:21:45.293 INFO  [HikariPool-26 connection closer] l.log4j2 - 436. Connection closed. {executed in 0ms} 
2025-01-06 13:21:45.293 INFO  [HikariPool-26 connection closer] l.log4j2 - 436. Connection.close() returned 
2025-01-06 13:21:45.293 INFO  [HikariPool-26 connection closer] l.log4j2 - 437. Connection closed. {executed in 0ms} 
2025-01-06 13:21:45.293 INFO  [HikariPool-26 connection closer] l.log4j2 - 437. Connection.close() returned 
2025-01-06 13:21:45.294 INFO  [HikariPool-26 connection closer] l.log4j2 - 438. Connection closed. {executed in 1ms} 
2025-01-06 13:21:45.294 INFO  [HikariPool-26 connection closer] l.log4j2 - 438. Connection.close() returned 
2025-01-06 13:21:45.294 INFO  [HikariPool-26 connection closer] l.log4j2 - 439. Connection closed. {executed in 0ms} 
2025-01-06 13:21:45.294 INFO  [HikariPool-26 connection closer] l.log4j2 - 439. Connection.close() returned 
2025-01-06 13:21:45.294 INFO  [HikariPool-26 connection closer] l.log4j2 - 440. Connection closed. {executed in 0ms} 
2025-01-06 13:21:45.294 INFO  [HikariPool-26 connection closer] l.log4j2 - 440. Connection.close() returned 
2025-01-06 13:21:45.294 INFO  [Thread-103] c.z.h.HikariDataSource - HikariPool-26 - Shutdown completed.
2025-01-06 13:21:45.384 INFO  [restartedMain] o.z.m.MallapiApplication - Starting MallapiApplication using Java 17.0.12 with PID 10712 (C:\Users\ktcs\backend\mallapi\build\classes\java\main started by ktcs in C:\Users\ktcs\backend\mallapi)
2025-01-06 13:21:45.384 INFO  [restartedMain] o.z.m.MallapiApplication - No active profile set, falling back to 1 default profile: "default"
2025-01-06 13:21:45.799 INFO  [restartedMain] o.s.d.r.c.RepositoryConfigurationDelegate - Bootstrapping Spring Data JPA repositories in DEFAULT mode.
2025-01-06 13:21:45.823 INFO  [restartedMain] o.s.d.r.c.RepositoryConfigurationDelegate - Finished Spring Data repository scanning in 23 ms. Found 3 JPA repository interfaces.
2025-01-06 13:21:45.959 INFO  [restartedMain] o.s.b.w.e.t.TomcatWebServer - Tomcat initialized with port 8081 (http)
2025-01-06 13:21:45.959 INFO  [restartedMain] o.a.c.c.StandardService - Starting service [Tomcat]
2025-01-06 13:21:45.960 INFO  [restartedMain] o.a.c.c.StandardEngine - Starting Servlet engine: [Apache Tomcat/10.1.28]
2025-01-06 13:21:45.989 INFO  [restartedMain] o.a.c.c.C.[.[.[/] - Initializing Spring embedded WebApplicationContext
2025-01-06 13:21:45.989 INFO  [restartedMain] o.s.b.w.s.c.ServletWebServerApplicationContext - Root WebApplicationContext: initialization completed in 602 ms
2025-01-06 13:21:46.044 INFO  [restartedMain] o.h.j.i.u.LogHelper - HHH000204: Processing PersistenceUnitInfo [name: default]
2025-01-06 13:21:46.048 INFO  [restartedMain] o.h.c.i.RegionFactoryInitiator - HHH000026: Second-level cache disabled
2025-01-06 13:21:46.054 INFO  [restartedMain] o.s.o.j.p.SpringPersistenceUnitInfo - No LoadTimeWeaver setup: ignoring JPA class transformer
2025-01-06 13:21:46.056 INFO  [restartedMain] c.z.h.HikariDataSource - HikariPool-27 - Starting...
2025-01-06 13:21:46.059 INFO  [restartedMain] l.log4j2 - 441. Connection opened. {executed in 3ms} 
2025-01-06 13:21:46.059 INFO  [restartedMain] l.log4j2 - 441. Connection.new Connection returned 
2025-01-06 13:21:46.059 INFO  [restartedMain] l.log4j2 - 441. Connection.getNetworkTimeout() returned 0
2025-01-06 13:21:46.059 INFO  [restartedMain] l.log4j2 - 441. Connection.isReadOnly() returned false
2025-01-06 13:21:46.059 INFO  [restartedMain] l.log4j2 - 441. Connection.getAutoCommit() returned true
2025-01-06 13:21:46.059 INFO  [restartedMain] l.log4j2 - 441. Connection.isValid(1) returned true
2025-01-06 13:21:46.060 INFO  [restartedMain] l.log4j2 - 441. Connection.getTransactionIsolation() returned 4
2025-01-06 13:21:46.060 INFO  [restartedMain] c.z.h.p.HikariPool - HikariPool-27 - Added connection net.sf.log4jdbc.sql.jdbcapi.ConnectionSpy@2f188bd3
2025-01-06 13:21:46.060 INFO  [restartedMain] c.z.h.HikariDataSource - HikariPool-27 - Start completed.
2025-01-06 13:21:46.060 INFO  [restartedMain] l.log4j2 - 441. Connection.getMetaData() returned org.mariadb.jdbc.DatabaseMetaData@6b2ff8bc
2025-01-06 13:21:46.060 INFO  [restartedMain] l.log4j2 - 441. Statement.new Statement returned 
2025-01-06 13:21:46.060 INFO  [restartedMain] l.log4j2 - 441. Connection.createStatement() returned net.sf.log4jdbc.sql.jdbcapi.StatementSpy@4cef788b
2025-01-06 13:21:46.061 INFO  [restartedMain] l.log4j2 - 441. SELECT @@character_set_database, @@sql_mode  {executed in 1 ms}
2025-01-06 13:21:46.061 INFO  [restartedMain] l.log4j2 - 441. ResultSet.new ResultSet returned 
2025-01-06 13:21:46.061 INFO  [restartedMain] l.log4j2 - 441. Statement.executeQuery(SELECT @@character_set_database, @@sql_mode) returned net.sf.log4jdbc.sql.jdbcapi.ResultSetSpy@164544d4
2025-01-06 13:21:46.061 INFO  [restartedMain] l.log4j2 - 441. ResultSet.next() returned true
2025-01-06 13:21:46.061 INFO  [restartedMain] l.log4j2 - 441. ResultSet.getString(1) returned utf8
2025-01-06 13:21:46.061 INFO  [restartedMain] l.log4j2 - 441. ResultSet.getString(2) returned IGNORE_SPACE,STRICT_TRANS_TABLES,ERROR_FOR_DIVISION_BY_ZERO,NO_AUTO_CREATE_USER,NO_ENGINE_SUBSTITUTION
2025-01-06 13:21:46.061 INFO  [restartedMain] l.log4j2 - 441. Statement.close() returned 
2025-01-06 13:21:46.062 INFO  [restartedMain] l.log4j2 - 441. Connection.getCatalog() returned malldb
2025-01-06 13:21:46.062 INFO  [restartedMain] l.log4j2 - 441. Connection.getSchema() returned null
2025-01-06 13:21:46.062 INFO  [restartedMain] l.log4j2 - 441. Connection.getSchema() returned null
2025-01-06 13:21:46.062 INFO  [restartedMain] l.log4j2 - 441. Connection.getMetaData() returned org.mariadb.jdbc.DatabaseMetaData@7d6803dc
2025-01-06 13:21:46.062 INFO  [restartedMain] l.log4j2 - 441. Connection.createClob() returned 
2025-01-06 13:21:46.062 INFO  [restartedMain] l.log4j2 - 441. Connection.createNClob() returned 
2025-01-06 13:21:46.062 INFO  [restartedMain] l.log4j2 - 441. Connection.clearWarnings() returned 
2025-01-06 13:21:46.157 INFO  [restartedMain] o.h.e.t.j.p.i.JtaPlatformInitiator - HHH000489: No JTA platform available (set 'hibernate.transaction.jta.platform' to enable JTA platform integration)
2025-01-06 13:21:46.158 INFO  [restartedMain] l.log4j2 - 441. Connection.getAutoCommit() returned true
2025-01-06 13:21:46.158 INFO  [restartedMain] l.log4j2 - 441. PreparedStatement.new PreparedStatement returned 
2025-01-06 13:21:46.158 INFO  [restartedMain] l.log4j2 - 441. Connection.prepareStatement(select table_name from information_schema.TABLES where table_schema=database() and table_type='SEQUENCE') returned net.sf.log4jdbc.sql.jdbcapi.PreparedStatementSpy@5df5ca6b
2025-01-06 13:21:46.158 INFO  [restartedMain] l.log4j2 - 441. select table_name from information_schema.TABLES where table_schema=database() and table_type='SEQUENCE'  {executed in 0 ms}
2025-01-06 13:21:46.159 INFO  [restartedMain] l.log4j2 - 441. ResultSet.new ResultSet returned 
2025-01-06 13:21:46.159 INFO  [restartedMain] l.log4j2 - 441. PreparedStatement.executeQuery() returned net.sf.log4jdbc.sql.jdbcapi.ResultSetSpy@28f5162a
2025-01-06 13:21:46.159 INFO  [restartedMain] l.log4j2 - 
|-----------|
|table_name |
|-----------|
|-----------|

2025-01-06 13:21:46.159 INFO  [restartedMain] l.log4j2 - 441. ResultSet.next() returned false
2025-01-06 13:21:46.159 INFO  [restartedMain] l.log4j2 - 441. ResultSet.close() returned void
2025-01-06 13:21:46.159 INFO  [restartedMain] l.log4j2 - 441. PreparedStatement.close() returned 
2025-01-06 13:21:46.159 INFO  [restartedMain] l.log4j2 - 441. Connection.getMetaData() returned org.mariadb.jdbc.DatabaseMetaData@2be1cd43
2025-01-06 13:21:46.165 INFO  [HikariPool-27 connection adder] l.log4j2 - 442. Connection opened. {executed in 4ms} 
2025-01-06 13:21:46.165 INFO  [HikariPool-27 connection adder] l.log4j2 - 442. Connection.new Connection returned 
2025-01-06 13:21:46.165 INFO  [HikariPool-27 connection adder] l.log4j2 - 442. Connection.isReadOnly() returned false
2025-01-06 13:21:46.165 INFO  [HikariPool-27 connection adder] l.log4j2 - 442. Connection.getAutoCommit() returned true
2025-01-06 13:21:46.181 INFO  [HikariPool-27 connection adder] l.log4j2 - 443. Connection opened. {executed in 4ms} 
2025-01-06 13:21:46.182 INFO  [HikariPool-27 connection adder] l.log4j2 - 443. Connection.new Connection returned 
2025-01-06 13:21:46.182 INFO  [HikariPool-27 connection adder] l.log4j2 - 443. Connection.isReadOnly() returned false
2025-01-06 13:21:46.182 INFO  [HikariPool-27 connection adder] l.log4j2 - 443. Connection.getAutoCommit() returned true
2025-01-06 13:21:46.186 INFO  [restartedMain] l.log4j2 - 441. PreparedStatement.new PreparedStatement returned 
2025-01-06 13:21:46.186 INFO  [restartedMain] l.log4j2 - 441. Connection.prepareStatement(select * from `malldb`.`member` where 1=0) returned net.sf.log4jdbc.sql.jdbcapi.PreparedStatementSpy@514f95cf
2025-01-06 13:21:46.187 INFO  [restartedMain] l.log4j2 - 441. select * from `malldb`.`member` where 1=0  {executed in 1 ms}
2025-01-06 13:21:46.187 INFO  [restartedMain] l.log4j2 - 441. ResultSet.new ResultSet returned 
2025-01-06 13:21:46.187 INFO  [restartedMain] l.log4j2 - 441. PreparedStatement.executeQuery() returned net.sf.log4jdbc.sql.jdbcapi.ResultSetSpy@510b9d8a
2025-01-06 13:21:46.187 INFO  [restartedMain] l.log4j2 - 441. ResultSet.getMetaData() returned org.mariadb.jdbc.client.result.ResultSetMetaData@7425c93d
2025-01-06 13:21:46.187 INFO  [restartedMain] l.log4j2 - 
|------|---------|---|-------|
|email |nickname |pw |social |
|------|---------|---|-------|
|------|---------|---|-------|

2025-01-06 13:21:46.187 INFO  [restartedMain] l.log4j2 - 441. ResultSet.close() returned void
2025-01-06 13:21:46.187 INFO  [restartedMain] l.log4j2 - 441. PreparedStatement.close() returned 
2025-01-06 13:21:46.190 INFO  [restartedMain] l.log4j2 - 441. PreparedStatement.new PreparedStatement returned 
2025-01-06 13:21:46.190 INFO  [restartedMain] l.log4j2 - 441. Connection.prepareStatement(select * from `malldb`.`tbl_product` where 1=0) returned net.sf.log4jdbc.sql.jdbcapi.PreparedStatementSpy@2eafe71f
2025-01-06 13:21:46.191 INFO  [restartedMain] l.log4j2 - 441. select * from `malldb`.`tbl_product` where 1=0  {executed in 0 ms}
2025-01-06 13:21:46.191 INFO  [restartedMain] l.log4j2 - 441. ResultSet.new ResultSet returned 
2025-01-06 13:21:46.191 INFO  [restartedMain] l.log4j2 - 441. PreparedStatement.executeQuery() returned net.sf.log4jdbc.sql.jdbcapi.ResultSetSpy@2345c88d
2025-01-06 13:21:46.191 INFO  [restartedMain] l.log4j2 - 441. ResultSet.getMetaData() returned org.mariadb.jdbc.client.result.ResultSetMetaData@79f381f9
2025-01-06 13:21:46.191 INFO  [restartedMain] l.log4j2 - 
|----|---------|------|------|------|
|pno |del_flag |pdesc |pname |price |
|----|---------|------|------|------|
|----|---------|------|------|------|

2025-01-06 13:21:46.191 INFO  [restartedMain] l.log4j2 - 441. ResultSet.close() returned void
2025-01-06 13:21:46.191 INFO  [restartedMain] l.log4j2 - 441. PreparedStatement.close() returned 
2025-01-06 13:21:46.191 INFO  [restartedMain] l.log4j2 - 441. Connection.clearWarnings() returned 
2025-01-06 13:21:46.191 INFO  [restartedMain] o.s.o.j.LocalContainerEntityManagerFactoryBean - Initialized JPA EntityManagerFactory for persistence unit 'default'
2025-01-06 13:21:46.212 INFO  [HikariPool-27 connection adder] l.log4j2 - 444. Connection opened. {executed in 4ms} 
2025-01-06 13:21:46.213 INFO  [HikariPool-27 connection adder] l.log4j2 - 444. Connection.new Connection returned 
2025-01-06 13:21:46.213 INFO  [HikariPool-27 connection adder] l.log4j2 - 444. Connection.isReadOnly() returned false
2025-01-06 13:21:46.213 INFO  [HikariPool-27 connection adder] l.log4j2 - 444. Connection.getAutoCommit() returned true
2025-01-06 13:21:46.226 INFO  [HikariPool-27 connection adder] l.log4j2 - 445. Connection opened. {executed in 3ms} 
2025-01-06 13:21:46.226 INFO  [HikariPool-27 connection adder] l.log4j2 - 445. Connection.new Connection returned 
2025-01-06 13:21:46.226 INFO  [HikariPool-27 connection adder] l.log4j2 - 445. Connection.isReadOnly() returned false
2025-01-06 13:21:46.226 INFO  [HikariPool-27 connection adder] l.log4j2 - 445. Connection.getAutoCommit() returned true
2025-01-06 13:21:46.242 INFO  [HikariPool-27 connection adder] l.log4j2 - 446. Connection opened. {executed in 2ms} 
2025-01-06 13:21:46.242 INFO  [HikariPool-27 connection adder] l.log4j2 - 446. Connection.new Connection returned 
2025-01-06 13:21:46.242 INFO  [HikariPool-27 connection adder] l.log4j2 - 446. Connection.isReadOnly() returned false
2025-01-06 13:21:46.242 INFO  [HikariPool-27 connection adder] l.log4j2 - 446. Connection.getAutoCommit() returned true
2025-01-06 13:21:46.257 INFO  [HikariPool-27 connection adder] l.log4j2 - 447. Connection opened. {executed in 2ms} 
2025-01-06 13:21:46.257 INFO  [HikariPool-27 connection adder] l.log4j2 - 447. Connection.new Connection returned 
2025-01-06 13:21:46.258 INFO  [HikariPool-27 connection adder] l.log4j2 - 447. Connection.isReadOnly() returned false
2025-01-06 13:21:46.258 INFO  [HikariPool-27 connection adder] l.log4j2 - 447. Connection.getAutoCommit() returned true
2025-01-06 13:21:46.273 INFO  [HikariPool-27 connection adder] l.log4j2 - 448. Connection opened. {executed in 3ms} 
2025-01-06 13:21:46.273 INFO  [HikariPool-27 connection adder] l.log4j2 - 448. Connection.new Connection returned 
2025-01-06 13:21:46.273 INFO  [HikariPool-27 connection adder] l.log4j2 - 448. Connection.isReadOnly() returned false
2025-01-06 13:21:46.273 INFO  [HikariPool-27 connection adder] l.log4j2 - 448. Connection.getAutoCommit() returned true
2025-01-06 13:21:46.278 INFO  [restartedMain] o.z.m.u.CustomFileUtil - -------------------------------------
2025-01-06 13:21:46.278 INFO  [restartedMain] o.z.m.u.CustomFileUtil - C:\Users\ktcs\backend\mallapi\upload
2025-01-06 13:21:46.289 INFO  [HikariPool-27 connection adder] l.log4j2 - 449. Connection opened. {executed in 3ms} 
2025-01-06 13:21:46.290 INFO  [HikariPool-27 connection adder] l.log4j2 - 449. Connection.new Connection returned 
2025-01-06 13:21:46.290 INFO  [HikariPool-27 connection adder] l.log4j2 - 449. Connection.isReadOnly() returned false
2025-01-06 13:21:46.290 INFO  [HikariPool-27 connection adder] l.log4j2 - 449. Connection.getAutoCommit() returned true
2025-01-06 13:21:46.308 INFO  [HikariPool-27 connection adder] l.log4j2 - 450. Connection opened. {executed in 2ms} 
2025-01-06 13:21:46.308 INFO  [HikariPool-27 connection adder] l.log4j2 - 450. Connection.new Connection returned 
2025-01-06 13:21:46.308 INFO  [HikariPool-27 connection adder] l.log4j2 - 450. Connection.isReadOnly() returned false
2025-01-06 13:21:46.308 INFO  [HikariPool-27 connection adder] l.log4j2 - 450. Connection.getAutoCommit() returned true
2025-01-06 13:21:46.344 WARN  [restartedMain] o.s.b.a.o.j.JpaBaseConfiguration$JpaWebConfiguration - spring.jpa.open-in-view is enabled by default. Therefore, database queries may be performed during view rendering. Explicitly configure spring.jpa.open-in-view to disable this warning
2025-01-06 13:21:46.369 INFO  [restartedMain] o.z.m.c.CustomSecurityConfig - ---------------------security config---------------------------
2025-01-06 13:21:46.390 INFO  [restartedMain] o.s.s.w.DefaultSecurityFilterChain - Will secure any request with [org.springframework.security.web.session.DisableEncodeUrlFilter@7272296c, org.springframework.security.web.context.request.async.WebAsyncManagerIntegrationFilter@49e6595b, org.springframework.security.web.context.SecurityContextHolderFilter@4181f2c6, org.springframework.security.web.header.HeaderWriterFilter@19ab4ec1, org.springframework.web.filter.CorsFilter@7288002a, org.springframework.security.web.authentication.logout.LogoutFilter@45ffd558, org.zerock.mallapi.security.filter.JWTCheckFilter@5d100251, org.springframework.security.web.authentication.UsernamePasswordAuthenticationFilter@562f2301, org.springframework.security.web.savedrequest.RequestCacheAwareFilter@786d75cb, org.springframework.security.web.servletapi.SecurityContextHolderAwareRequestFilter@3bf3e141, org.springframework.security.web.authentication.AnonymousAuthenticationFilter@3eca79d6, org.springframework.security.web.session.SessionManagementFilter@19353a05, org.springframework.security.web.access.ExceptionTranslationFilter@ac66267]
2025-01-06 13:21:46.609 INFO  [restartedMain] o.s.b.d.a.OptionalLiveReloadServer - LiveReload server is running on port 35729
2025-01-06 13:21:46.624 INFO  [restartedMain] o.s.b.w.e.t.TomcatWebServer - Tomcat started on port 8081 (http) with context path ''
2025-01-06 13:21:46.628 INFO  [restartedMain] o.z.m.MallapiApplication - Started MallapiApplication in 1.278 seconds (process running for 258743.252)
2025-01-06 13:21:46.628 INFO  [restartedMain] o.s.b.d.a.ConditionEvaluationDeltaLoggingListener - Condition evaluation unchanged
2025-01-06 13:44:36.731 INFO  [File Watcher] o.s.b.d.a.LocalDevToolsAutoConfiguration$RestartingClassPathChangeChangedEventListener - Restarting due to 3 class path changes (0 additions, 3 deletions, 0 modifications)
2025-01-06 13:44:37.165 INFO  [Thread-107] o.s.o.j.LocalContainerEntityManagerFactoryBean - Closing JPA EntityManagerFactory for persistence unit 'default'
2025-01-06 13:44:37.513 INFO  [Thread-107] c.z.h.HikariDataSource - HikariPool-27 - Shutdown initiated...
2025-01-06 13:44:37.553 INFO  [HikariPool-27 connection closer] l.log4j2 - 441. Connection closed. {executed in 18ms} 
2025-01-06 13:44:37.554 INFO  [HikariPool-27 connection closer] l.log4j2 - 441. Connection.close() returned 
2025-01-06 13:44:37.554 INFO  [HikariPool-27 connection closer] l.log4j2 - 442. Connection closed. {executed in 0ms} 
2025-01-06 13:44:37.555 INFO  [HikariPool-27 connection closer] l.log4j2 - 442. Connection.close() returned 
2025-01-06 13:44:37.555 INFO  [HikariPool-27 connection closer] l.log4j2 - 443. Connection closed. {executed in 0ms} 
2025-01-06 13:44:37.555 INFO  [HikariPool-27 connection closer] l.log4j2 - 443. Connection.close() returned 
2025-01-06 13:44:37.557 INFO  [HikariPool-27 connection closer] l.log4j2 - 444. Connection closed. {executed in 2ms} 
2025-01-06 13:44:37.557 INFO  [HikariPool-27 connection closer] l.log4j2 - 444. Connection.close() returned 
2025-01-06 13:44:37.557 INFO  [HikariPool-27 connection closer] l.log4j2 - 445. Connection closed. {executed in 0ms} 
2025-01-06 13:44:37.558 INFO  [HikariPool-27 connection closer] l.log4j2 - 445. Connection.close() returned 
2025-01-06 13:44:37.558 INFO  [HikariPool-27 connection closer] l.log4j2 - 446. Connection closed. {executed in 0ms} 
2025-01-06 13:44:37.558 INFO  [HikariPool-27 connection closer] l.log4j2 - 446. Connection.close() returned 
2025-01-06 13:44:37.558 INFO  [HikariPool-27 connection closer] l.log4j2 - 447. Connection closed. {executed in 0ms} 
2025-01-06 13:44:37.558 INFO  [HikariPool-27 connection closer] l.log4j2 - 447. Connection.close() returned 
2025-01-06 13:44:37.558 INFO  [HikariPool-27 connection closer] l.log4j2 - 448. Connection closed. {executed in 0ms} 
2025-01-06 13:44:37.558 INFO  [HikariPool-27 connection closer] l.log4j2 - 448. Connection.close() returned 
2025-01-06 13:44:37.559 INFO  [HikariPool-27 connection closer] l.log4j2 - 449. Connection closed. {executed in 1ms} 
2025-01-06 13:44:37.559 INFO  [HikariPool-27 connection closer] l.log4j2 - 449. Connection.close() returned 
2025-01-06 13:44:37.559 INFO  [HikariPool-27 connection closer] l.log4j2 - 450. Connection closed. {executed in 0ms} 
2025-01-06 13:44:37.559 INFO  [HikariPool-27 connection closer] l.log4j2 - 450. Connection.close() returned 
2025-01-06 13:44:37.559 INFO  [Thread-107] c.z.h.HikariDataSource - HikariPool-27 - Shutdown completed.
2025-01-06 13:44:38.310 INFO  [restartedMain] o.z.m.MallapiApplication - Starting MallapiApplication using Java 17.0.12 with PID 10712 (C:\Users\ktcs\backend\mallapi\build\classes\java\main started by ktcs in C:\Users\ktcs\backend\mallapi)
2025-01-06 13:44:38.310 INFO  [restartedMain] o.z.m.MallapiApplication - No active profile set, falling back to 1 default profile: "default"
2025-01-06 13:44:39.072 INFO  [restartedMain] o.s.d.r.c.RepositoryConfigurationDelegate - Bootstrapping Spring Data JPA repositories in DEFAULT mode.
2025-01-06 13:44:39.100 INFO  [restartedMain] o.s.d.r.c.RepositoryConfigurationDelegate - Finished Spring Data repository scanning in 27 ms. Found 3 JPA repository interfaces.
2025-01-06 13:44:39.333 INFO  [restartedMain] o.s.b.w.e.t.TomcatWebServer - Tomcat initialized with port 8081 (http)
2025-01-06 13:44:39.335 INFO  [restartedMain] o.a.c.c.StandardService - Starting service [Tomcat]
2025-01-06 13:44:39.335 INFO  [restartedMain] o.a.c.c.StandardEngine - Starting Servlet engine: [Apache Tomcat/10.1.28]
2025-01-06 13:44:39.399 INFO  [restartedMain] o.a.c.c.C.[.[.[/] - Initializing Spring embedded WebApplicationContext
2025-01-06 13:44:39.400 INFO  [restartedMain] o.s.b.w.s.c.ServletWebServerApplicationContext - Root WebApplicationContext: initialization completed in 1083 ms
2025-01-06 13:44:39.476 INFO  [restartedMain] o.h.j.i.u.LogHelper - HHH000204: Processing PersistenceUnitInfo [name: default]
2025-01-06 13:44:39.480 INFO  [restartedMain] o.h.c.i.RegionFactoryInitiator - HHH000026: Second-level cache disabled
2025-01-06 13:44:39.486 INFO  [restartedMain] o.s.o.j.p.SpringPersistenceUnitInfo - No LoadTimeWeaver setup: ignoring JPA class transformer
2025-01-06 13:44:39.488 INFO  [restartedMain] c.z.h.HikariDataSource - HikariPool-28 - Starting...
2025-01-06 13:44:39.514 INFO  [restartedMain] l.log4j2 - 451. Connection opened. {executed in 26ms} 
2025-01-06 13:44:39.514 INFO  [restartedMain] l.log4j2 - 451. Connection.new Connection returned 
2025-01-06 13:44:39.514 INFO  [restartedMain] l.log4j2 - 451. Connection.getNetworkTimeout() returned 0
2025-01-06 13:44:39.514 INFO  [restartedMain] l.log4j2 - 451. Connection.isReadOnly() returned false
2025-01-06 13:44:39.514 INFO  [restartedMain] l.log4j2 - 451. Connection.getAutoCommit() returned true
2025-01-06 13:44:39.514 INFO  [restartedMain] l.log4j2 - 451. Connection.isValid(1) returned true
2025-01-06 13:44:39.522 INFO  [restartedMain] l.log4j2 - 451. Connection.getTransactionIsolation() returned 4
2025-01-06 13:44:39.522 INFO  [restartedMain] c.z.h.p.HikariPool - HikariPool-28 - Added connection net.sf.log4jdbc.sql.jdbcapi.ConnectionSpy@24d3fe6b
2025-01-06 13:44:39.523 INFO  [restartedMain] c.z.h.HikariDataSource - HikariPool-28 - Start completed.
2025-01-06 13:44:39.523 INFO  [restartedMain] l.log4j2 - 451. Connection.getMetaData() returned org.mariadb.jdbc.DatabaseMetaData@230f2af8
2025-01-06 13:44:39.523 INFO  [restartedMain] l.log4j2 - 451. Statement.new Statement returned 
2025-01-06 13:44:39.523 INFO  [restartedMain] l.log4j2 - 451. Connection.createStatement() returned net.sf.log4jdbc.sql.jdbcapi.StatementSpy@52abae75
2025-01-06 13:44:39.523 INFO  [restartedMain] l.log4j2 - 451. SELECT @@character_set_database, @@sql_mode  {executed in 0 ms}
2025-01-06 13:44:39.524 INFO  [restartedMain] l.log4j2 - 451. ResultSet.new ResultSet returned 
2025-01-06 13:44:39.524 INFO  [restartedMain] l.log4j2 - 451. Statement.executeQuery(SELECT @@character_set_database, @@sql_mode) returned net.sf.log4jdbc.sql.jdbcapi.ResultSetSpy@ba35f0
2025-01-06 13:44:39.524 INFO  [restartedMain] l.log4j2 - 451. ResultSet.next() returned true
2025-01-06 13:44:39.524 INFO  [restartedMain] l.log4j2 - 451. ResultSet.getString(1) returned utf8
2025-01-06 13:44:39.524 INFO  [restartedMain] l.log4j2 - 451. ResultSet.getString(2) returned IGNORE_SPACE,STRICT_TRANS_TABLES,ERROR_FOR_DIVISION_BY_ZERO,NO_AUTO_CREATE_USER,NO_ENGINE_SUBSTITUTION
2025-01-06 13:44:39.524 INFO  [restartedMain] l.log4j2 - 451. Statement.close() returned 
2025-01-06 13:44:39.524 INFO  [restartedMain] l.log4j2 - 451. Connection.getCatalog() returned malldb
2025-01-06 13:44:39.525 INFO  [restartedMain] l.log4j2 - 451. Connection.getSchema() returned null
2025-01-06 13:44:39.525 INFO  [restartedMain] l.log4j2 - 451. Connection.getSchema() returned null
2025-01-06 13:44:39.525 INFO  [restartedMain] l.log4j2 - 451. Connection.getMetaData() returned org.mariadb.jdbc.DatabaseMetaData@3b21a32a
2025-01-06 13:44:39.525 INFO  [restartedMain] l.log4j2 - 451. Connection.createClob() returned 
2025-01-06 13:44:39.525 INFO  [restartedMain] l.log4j2 - 451. Connection.createNClob() returned 
2025-01-06 13:44:39.525 INFO  [restartedMain] l.log4j2 - 451. Connection.clearWarnings() returned 
2025-01-06 13:44:39.579 INFO  [restartedMain] o.h.e.t.j.p.i.JtaPlatformInitiator - HHH000489: No JTA platform available (set 'hibernate.transaction.jta.platform' to enable JTA platform integration)
2025-01-06 13:44:39.580 INFO  [restartedMain] l.log4j2 - 451. Connection.getAutoCommit() returned true
2025-01-06 13:44:39.580 INFO  [restartedMain] l.log4j2 - 451. PreparedStatement.new PreparedStatement returned 
2025-01-06 13:44:39.580 INFO  [restartedMain] l.log4j2 - 451. Connection.prepareStatement(select table_name from information_schema.TABLES where table_schema=database() and table_type='SEQUENCE') returned net.sf.log4jdbc.sql.jdbcapi.PreparedStatementSpy@2875357b
2025-01-06 13:44:39.595 INFO  [restartedMain] l.log4j2 - 451. select table_name from information_schema.TABLES where table_schema=database() and table_type='SEQUENCE'  {executed in 15 ms}
2025-01-06 13:44:39.596 INFO  [restartedMain] l.log4j2 - 451. ResultSet.new ResultSet returned 
2025-01-06 13:44:39.596 INFO  [restartedMain] l.log4j2 - 451. PreparedStatement.executeQuery() returned net.sf.log4jdbc.sql.jdbcapi.ResultSetSpy@470a6f5a
2025-01-06 13:44:39.596 INFO  [restartedMain] l.log4j2 - 
|-----------|
|table_name |
|-----------|
|-----------|

2025-01-06 13:44:39.596 INFO  [restartedMain] l.log4j2 - 451. ResultSet.next() returned false
2025-01-06 13:44:39.596 INFO  [restartedMain] l.log4j2 - 451. ResultSet.close() returned void
2025-01-06 13:44:39.596 INFO  [restartedMain] l.log4j2 - 451. PreparedStatement.close() returned 
2025-01-06 13:44:39.596 INFO  [restartedMain] l.log4j2 - 451. Connection.getMetaData() returned org.mariadb.jdbc.DatabaseMetaData@716e9a52
2025-01-06 13:44:39.638 INFO  [restartedMain] l.log4j2 - 451. PreparedStatement.new PreparedStatement returned 
2025-01-06 13:44:39.639 INFO  [restartedMain] l.log4j2 - 451. Connection.prepareStatement(select * from `malldb`.`member` where 1=0) returned net.sf.log4jdbc.sql.jdbcapi.PreparedStatementSpy@841fbce
2025-01-06 13:44:39.639 INFO  [restartedMain] l.log4j2 - 451. select * from `malldb`.`member` where 1=0  {executed in 0 ms}
2025-01-06 13:44:39.639 INFO  [restartedMain] l.log4j2 - 451. ResultSet.new ResultSet returned 
2025-01-06 13:44:39.639 INFO  [HikariPool-28 connection adder] l.log4j2 - 452. Connection opened. {executed in 3ms} 
2025-01-06 13:44:39.639 INFO  [restartedMain] l.log4j2 - 451. PreparedStatement.executeQuery() returned net.sf.log4jdbc.sql.jdbcapi.ResultSetSpy@1ca52523
2025-01-06 13:44:39.639 INFO  [HikariPool-28 connection adder] l.log4j2 - 452. Connection.new Connection returned 
2025-01-06 13:44:39.639 INFO  [HikariPool-28 connection adder] l.log4j2 - 452. Connection.isReadOnly() returned false
2025-01-06 13:44:39.639 INFO  [restartedMain] l.log4j2 - 451. ResultSet.getMetaData() returned org.mariadb.jdbc.client.result.ResultSetMetaData@191c90ef
2025-01-06 13:44:39.639 INFO  [HikariPool-28 connection adder] l.log4j2 - 452. Connection.getAutoCommit() returned true
2025-01-06 13:44:39.639 INFO  [restartedMain] l.log4j2 - 
|------|---------|---|-------|
|email |nickname |pw |social |
|------|---------|---|-------|
|------|---------|---|-------|

2025-01-06 13:44:39.639 INFO  [restartedMain] l.log4j2 - 451. ResultSet.close() returned void
2025-01-06 13:44:39.641 INFO  [restartedMain] l.log4j2 - 451. PreparedStatement.close() returned 
2025-01-06 13:44:39.642 INFO  [restartedMain] l.log4j2 - 451. PreparedStatement.new PreparedStatement returned 
2025-01-06 13:44:39.642 INFO  [restartedMain] l.log4j2 - 451. Connection.prepareStatement(select * from `malldb`.`tbl_product` where 1=0) returned net.sf.log4jdbc.sql.jdbcapi.PreparedStatementSpy@61aedf35
2025-01-06 13:44:39.642 INFO  [restartedMain] l.log4j2 - 451. select * from `malldb`.`tbl_product` where 1=0  {executed in 0 ms}
2025-01-06 13:44:39.642 INFO  [restartedMain] l.log4j2 - 451. ResultSet.new ResultSet returned 
2025-01-06 13:44:39.643 INFO  [restartedMain] l.log4j2 - 451. PreparedStatement.executeQuery() returned net.sf.log4jdbc.sql.jdbcapi.ResultSetSpy@5417621e
2025-01-06 13:44:39.643 INFO  [restartedMain] l.log4j2 - 451. ResultSet.getMetaData() returned org.mariadb.jdbc.client.result.ResultSetMetaData@29711b9b
2025-01-06 13:44:39.643 INFO  [restartedMain] l.log4j2 - 
|----|---------|------|------|------|
|pno |del_flag |pdesc |pname |price |
|----|---------|------|------|------|
|----|---------|------|------|------|

2025-01-06 13:44:39.643 INFO  [restartedMain] l.log4j2 - 451. ResultSet.close() returned void
2025-01-06 13:44:39.643 INFO  [restartedMain] l.log4j2 - 451. PreparedStatement.close() returned 
2025-01-06 13:44:39.643 INFO  [restartedMain] l.log4j2 - 451. Connection.clearWarnings() returned 
2025-01-06 13:44:39.643 INFO  [restartedMain] o.s.o.j.LocalContainerEntityManagerFactoryBean - Initialized JPA EntityManagerFactory for persistence unit 'default'
2025-01-06 13:44:39.653 INFO  [HikariPool-28 connection adder] l.log4j2 - 453. Connection opened. {executed in 3ms} 
2025-01-06 13:44:39.653 INFO  [HikariPool-28 connection adder] l.log4j2 - 453. Connection.new Connection returned 
2025-01-06 13:44:39.653 INFO  [HikariPool-28 connection adder] l.log4j2 - 453. Connection.isReadOnly() returned false
2025-01-06 13:44:39.653 INFO  [HikariPool-28 connection adder] l.log4j2 - 453. Connection.getAutoCommit() returned true
2025-01-06 13:44:39.667 INFO  [HikariPool-28 connection adder] l.log4j2 - 454. Connection opened. {executed in 2ms} 
2025-01-06 13:44:39.667 INFO  [HikariPool-28 connection adder] l.log4j2 - 454. Connection.new Connection returned 
2025-01-06 13:44:39.668 INFO  [HikariPool-28 connection adder] l.log4j2 - 454. Connection.isReadOnly() returned false
2025-01-06 13:44:39.668 INFO  [HikariPool-28 connection adder] l.log4j2 - 454. Connection.getAutoCommit() returned true
2025-01-06 13:44:39.684 INFO  [HikariPool-28 connection adder] l.log4j2 - 455. Connection opened. {executed in 2ms} 
2025-01-06 13:44:39.684 INFO  [HikariPool-28 connection adder] l.log4j2 - 455. Connection.new Connection returned 
2025-01-06 13:44:39.684 INFO  [HikariPool-28 connection adder] l.log4j2 - 455. Connection.isReadOnly() returned false
2025-01-06 13:44:39.684 INFO  [HikariPool-28 connection adder] l.log4j2 - 455. Connection.getAutoCommit() returned true
2025-01-06 13:44:39.700 INFO  [HikariPool-28 connection adder] l.log4j2 - 456. Connection opened. {executed in 3ms} 
2025-01-06 13:44:39.700 INFO  [HikariPool-28 connection adder] l.log4j2 - 456. Connection.new Connection returned 
2025-01-06 13:44:39.700 INFO  [HikariPool-28 connection adder] l.log4j2 - 456. Connection.isReadOnly() returned false
2025-01-06 13:44:39.700 INFO  [HikariPool-28 connection adder] l.log4j2 - 456. Connection.getAutoCommit() returned true
2025-01-06 13:44:39.718 INFO  [HikariPool-28 connection adder] l.log4j2 - 457. Connection opened. {executed in 3ms} 
2025-01-06 13:44:39.718 INFO  [HikariPool-28 connection adder] l.log4j2 - 457. Connection.new Connection returned 
2025-01-06 13:44:39.718 INFO  [HikariPool-28 connection adder] l.log4j2 - 457. Connection.isReadOnly() returned false
2025-01-06 13:44:39.718 INFO  [HikariPool-28 connection adder] l.log4j2 - 457. Connection.getAutoCommit() returned true
2025-01-06 13:44:39.732 INFO  [HikariPool-28 connection adder] l.log4j2 - 458. Connection opened. {executed in 3ms} 
2025-01-06 13:44:39.732 INFO  [HikariPool-28 connection adder] l.log4j2 - 458. Connection.new Connection returned 
2025-01-06 13:44:39.732 INFO  [HikariPool-28 connection adder] l.log4j2 - 458. Connection.isReadOnly() returned false
2025-01-06 13:44:39.732 INFO  [HikariPool-28 connection adder] l.log4j2 - 458. Connection.getAutoCommit() returned true
2025-01-06 13:44:39.738 INFO  [restartedMain] o.z.m.u.CustomFileUtil - -------------------------------------
2025-01-06 13:44:39.738 INFO  [restartedMain] o.z.m.u.CustomFileUtil - C:\Users\ktcs\backend\mallapi\upload
2025-01-06 13:44:39.748 INFO  [HikariPool-28 connection adder] l.log4j2 - 459. Connection opened. {executed in 3ms} 
2025-01-06 13:44:39.748 INFO  [HikariPool-28 connection adder] l.log4j2 - 459. Connection.new Connection returned 
2025-01-06 13:44:39.748 INFO  [HikariPool-28 connection adder] l.log4j2 - 459. Connection.isReadOnly() returned false
2025-01-06 13:44:39.748 INFO  [HikariPool-28 connection adder] l.log4j2 - 459. Connection.getAutoCommit() returned true
2025-01-06 13:44:39.763 INFO  [HikariPool-28 connection adder] l.log4j2 - 460. Connection opened. {executed in 3ms} 
2025-01-06 13:44:39.763 INFO  [HikariPool-28 connection adder] l.log4j2 - 460. Connection.new Connection returned 
2025-01-06 13:44:39.763 INFO  [HikariPool-28 connection adder] l.log4j2 - 460. Connection.isReadOnly() returned false
2025-01-06 13:44:39.763 INFO  [HikariPool-28 connection adder] l.log4j2 - 460. Connection.getAutoCommit() returned true
2025-01-06 13:44:39.801 WARN  [restartedMain] o.s.b.a.o.j.JpaBaseConfiguration$JpaWebConfiguration - spring.jpa.open-in-view is enabled by default. Therefore, database queries may be performed during view rendering. Explicitly configure spring.jpa.open-in-view to disable this warning
2025-01-06 13:44:39.822 INFO  [restartedMain] o.z.m.c.CustomSecurityConfig - ---------------------security config---------------------------
2025-01-06 13:44:39.861 INFO  [restartedMain] o.s.s.w.DefaultSecurityFilterChain - Will secure any request with [org.springframework.security.web.session.DisableEncodeUrlFilter@668b3b1d, org.springframework.security.web.context.request.async.WebAsyncManagerIntegrationFilter@1ef54a37, org.springframework.security.web.context.SecurityContextHolderFilter@20bbdf2b, org.springframework.security.web.header.HeaderWriterFilter@751c5101, org.springframework.web.filter.CorsFilter@3a01073a, org.springframework.security.web.authentication.logout.LogoutFilter@37e2665d, org.zerock.mallapi.security.filter.JWTCheckFilter@570e7f0b, org.springframework.security.web.authentication.UsernamePasswordAuthenticationFilter@68d6dfc, org.springframework.security.web.savedrequest.RequestCacheAwareFilter@33c168ae, org.springframework.security.web.servletapi.SecurityContextHolderAwareRequestFilter@24c2a38e, org.springframework.security.web.authentication.AnonymousAuthenticationFilter@6862f524, org.springframework.security.web.session.SessionManagementFilter@6366c264, org.springframework.security.web.access.ExceptionTranslationFilter@4fbb9a48]
2025-01-06 13:44:40.072 INFO  [restartedMain] o.s.b.d.a.OptionalLiveReloadServer - LiveReload server is running on port 35729
2025-01-06 13:44:40.117 INFO  [restartedMain] o.s.b.w.e.t.TomcatWebServer - Tomcat started on port 8081 (http) with context path ''
2025-01-06 13:44:40.142 INFO  [restartedMain] o.z.m.MallapiApplication - Started MallapiApplication in 1.89 seconds (process running for 260116.766)
2025-01-06 13:44:40.146 INFO  [restartedMain] o.s.b.d.a.ConditionEvaluationDeltaLoggingListener - Condition evaluation unchanged
2025-01-06 13:44:41.539 INFO  [File Watcher] o.s.b.d.a.LocalDevToolsAutoConfiguration$RestartingClassPathChangeChangedEventListener - Restarting due to 3 class path changes (3 additions, 0 deletions, 0 modifications)
2025-01-06 13:44:41.700 INFO  [Thread-111] o.s.o.j.LocalContainerEntityManagerFactoryBean - Closing JPA EntityManagerFactory for persistence unit 'default'
2025-01-06 13:44:41.700 INFO  [Thread-111] c.z.h.HikariDataSource - HikariPool-28 - Shutdown initiated...
2025-01-06 13:44:41.701 INFO  [HikariPool-28 connection closer] l.log4j2 - 451. Connection closed. {executed in 0ms} 
2025-01-06 13:44:41.701 INFO  [HikariPool-28 connection closer] l.log4j2 - 451. Connection.close() returned 
2025-01-06 13:44:41.701 INFO  [HikariPool-28 connection closer] l.log4j2 - 452. Connection closed. {executed in 0ms} 
2025-01-06 13:44:41.701 INFO  [HikariPool-28 connection closer] l.log4j2 - 452. Connection.close() returned 
2025-01-06 13:44:41.701 INFO  [HikariPool-28 connection closer] l.log4j2 - 453. Connection closed. {executed in 0ms} 
2025-01-06 13:44:41.701 INFO  [HikariPool-28 connection closer] l.log4j2 - 453. Connection.close() returned 
2025-01-06 13:44:41.702 INFO  [HikariPool-28 connection closer] l.log4j2 - 454. Connection closed. {executed in 1ms} 
2025-01-06 13:44:41.702 INFO  [HikariPool-28 connection closer] l.log4j2 - 454. Connection.close() returned 
2025-01-06 13:44:41.702 INFO  [HikariPool-28 connection closer] l.log4j2 - 455. Connection closed. {executed in 0ms} 
2025-01-06 13:44:41.702 INFO  [HikariPool-28 connection closer] l.log4j2 - 455. Connection.close() returned 
2025-01-06 13:44:41.702 INFO  [HikariPool-28 connection closer] l.log4j2 - 456. Connection closed. {executed in 0ms} 
2025-01-06 13:44:41.702 INFO  [HikariPool-28 connection closer] l.log4j2 - 456. Connection.close() returned 
2025-01-06 13:44:41.702 INFO  [HikariPool-28 connection closer] l.log4j2 - 457. Connection closed. {executed in 0ms} 
2025-01-06 13:44:41.702 INFO  [HikariPool-28 connection closer] l.log4j2 - 457. Connection.close() returned 
2025-01-06 13:44:41.702 INFO  [HikariPool-28 connection closer] l.log4j2 - 458. Connection closed. {executed in 0ms} 
2025-01-06 13:44:41.702 INFO  [HikariPool-28 connection closer] l.log4j2 - 458. Connection.close() returned 
2025-01-06 13:44:41.703 INFO  [HikariPool-28 connection closer] l.log4j2 - 459. Connection closed. {executed in 1ms} 
2025-01-06 13:44:41.703 INFO  [HikariPool-28 connection closer] l.log4j2 - 459. Connection.close() returned 
2025-01-06 13:44:41.703 INFO  [HikariPool-28 connection closer] l.log4j2 - 460. Connection closed. {executed in 0ms} 
2025-01-06 13:44:41.703 INFO  [HikariPool-28 connection closer] l.log4j2 - 460. Connection.close() returned 
2025-01-06 13:44:41.703 INFO  [Thread-111] c.z.h.HikariDataSource - HikariPool-28 - Shutdown completed.
2025-01-06 13:44:41.780 INFO  [restartedMain] o.z.m.MallapiApplication - Starting MallapiApplication using Java 17.0.12 with PID 10712 (C:\Users\ktcs\backend\mallapi\build\classes\java\main started by ktcs in C:\Users\ktcs\backend\mallapi)
2025-01-06 13:44:41.781 INFO  [restartedMain] o.z.m.MallapiApplication - No active profile set, falling back to 1 default profile: "default"
2025-01-06 13:44:42.041 INFO  [restartedMain] o.s.d.r.c.RepositoryConfigurationDelegate - Bootstrapping Spring Data JPA repositories in DEFAULT mode.
2025-01-06 13:44:42.069 INFO  [restartedMain] o.s.d.r.c.RepositoryConfigurationDelegate - Finished Spring Data repository scanning in 27 ms. Found 3 JPA repository interfaces.
2025-01-06 13:44:42.184 INFO  [restartedMain] o.s.b.w.e.t.TomcatWebServer - Tomcat initialized with port 8081 (http)
2025-01-06 13:44:42.185 INFO  [restartedMain] o.a.c.c.StandardService - Starting service [Tomcat]
2025-01-06 13:44:42.185 INFO  [restartedMain] o.a.c.c.StandardEngine - Starting Servlet engine: [Apache Tomcat/10.1.28]
2025-01-06 13:44:42.210 INFO  [restartedMain] o.a.c.c.C.[.[.[/] - Initializing Spring embedded WebApplicationContext
2025-01-06 13:44:42.210 INFO  [restartedMain] o.s.b.w.s.c.ServletWebServerApplicationContext - Root WebApplicationContext: initialization completed in 428 ms
2025-01-06 13:44:42.259 INFO  [restartedMain] o.h.j.i.u.LogHelper - HHH000204: Processing PersistenceUnitInfo [name: default]
2025-01-06 13:44:42.265 INFO  [restartedMain] o.h.c.i.RegionFactoryInitiator - HHH000026: Second-level cache disabled
2025-01-06 13:44:42.272 INFO  [restartedMain] o.s.o.j.p.SpringPersistenceUnitInfo - No LoadTimeWeaver setup: ignoring JPA class transformer
2025-01-06 13:44:42.273 INFO  [restartedMain] c.z.h.HikariDataSource - HikariPool-29 - Starting...
2025-01-06 13:44:42.280 INFO  [restartedMain] l.log4j2 - 461. Connection opened. {executed in 6ms} 
2025-01-06 13:44:42.280 INFO  [restartedMain] l.log4j2 - 461. Connection.new Connection returned 
2025-01-06 13:44:42.280 INFO  [restartedMain] l.log4j2 - 461. Connection.getNetworkTimeout() returned 0
2025-01-06 13:44:42.281 INFO  [restartedMain] l.log4j2 - 461. Connection.isReadOnly() returned false
2025-01-06 13:44:42.281 INFO  [restartedMain] l.log4j2 - 461. Connection.getAutoCommit() returned true
2025-01-06 13:44:42.281 INFO  [restartedMain] l.log4j2 - 461. Connection.isValid(1) returned true
2025-01-06 13:44:42.281 INFO  [restartedMain] l.log4j2 - 461. Connection.getTransactionIsolation() returned 4
2025-01-06 13:44:42.281 INFO  [restartedMain] c.z.h.p.HikariPool - HikariPool-29 - Added connection net.sf.log4jdbc.sql.jdbcapi.ConnectionSpy@2304771d
2025-01-06 13:44:42.282 INFO  [restartedMain] c.z.h.HikariDataSource - HikariPool-29 - Start completed.
2025-01-06 13:44:42.282 INFO  [restartedMain] l.log4j2 - 461. Connection.getMetaData() returned org.mariadb.jdbc.DatabaseMetaData@107fc356
2025-01-06 13:44:42.282 INFO  [restartedMain] l.log4j2 - 461. Statement.new Statement returned 
2025-01-06 13:44:42.282 INFO  [restartedMain] l.log4j2 - 461. Connection.createStatement() returned net.sf.log4jdbc.sql.jdbcapi.StatementSpy@4310cb6a
2025-01-06 13:44:42.283 INFO  [restartedMain] l.log4j2 - 461. SELECT @@character_set_database, @@sql_mode  {executed in 1 ms}
2025-01-06 13:44:42.283 INFO  [restartedMain] l.log4j2 - 461. ResultSet.new ResultSet returned 
2025-01-06 13:44:42.283 INFO  [restartedMain] l.log4j2 - 461. Statement.executeQuery(SELECT @@character_set_database, @@sql_mode) returned net.sf.log4jdbc.sql.jdbcapi.ResultSetSpy@480fadc6
2025-01-06 13:44:42.283 INFO  [restartedMain] l.log4j2 - 461. ResultSet.next() returned true
2025-01-06 13:44:42.283 INFO  [restartedMain] l.log4j2 - 461. ResultSet.getString(1) returned utf8
2025-01-06 13:44:42.283 INFO  [restartedMain] l.log4j2 - 461. ResultSet.getString(2) returned IGNORE_SPACE,STRICT_TRANS_TABLES,ERROR_FOR_DIVISION_BY_ZERO,NO_AUTO_CREATE_USER,NO_ENGINE_SUBSTITUTION
2025-01-06 13:44:42.283 INFO  [restartedMain] l.log4j2 - 461. Statement.close() returned 
2025-01-06 13:44:42.284 INFO  [restartedMain] l.log4j2 - 461. Connection.getCatalog() returned malldb
2025-01-06 13:44:42.284 INFO  [restartedMain] l.log4j2 - 461. Connection.getSchema() returned null
2025-01-06 13:44:42.284 INFO  [restartedMain] l.log4j2 - 461. Connection.getSchema() returned null
2025-01-06 13:44:42.284 INFO  [restartedMain] l.log4j2 - 461. Connection.getMetaData() returned org.mariadb.jdbc.DatabaseMetaData@48339745
2025-01-06 13:44:42.284 INFO  [restartedMain] l.log4j2 - 461. Connection.createClob() returned 
2025-01-06 13:44:42.284 INFO  [restartedMain] l.log4j2 - 461. Connection.createNClob() returned 
2025-01-06 13:44:42.284 INFO  [restartedMain] l.log4j2 - 461. Connection.clearWarnings() returned 
2025-01-06 13:44:42.352 INFO  [restartedMain] o.h.e.t.j.p.i.JtaPlatformInitiator - HHH000489: No JTA platform available (set 'hibernate.transaction.jta.platform' to enable JTA platform integration)
2025-01-06 13:44:42.352 INFO  [restartedMain] l.log4j2 - 461. Connection.getAutoCommit() returned true
2025-01-06 13:44:42.352 INFO  [restartedMain] l.log4j2 - 461. PreparedStatement.new PreparedStatement returned 
2025-01-06 13:44:42.352 INFO  [restartedMain] l.log4j2 - 461. Connection.prepareStatement(select table_name from information_schema.TABLES where table_schema=database() and table_type='SEQUENCE') returned net.sf.log4jdbc.sql.jdbcapi.PreparedStatementSpy@8bcf069
2025-01-06 13:44:42.353 INFO  [restartedMain] l.log4j2 - 461. select table_name from information_schema.TABLES where table_schema=database() and table_type='SEQUENCE'  {executed in 0 ms}
2025-01-06 13:44:42.355 INFO  [restartedMain] l.log4j2 - 461. ResultSet.new ResultSet returned 
2025-01-06 13:44:42.355 INFO  [restartedMain] l.log4j2 - 461. PreparedStatement.executeQuery() returned net.sf.log4jdbc.sql.jdbcapi.ResultSetSpy@39a4d98a
2025-01-06 13:44:42.355 INFO  [restartedMain] l.log4j2 - 
|-----------|
|table_name |
|-----------|
|-----------|

2025-01-06 13:44:42.355 INFO  [restartedMain] l.log4j2 - 461. ResultSet.next() returned false
2025-01-06 13:44:42.355 INFO  [restartedMain] l.log4j2 - 461. ResultSet.close() returned void
2025-01-06 13:44:42.355 INFO  [restartedMain] l.log4j2 - 461. PreparedStatement.close() returned 
2025-01-06 13:44:42.355 INFO  [restartedMain] l.log4j2 - 461. Connection.getMetaData() returned org.mariadb.jdbc.DatabaseMetaData@7cea8722
2025-01-06 13:44:42.377 INFO  [restartedMain] l.log4j2 - 461. PreparedStatement.new PreparedStatement returned 
2025-01-06 13:44:42.377 INFO  [restartedMain] l.log4j2 - 461. Connection.prepareStatement(select * from `malldb`.`member` where 1=0) returned net.sf.log4jdbc.sql.jdbcapi.PreparedStatementSpy@5aa48bdd
2025-01-06 13:44:42.377 INFO  [restartedMain] l.log4j2 - 461. select * from `malldb`.`member` where 1=0  {executed in 0 ms}
2025-01-06 13:44:42.377 INFO  [restartedMain] l.log4j2 - 461. ResultSet.new ResultSet returned 
2025-01-06 13:44:42.377 INFO  [restartedMain] l.log4j2 - 461. PreparedStatement.executeQuery() returned net.sf.log4jdbc.sql.jdbcapi.ResultSetSpy@4553618a
2025-01-06 13:44:42.377 INFO  [restartedMain] l.log4j2 - 461. ResultSet.getMetaData() returned org.mariadb.jdbc.client.result.ResultSetMetaData@6da83d95
2025-01-06 13:44:42.378 INFO  [restartedMain] l.log4j2 - 
|------|---------|---|-------|
|email |nickname |pw |social |
|------|---------|---|-------|
|------|---------|---|-------|

2025-01-06 13:44:42.378 INFO  [restartedMain] l.log4j2 - 461. ResultSet.close() returned void
2025-01-06 13:44:42.378 INFO  [restartedMain] l.log4j2 - 461. PreparedStatement.close() returned 
2025-01-06 13:44:42.381 INFO  [restartedMain] l.log4j2 - 461. PreparedStatement.new PreparedStatement returned 
2025-01-06 13:44:42.381 INFO  [restartedMain] l.log4j2 - 461. Connection.prepareStatement(select * from `malldb`.`tbl_product` where 1=0) returned net.sf.log4jdbc.sql.jdbcapi.PreparedStatementSpy@6188da5
2025-01-06 13:44:42.383 INFO  [restartedMain] l.log4j2 - 461. select * from `malldb`.`tbl_product` where 1=0  {executed in 2 ms}
2025-01-06 13:44:42.383 INFO  [restartedMain] l.log4j2 - 461. ResultSet.new ResultSet returned 
2025-01-06 13:44:42.383 INFO  [restartedMain] l.log4j2 - 461. PreparedStatement.executeQuery() returned net.sf.log4jdbc.sql.jdbcapi.ResultSetSpy@5819e3dd
2025-01-06 13:44:42.383 INFO  [restartedMain] l.log4j2 - 461. ResultSet.getMetaData() returned org.mariadb.jdbc.client.result.ResultSetMetaData@74f139de
2025-01-06 13:44:42.384 INFO  [restartedMain] l.log4j2 - 
|----|---------|------|------|------|
|pno |del_flag |pdesc |pname |price |
|----|---------|------|------|------|
|----|---------|------|------|------|

2025-01-06 13:44:42.385 INFO  [restartedMain] l.log4j2 - 461. ResultSet.close() returned void
2025-01-06 13:44:42.385 INFO  [restartedMain] l.log4j2 - 461. PreparedStatement.close() returned 
2025-01-06 13:44:42.385 INFO  [restartedMain] l.log4j2 - 461. Connection.clearWarnings() returned 
2025-01-06 13:44:42.386 INFO  [restartedMain] o.s.o.j.LocalContainerEntityManagerFactoryBean - Initialized JPA EntityManagerFactory for persistence unit 'default'
2025-01-06 13:44:42.390 INFO  [HikariPool-29 connection adder] l.log4j2 - 462. Connection opened. {executed in 5ms} 
2025-01-06 13:44:42.390 INFO  [HikariPool-29 connection adder] l.log4j2 - 462. Connection.new Connection returned 
2025-01-06 13:44:42.390 INFO  [HikariPool-29 connection adder] l.log4j2 - 462. Connection.isReadOnly() returned false
2025-01-06 13:44:42.390 INFO  [HikariPool-29 connection adder] l.log4j2 - 462. Connection.getAutoCommit() returned true
2025-01-06 13:44:42.417 INFO  [HikariPool-29 connection adder] l.log4j2 - 463. Connection opened. {executed in 4ms} 
2025-01-06 13:44:42.417 INFO  [HikariPool-29 connection adder] l.log4j2 - 463. Connection.new Connection returned 
2025-01-06 13:44:42.417 INFO  [HikariPool-29 connection adder] l.log4j2 - 463. Connection.isReadOnly() returned false
2025-01-06 13:44:42.417 INFO  [HikariPool-29 connection adder] l.log4j2 - 463. Connection.getAutoCommit() returned true
2025-01-06 13:44:42.442 INFO  [HikariPool-29 connection adder] l.log4j2 - 464. Connection opened. {executed in 3ms} 
2025-01-06 13:44:42.442 INFO  [HikariPool-29 connection adder] l.log4j2 - 464. Connection.new Connection returned 
2025-01-06 13:44:42.442 INFO  [HikariPool-29 connection adder] l.log4j2 - 464. Connection.isReadOnly() returned false
2025-01-06 13:44:42.442 INFO  [HikariPool-29 connection adder] l.log4j2 - 464. Connection.getAutoCommit() returned true
2025-01-06 13:44:42.457 INFO  [HikariPool-29 connection adder] l.log4j2 - 465. Connection opened. {executed in 3ms} 
2025-01-06 13:44:42.457 INFO  [HikariPool-29 connection adder] l.log4j2 - 465. Connection.new Connection returned 
2025-01-06 13:44:42.457 INFO  [HikariPool-29 connection adder] l.log4j2 - 465. Connection.isReadOnly() returned false
2025-01-06 13:44:42.457 INFO  [HikariPool-29 connection adder] l.log4j2 - 465. Connection.getAutoCommit() returned true
2025-01-06 13:44:42.479 INFO  [HikariPool-29 connection adder] l.log4j2 - 466. Connection opened. {executed in 9ms} 
2025-01-06 13:44:42.479 INFO  [HikariPool-29 connection adder] l.log4j2 - 466. Connection.new Connection returned 
2025-01-06 13:44:42.479 INFO  [HikariPool-29 connection adder] l.log4j2 - 466. Connection.isReadOnly() returned false
2025-01-06 13:44:42.480 INFO  [HikariPool-29 connection adder] l.log4j2 - 466. Connection.getAutoCommit() returned true
2025-01-06 13:44:42.505 INFO  [restartedMain] o.z.m.u.CustomFileUtil - -------------------------------------
2025-01-06 13:44:42.505 INFO  [restartedMain] o.z.m.u.CustomFileUtil - C:\Users\ktcs\backend\mallapi\upload
2025-01-06 13:44:42.505 INFO  [HikariPool-29 connection adder] l.log4j2 - 467. Connection opened. {executed in 3ms} 
2025-01-06 13:44:42.505 INFO  [HikariPool-29 connection adder] l.log4j2 - 467. Connection.new Connection returned 
2025-01-06 13:44:42.505 INFO  [HikariPool-29 connection adder] l.log4j2 - 467. Connection.isReadOnly() returned false
2025-01-06 13:44:42.505 INFO  [HikariPool-29 connection adder] l.log4j2 - 467. Connection.getAutoCommit() returned true
2025-01-06 13:44:42.521 INFO  [HikariPool-29 connection adder] l.log4j2 - 468. Connection opened. {executed in 3ms} 
2025-01-06 13:44:42.521 INFO  [HikariPool-29 connection adder] l.log4j2 - 468. Connection.new Connection returned 
2025-01-06 13:44:42.521 INFO  [HikariPool-29 connection adder] l.log4j2 - 468. Connection.isReadOnly() returned false
2025-01-06 13:44:42.521 INFO  [HikariPool-29 connection adder] l.log4j2 - 468. Connection.getAutoCommit() returned true
2025-01-06 13:44:42.538 INFO  [HikariPool-29 connection adder] l.log4j2 - 469. Connection opened. {executed in 5ms} 
2025-01-06 13:44:42.538 INFO  [HikariPool-29 connection adder] l.log4j2 - 469. Connection.new Connection returned 
2025-01-06 13:44:42.538 INFO  [HikariPool-29 connection adder] l.log4j2 - 469. Connection.isReadOnly() returned false
2025-01-06 13:44:42.538 INFO  [HikariPool-29 connection adder] l.log4j2 - 469. Connection.getAutoCommit() returned true
2025-01-06 13:44:42.560 INFO  [HikariPool-29 connection adder] l.log4j2 - 470. Connection opened. {executed in 7ms} 
2025-01-06 13:44:42.560 INFO  [HikariPool-29 connection adder] l.log4j2 - 470. Connection.new Connection returned 
2025-01-06 13:44:42.560 INFO  [HikariPool-29 connection adder] l.log4j2 - 470. Connection.isReadOnly() returned false
2025-01-06 13:44:42.560 INFO  [HikariPool-29 connection adder] l.log4j2 - 470. Connection.getAutoCommit() returned true
2025-01-06 13:44:42.595 WARN  [restartedMain] o.s.b.a.o.j.JpaBaseConfiguration$JpaWebConfiguration - spring.jpa.open-in-view is enabled by default. Therefore, database queries may be performed during view rendering. Explicitly configure spring.jpa.open-in-view to disable this warning
2025-01-06 13:44:42.645 INFO  [restartedMain] o.z.m.c.CustomSecurityConfig - ---------------------security config---------------------------
2025-01-06 13:44:42.694 INFO  [restartedMain] o.s.s.w.DefaultSecurityFilterChain - Will secure any request with [org.springframework.security.web.session.DisableEncodeUrlFilter@5c6c238a, org.springframework.security.web.context.request.async.WebAsyncManagerIntegrationFilter@77316896, org.springframework.security.web.context.SecurityContextHolderFilter@17553c1, org.springframework.security.web.header.HeaderWriterFilter@1b80901f, org.springframework.web.filter.CorsFilter@72951369, org.springframework.security.web.authentication.logout.LogoutFilter@3847bccd, org.zerock.mallapi.security.filter.JWTCheckFilter@75ddf3d0, org.springframework.security.web.authentication.UsernamePasswordAuthenticationFilter@28c5f14a, org.springframework.security.web.savedrequest.RequestCacheAwareFilter@13906057, org.springframework.security.web.servletapi.SecurityContextHolderAwareRequestFilter@c8f1a52, org.springframework.security.web.authentication.AnonymousAuthenticationFilter@4810fe92, org.springframework.security.web.session.SessionManagementFilter@3e043276, org.springframework.security.web.access.ExceptionTranslationFilter@1750a4fc]
2025-01-06 13:44:42.954 INFO  [restartedMain] o.s.b.d.a.OptionalLiveReloadServer - LiveReload server is running on port 35729
2025-01-06 13:44:42.978 INFO  [restartedMain] o.s.b.w.e.t.TomcatWebServer - Tomcat started on port 8081 (http) with context path ''
2025-01-06 13:44:42.983 INFO  [restartedMain] o.z.m.MallapiApplication - Started MallapiApplication in 1.224 seconds (process running for 260119.607)
2025-01-06 13:44:42.987 INFO  [restartedMain] o.s.b.d.a.ConditionEvaluationDeltaLoggingListener - Condition evaluation unchanged
2025-01-06 13:44:53.797 INFO  [File Watcher] o.s.b.d.a.LocalDevToolsAutoConfiguration$RestartingClassPathChangeChangedEventListener - Restarting due to 1 class path change (0 additions, 1 deletion, 0 modifications)
2025-01-06 13:44:54.036 INFO  [Thread-115] o.s.o.j.LocalContainerEntityManagerFactoryBean - Closing JPA EntityManagerFactory for persistence unit 'default'
2025-01-06 13:44:54.037 INFO  [Thread-115] c.z.h.HikariDataSource - HikariPool-29 - Shutdown initiated...
2025-01-06 13:44:54.050 INFO  [HikariPool-29 connection closer] l.log4j2 - 461. Connection closed. {executed in 1ms} 
2025-01-06 13:44:54.052 INFO  [HikariPool-29 connection closer] l.log4j2 - 461. Connection.close() returned 
2025-01-06 13:44:54.058 INFO  [HikariPool-29 connection closer] l.log4j2 - 462. Connection closed. {executed in 6ms} 
2025-01-06 13:44:54.058 INFO  [HikariPool-29 connection closer] l.log4j2 - 462. Connection.close() returned 
2025-01-06 13:44:54.060 INFO  [HikariPool-29 connection closer] l.log4j2 - 463. Connection closed. {executed in 2ms} 
2025-01-06 13:44:54.060 INFO  [HikariPool-29 connection closer] l.log4j2 - 463. Connection.close() returned 
2025-01-06 13:44:54.061 INFO  [HikariPool-29 connection closer] l.log4j2 - 464. Connection closed. {executed in 1ms} 
2025-01-06 13:44:54.061 INFO  [HikariPool-29 connection closer] l.log4j2 - 464. Connection.close() returned 
2025-01-06 13:44:54.061 INFO  [HikariPool-29 connection closer] l.log4j2 - 465. Connection closed. {executed in 0ms} 
2025-01-06 13:44:54.061 INFO  [HikariPool-29 connection closer] l.log4j2 - 465. Connection.close() returned 
2025-01-06 13:44:54.061 INFO  [HikariPool-29 connection closer] l.log4j2 - 466. Connection closed. {executed in 0ms} 
2025-01-06 13:44:54.061 INFO  [HikariPool-29 connection closer] l.log4j2 - 466. Connection.close() returned 
2025-01-06 13:44:54.061 INFO  [HikariPool-29 connection closer] l.log4j2 - 467. Connection closed. {executed in 0ms} 
2025-01-06 13:44:54.061 INFO  [HikariPool-29 connection closer] l.log4j2 - 467. Connection.close() returned 
2025-01-06 13:44:54.062 INFO  [HikariPool-29 connection closer] l.log4j2 - 468. Connection closed. {executed in 1ms} 
2025-01-06 13:44:54.062 INFO  [HikariPool-29 connection closer] l.log4j2 - 468. Connection.close() returned 
2025-01-06 13:44:54.062 INFO  [HikariPool-29 connection closer] l.log4j2 - 469. Connection closed. {executed in 0ms} 
2025-01-06 13:44:54.062 INFO  [HikariPool-29 connection closer] l.log4j2 - 469. Connection.close() returned 
2025-01-06 13:44:54.062 INFO  [HikariPool-29 connection closer] l.log4j2 - 470. Connection closed. {executed in 0ms} 
2025-01-06 13:44:54.062 INFO  [HikariPool-29 connection closer] l.log4j2 - 470. Connection.close() returned 
2025-01-06 13:44:54.062 INFO  [Thread-115] c.z.h.HikariDataSource - HikariPool-29 - Shutdown completed.
2025-01-06 13:44:54.318 INFO  [restartedMain] o.z.m.MallapiApplication - Starting MallapiApplication using Java 17.0.12 with PID 10712 (C:\Users\ktcs\backend\mallapi\build\classes\java\main started by ktcs in C:\Users\ktcs\backend\mallapi)
2025-01-06 13:44:54.319 INFO  [restartedMain] o.z.m.MallapiApplication - No active profile set, falling back to 1 default profile: "default"
2025-01-06 13:44:54.742 INFO  [restartedMain] o.s.d.r.c.RepositoryConfigurationDelegate - Bootstrapping Spring Data JPA repositories in DEFAULT mode.
2025-01-06 13:44:54.774 INFO  [restartedMain] o.s.d.r.c.RepositoryConfigurationDelegate - Finished Spring Data repository scanning in 41 ms. Found 3 JPA repository interfaces.
2025-01-06 13:44:55.024 INFO  [restartedMain] o.s.b.w.e.t.TomcatWebServer - Tomcat initialized with port 8081 (http)
2025-01-06 13:44:55.025 INFO  [restartedMain] o.a.c.c.StandardService - Starting service [Tomcat]
2025-01-06 13:44:55.025 INFO  [restartedMain] o.a.c.c.StandardEngine - Starting Servlet engine: [Apache Tomcat/10.1.28]
2025-01-06 13:44:55.134 INFO  [restartedMain] o.a.c.c.C.[.[.[/] - Initializing Spring embedded WebApplicationContext
2025-01-06 13:44:55.134 INFO  [restartedMain] o.s.b.w.s.c.ServletWebServerApplicationContext - Root WebApplicationContext: initialization completed in 811 ms
2025-01-06 13:44:55.349 INFO  [restartedMain] o.h.j.i.u.LogHelper - HHH000204: Processing PersistenceUnitInfo [name: default]
2025-01-06 13:44:55.355 INFO  [restartedMain] o.h.c.i.RegionFactoryInitiator - HHH000026: Second-level cache disabled
2025-01-06 13:44:55.366 INFO  [restartedMain] o.s.o.j.p.SpringPersistenceUnitInfo - No LoadTimeWeaver setup: ignoring JPA class transformer
2025-01-06 13:44:55.368 INFO  [restartedMain] c.z.h.HikariDataSource - HikariPool-30 - Starting...
2025-01-06 13:44:55.372 INFO  [restartedMain] l.log4j2 - 471. Connection opened. {executed in 4ms} 
2025-01-06 13:44:55.373 INFO  [restartedMain] l.log4j2 - 471. Connection.new Connection returned 
2025-01-06 13:44:55.373 INFO  [restartedMain] l.log4j2 - 471. Connection.getNetworkTimeout() returned 0
2025-01-06 13:44:55.373 INFO  [restartedMain] l.log4j2 - 471. Connection.isReadOnly() returned false
2025-01-06 13:44:55.373 INFO  [restartedMain] l.log4j2 - 471. Connection.getAutoCommit() returned true
2025-01-06 13:44:55.373 INFO  [restartedMain] l.log4j2 - 471. Connection.isValid(1) returned true
2025-01-06 13:44:55.373 INFO  [restartedMain] l.log4j2 - 471. Connection.getTransactionIsolation() returned 4
2025-01-06 13:44:55.374 INFO  [restartedMain] c.z.h.p.HikariPool - HikariPool-30 - Added connection net.sf.log4jdbc.sql.jdbcapi.ConnectionSpy@3cab275e
2025-01-06 13:44:55.374 INFO  [restartedMain] c.z.h.HikariDataSource - HikariPool-30 - Start completed.
2025-01-06 13:44:55.374 INFO  [restartedMain] l.log4j2 - 471. Connection.getMetaData() returned org.mariadb.jdbc.DatabaseMetaData@531e5a7c
2025-01-06 13:44:55.374 INFO  [restartedMain] l.log4j2 - 471. Statement.new Statement returned 
2025-01-06 13:44:55.374 INFO  [restartedMain] l.log4j2 - 471. Connection.createStatement() returned net.sf.log4jdbc.sql.jdbcapi.StatementSpy@38bb9e57
2025-01-06 13:44:55.374 INFO  [restartedMain] l.log4j2 - 471. SELECT @@character_set_database, @@sql_mode  {executed in 0 ms}
2025-01-06 13:44:55.374 INFO  [restartedMain] l.log4j2 - 471. ResultSet.new ResultSet returned 
2025-01-06 13:44:55.374 INFO  [restartedMain] l.log4j2 - 471. Statement.executeQuery(SELECT @@character_set_database, @@sql_mode) returned net.sf.log4jdbc.sql.jdbcapi.ResultSetSpy@4b71d558
2025-01-06 13:44:55.375 INFO  [restartedMain] l.log4j2 - 471. ResultSet.next() returned true
2025-01-06 13:44:55.375 INFO  [restartedMain] l.log4j2 - 471. ResultSet.getString(1) returned utf8
2025-01-06 13:44:55.375 INFO  [restartedMain] l.log4j2 - 471. ResultSet.getString(2) returned IGNORE_SPACE,STRICT_TRANS_TABLES,ERROR_FOR_DIVISION_BY_ZERO,NO_AUTO_CREATE_USER,NO_ENGINE_SUBSTITUTION
2025-01-06 13:44:55.375 INFO  [restartedMain] l.log4j2 - 471. Statement.close() returned 
2025-01-06 13:44:55.375 INFO  [restartedMain] l.log4j2 - 471. Connection.getCatalog() returned malldb
2025-01-06 13:44:55.375 INFO  [restartedMain] l.log4j2 - 471. Connection.getSchema() returned null
2025-01-06 13:44:55.375 INFO  [restartedMain] l.log4j2 - 471. Connection.getSchema() returned null
2025-01-06 13:44:55.375 INFO  [restartedMain] l.log4j2 - 471. Connection.getMetaData() returned org.mariadb.jdbc.DatabaseMetaData@2e859abf
2025-01-06 13:44:55.375 INFO  [restartedMain] l.log4j2 - 471. Connection.createClob() returned 
2025-01-06 13:44:55.376 INFO  [restartedMain] l.log4j2 - 471. Connection.createNClob() returned 
2025-01-06 13:44:55.376 INFO  [restartedMain] l.log4j2 - 471. Connection.clearWarnings() returned 
2025-01-06 13:44:55.472 INFO  [restartedMain] o.h.e.t.j.p.i.JtaPlatformInitiator - HHH000489: No JTA platform available (set 'hibernate.transaction.jta.platform' to enable JTA platform integration)
2025-01-06 13:44:55.472 INFO  [restartedMain] l.log4j2 - 471. Connection.getAutoCommit() returned true
2025-01-06 13:44:55.472 INFO  [restartedMain] l.log4j2 - 471. PreparedStatement.new PreparedStatement returned 
2025-01-06 13:44:55.472 INFO  [restartedMain] l.log4j2 - 471. Connection.prepareStatement(select table_name from information_schema.TABLES where table_schema=database() and table_type='SEQUENCE') returned net.sf.log4jdbc.sql.jdbcapi.PreparedStatementSpy@7ca209d9
2025-01-06 13:44:55.472 INFO  [restartedMain] l.log4j2 - 471. select table_name from information_schema.TABLES where table_schema=database() and table_type='SEQUENCE'  {executed in 0 ms}
2025-01-06 13:44:55.472 INFO  [restartedMain] l.log4j2 - 471. ResultSet.new ResultSet returned 
2025-01-06 13:44:55.472 INFO  [restartedMain] l.log4j2 - 471. PreparedStatement.executeQuery() returned net.sf.log4jdbc.sql.jdbcapi.ResultSetSpy@7f0fa18c
2025-01-06 13:44:55.472 INFO  [restartedMain] l.log4j2 - 
|-----------|
|table_name |
|-----------|
|-----------|

2025-01-06 13:44:55.472 INFO  [restartedMain] l.log4j2 - 471. ResultSet.next() returned false
2025-01-06 13:44:55.472 INFO  [restartedMain] l.log4j2 - 471. ResultSet.close() returned void
2025-01-06 13:44:55.472 INFO  [restartedMain] l.log4j2 - 471. PreparedStatement.close() returned 
2025-01-06 13:44:55.472 INFO  [restartedMain] l.log4j2 - 471. Connection.getMetaData() returned org.mariadb.jdbc.DatabaseMetaData@2dd8865
2025-01-06 13:44:55.493 INFO  [HikariPool-30 connection adder] l.log4j2 - 472. Connection opened. {executed in 4ms} 
2025-01-06 13:44:55.494 INFO  [HikariPool-30 connection adder] l.log4j2 - 472. Connection.new Connection returned 
2025-01-06 13:44:55.494 INFO  [HikariPool-30 connection adder] l.log4j2 - 472. Connection.isReadOnly() returned false
2025-01-06 13:44:55.494 INFO  [HikariPool-30 connection adder] l.log4j2 - 472. Connection.getAutoCommit() returned true
2025-01-06 13:44:55.522 INFO  [HikariPool-30 connection adder] l.log4j2 - 473. Connection opened. {executed in 4ms} 
2025-01-06 13:44:55.523 INFO  [HikariPool-30 connection adder] l.log4j2 - 473. Connection.new Connection returned 
2025-01-06 13:44:55.523 INFO  [HikariPool-30 connection adder] l.log4j2 - 473. Connection.isReadOnly() returned false
2025-01-06 13:44:55.523 INFO  [HikariPool-30 connection adder] l.log4j2 - 473. Connection.getAutoCommit() returned true
2025-01-06 13:44:55.545 INFO  [restartedMain] l.log4j2 - 471. PreparedStatement.new PreparedStatement returned 
2025-01-06 13:44:55.545 INFO  [restartedMain] l.log4j2 - 471. Connection.prepareStatement(select * from `malldb`.`member` where 1=0) returned net.sf.log4jdbc.sql.jdbcapi.PreparedStatementSpy@3b5ea8ae
2025-01-06 13:44:55.547 INFO  [restartedMain] l.log4j2 - 471. select * from `malldb`.`member` where 1=0  {executed in 2 ms}
2025-01-06 13:44:55.547 INFO  [restartedMain] l.log4j2 - 471. ResultSet.new ResultSet returned 
2025-01-06 13:44:55.547 INFO  [restartedMain] l.log4j2 - 471. PreparedStatement.executeQuery() returned net.sf.log4jdbc.sql.jdbcapi.ResultSetSpy@39df7d88
2025-01-06 13:44:55.547 INFO  [restartedMain] l.log4j2 - 471. ResultSet.getMetaData() returned org.mariadb.jdbc.client.result.ResultSetMetaData@57af4476
2025-01-06 13:44:55.548 INFO  [restartedMain] l.log4j2 - 
|------|---------|---|-------|
|email |nickname |pw |social |
|------|---------|---|-------|
|------|---------|---|-------|

2025-01-06 13:44:55.548 INFO  [restartedMain] l.log4j2 - 471. ResultSet.close() returned void
2025-01-06 13:44:55.548 INFO  [restartedMain] l.log4j2 - 471. PreparedStatement.close() returned 
2025-01-06 13:44:55.552 INFO  [restartedMain] l.log4j2 - 471. PreparedStatement.new PreparedStatement returned 
2025-01-06 13:44:55.552 INFO  [restartedMain] l.log4j2 - 471. Connection.prepareStatement(select * from `malldb`.`tbl_product` where 1=0) returned net.sf.log4jdbc.sql.jdbcapi.PreparedStatementSpy@3a7dd04a
2025-01-06 13:44:55.552 INFO  [restartedMain] l.log4j2 - 471. select * from `malldb`.`tbl_product` where 1=0  {executed in 0 ms}
2025-01-06 13:44:55.552 INFO  [restartedMain] l.log4j2 - 471. ResultSet.new ResultSet returned 
2025-01-06 13:44:55.553 INFO  [restartedMain] l.log4j2 - 471. PreparedStatement.executeQuery() returned net.sf.log4jdbc.sql.jdbcapi.ResultSetSpy@788cd9b0
2025-01-06 13:44:55.553 INFO  [restartedMain] l.log4j2 - 471. ResultSet.getMetaData() returned org.mariadb.jdbc.client.result.ResultSetMetaData@55adbe23
2025-01-06 13:44:55.553 INFO  [restartedMain] l.log4j2 - 
|----|---------|------|------|------|
|pno |del_flag |pdesc |pname |price |
|----|---------|------|------|------|
|----|---------|------|------|------|

2025-01-06 13:44:55.553 INFO  [restartedMain] l.log4j2 - 471. ResultSet.close() returned void
2025-01-06 13:44:55.553 INFO  [restartedMain] l.log4j2 - 471. PreparedStatement.close() returned 
2025-01-06 13:44:55.553 INFO  [restartedMain] l.log4j2 - 471. Connection.clearWarnings() returned 
2025-01-06 13:44:55.554 INFO  [restartedMain] o.s.o.j.LocalContainerEntityManagerFactoryBean - Initialized JPA EntityManagerFactory for persistence unit 'default'
2025-01-06 13:44:55.555 INFO  [HikariPool-30 connection adder] l.log4j2 - 474. Connection opened. {executed in 21ms} 
2025-01-06 13:44:55.555 INFO  [HikariPool-30 connection adder] l.log4j2 - 474. Connection.new Connection returned 
2025-01-06 13:44:55.555 INFO  [HikariPool-30 connection adder] l.log4j2 - 474. Connection.isReadOnly() returned false
2025-01-06 13:44:55.555 INFO  [HikariPool-30 connection adder] l.log4j2 - 474. Connection.getAutoCommit() returned true
2025-01-06 13:44:55.590 INFO  [HikariPool-30 connection adder] l.log4j2 - 475. Connection opened. {executed in 20ms} 
2025-01-06 13:44:55.590 INFO  [HikariPool-30 connection adder] l.log4j2 - 475. Connection.new Connection returned 
2025-01-06 13:44:55.590 INFO  [HikariPool-30 connection adder] l.log4j2 - 475. Connection.isReadOnly() returned false
2025-01-06 13:44:55.591 INFO  [HikariPool-30 connection adder] l.log4j2 - 475. Connection.getAutoCommit() returned true
2025-01-06 13:44:55.619 INFO  [HikariPool-30 connection adder] l.log4j2 - 476. Connection opened. {executed in 3ms} 
2025-01-06 13:44:55.619 INFO  [HikariPool-30 connection adder] l.log4j2 - 476. Connection.new Connection returned 
2025-01-06 13:44:55.619 INFO  [HikariPool-30 connection adder] l.log4j2 - 476. Connection.isReadOnly() returned false
2025-01-06 13:44:55.619 INFO  [HikariPool-30 connection adder] l.log4j2 - 476. Connection.getAutoCommit() returned true
2025-01-06 13:44:55.637 INFO  [HikariPool-30 connection adder] l.log4j2 - 477. Connection opened. {executed in 5ms} 
2025-01-06 13:44:55.637 INFO  [HikariPool-30 connection adder] l.log4j2 - 477. Connection.new Connection returned 
2025-01-06 13:44:55.637 INFO  [HikariPool-30 connection adder] l.log4j2 - 477. Connection.isReadOnly() returned false
2025-01-06 13:44:55.637 INFO  [HikariPool-30 connection adder] l.log4j2 - 477. Connection.getAutoCommit() returned true
2025-01-06 13:44:55.668 INFO  [HikariPool-30 connection adder] l.log4j2 - 478. Connection opened. {executed in 12ms} 
2025-01-06 13:44:55.668 INFO  [HikariPool-30 connection adder] l.log4j2 - 478. Connection.new Connection returned 
2025-01-06 13:44:55.668 INFO  [HikariPool-30 connection adder] l.log4j2 - 478. Connection.isReadOnly() returned false
2025-01-06 13:44:55.668 INFO  [HikariPool-30 connection adder] l.log4j2 - 478. Connection.getAutoCommit() returned true
2025-01-06 13:44:55.840 INFO  [restartedMain] o.z.m.u.CustomFileUtil - -------------------------------------
2025-01-06 13:44:55.841 INFO  [restartedMain] o.z.m.u.CustomFileUtil - C:\Users\ktcs\backend\mallapi\upload
2025-01-06 13:44:55.866 INFO  [HikariPool-30 connection adder] l.log4j2 - 479. Connection opened. {executed in 183ms} 
2025-01-06 13:44:55.867 INFO  [HikariPool-30 connection adder] l.log4j2 - 479. Connection.new Connection returned 
2025-01-06 13:44:55.867 INFO  [HikariPool-30 connection adder] l.log4j2 - 479. Connection.isReadOnly() returned false
2025-01-06 13:44:55.867 INFO  [HikariPool-30 connection adder] l.log4j2 - 479. Connection.getAutoCommit() returned true
2025-01-06 13:44:55.884 INFO  [HikariPool-30 connection adder] l.log4j2 - 480. Connection opened. {executed in 0ms} 
2025-01-06 13:44:55.884 INFO  [HikariPool-30 connection adder] l.log4j2 - 480. Connection.new Connection returned 
2025-01-06 13:44:55.884 INFO  [HikariPool-30 connection adder] l.log4j2 - 480. Connection.isReadOnly() returned false
2025-01-06 13:44:55.884 INFO  [HikariPool-30 connection adder] l.log4j2 - 480. Connection.getAutoCommit() returned true
2025-01-06 13:44:56.226 WARN  [restartedMain] o.s.b.w.s.c.AnnotationConfigServletWebServerApplicationContext - Exception encountered during context initialization - cancelling refresh attempt: org.springframework.beans.factory.UnsatisfiedDependencyException: Error creating bean with name 'socialController' defined in file [C:\Users\ktcs\backend\mallapi\build\classes\java\main\org\zerock\mallapi\controller\SocialController.class]: Unsatisfied dependency expressed through constructor parameter 0: No qualifying bean of type 'org.zerock.mallapi.service.MemberService' available: expected at least 1 bean which qualifies as autowire candidate. Dependency annotations: {}
2025-01-06 13:44:56.227 INFO  [restartedMain] o.s.o.j.LocalContainerEntityManagerFactoryBean - Closing JPA EntityManagerFactory for persistence unit 'default'
2025-01-06 13:44:56.227 INFO  [restartedMain] c.z.h.HikariDataSource - HikariPool-30 - Shutdown initiated...
2025-01-06 13:44:56.231 INFO  [HikariPool-30 connection closer] l.log4j2 - 471. Connection closed. {executed in 1ms} 
2025-01-06 13:44:56.231 INFO  [HikariPool-30 connection closer] l.log4j2 - 471. Connection.close() returned 
2025-01-06 13:44:56.231 INFO  [HikariPool-30 connection closer] l.log4j2 - 472. Connection closed. {executed in 0ms} 
2025-01-06 13:44:57.818 INFO  [HikariPool-30 connection closer] l.log4j2 - 472. Connection.close() returned 
2025-01-06 13:44:57.823 INFO  [HikariPool-30 connection closer] l.log4j2 - 473. Connection closed. {executed in 4ms} 
2025-01-06 13:44:57.823 INFO  [HikariPool-30 connection closer] l.log4j2 - 473. Connection.close() returned 
2025-01-06 13:44:57.826 INFO  [HikariPool-30 connection closer] l.log4j2 - 474. Connection closed. {executed in 3ms} 
2025-01-06 13:44:57.826 INFO  [HikariPool-30 connection closer] l.log4j2 - 474. Connection.close() returned 
2025-01-06 13:44:57.827 INFO  [HikariPool-30 connection closer] l.log4j2 - 475. Connection closed. {executed in 1ms} 
2025-01-06 13:44:57.827 INFO  [HikariPool-30 connection closer] l.log4j2 - 475. Connection.close() returned 
2025-01-06 13:44:57.833 INFO  [HikariPool-30 connection closer] l.log4j2 - 476. Connection closed. {executed in 6ms} 
2025-01-06 13:44:57.833 INFO  [HikariPool-30 connection closer] l.log4j2 - 476. Connection.close() returned 
2025-01-06 13:44:57.834 INFO  [HikariPool-30 connection closer] l.log4j2 - 477. Connection closed. {executed in 1ms} 
2025-01-06 13:44:57.834 INFO  [HikariPool-30 connection closer] l.log4j2 - 477. Connection.close() returned 
2025-01-06 13:44:57.834 INFO  [HikariPool-30 connection closer] l.log4j2 - 478. Connection closed. {executed in 0ms} 
2025-01-06 13:44:57.834 INFO  [HikariPool-30 connection closer] l.log4j2 - 478. Connection.close() returned 
2025-01-06 13:44:57.834 INFO  [HikariPool-30 connection closer] l.log4j2 - 479. Connection closed. {executed in 0ms} 
2025-01-06 13:44:57.834 INFO  [HikariPool-30 connection closer] l.log4j2 - 479. Connection.close() returned 
2025-01-06 13:44:57.836 INFO  [HikariPool-30 connection closer] l.log4j2 - 480. Connection closed. {executed in 2ms} 
2025-01-06 13:44:57.836 INFO  [HikariPool-30 connection closer] l.log4j2 - 480. Connection.close() returned 
2025-01-06 13:44:57.836 INFO  [restartedMain] c.z.h.HikariDataSource - HikariPool-30 - Shutdown completed.
2025-01-06 13:44:57.837 INFO  [restartedMain] o.a.c.c.StandardService - Stopping service [Tomcat]
2025-01-06 13:44:57.847 INFO  [restartedMain] o.s.b.a.l.ConditionEvaluationReportLogger - 

Error starting ApplicationContext. To display the condition evaluation report re-run your application with 'debug' enabled.
2025-01-06 13:44:58.147 ERROR [restartedMain] o.s.b.d.LoggingFailureAnalysisReporter - 

***************************
APPLICATION FAILED TO START
***************************

Description:

Parameter 0 of constructor in org.zerock.mallapi.controller.SocialController required a bean of type 'org.zerock.mallapi.service.MemberService' that could not be found.


Action:

Consider defining a bean of type 'org.zerock.mallapi.service.MemberService' in your configuration.

2025-01-06 13:45:00.472 INFO  [restartedMain] o.z.m.MallapiApplication - Starting MallapiApplication using Java 17.0.12 with PID 10712 (C:\Users\ktcs\backend\mallapi\build\classes\java\main started by ktcs in C:\Users\ktcs\backend\mallapi)
2025-01-06 13:45:00.473 INFO  [restartedMain] o.z.m.MallapiApplication - No active profile set, falling back to 1 default profile: "default"
2025-01-06 13:45:00.882 INFO  [restartedMain] o.s.d.r.c.RepositoryConfigurationDelegate - Bootstrapping Spring Data JPA repositories in DEFAULT mode.
2025-01-06 13:45:00.925 INFO  [restartedMain] o.s.d.r.c.RepositoryConfigurationDelegate - Finished Spring Data repository scanning in 42 ms. Found 3 JPA repository interfaces.
2025-01-06 13:45:01.164 INFO  [restartedMain] o.s.b.w.e.t.TomcatWebServer - Tomcat initialized with port 8081 (http)
2025-01-06 13:45:01.167 INFO  [restartedMain] o.a.c.c.StandardService - Starting service [Tomcat]
2025-01-06 13:45:01.167 INFO  [restartedMain] o.a.c.c.StandardEngine - Starting Servlet engine: [Apache Tomcat/10.1.28]
2025-01-06 13:45:01.233 INFO  [restartedMain] o.a.c.c.C.[.[.[/] - Initializing Spring embedded WebApplicationContext
2025-01-06 13:45:01.233 INFO  [restartedMain] o.s.b.w.s.c.ServletWebServerApplicationContext - Root WebApplicationContext: initialization completed in 758 ms
2025-01-06 13:45:01.354 INFO  [restartedMain] o.h.j.i.u.LogHelper - HHH000204: Processing PersistenceUnitInfo [name: default]
2025-01-06 13:45:01.361 INFO  [restartedMain] o.h.c.i.RegionFactoryInitiator - HHH000026: Second-level cache disabled
2025-01-06 13:45:01.369 INFO  [restartedMain] o.s.o.j.p.SpringPersistenceUnitInfo - No LoadTimeWeaver setup: ignoring JPA class transformer
2025-01-06 13:45:01.370 INFO  [restartedMain] c.z.h.HikariDataSource - HikariPool-31 - Starting...
2025-01-06 13:45:01.375 INFO  [restartedMain] l.log4j2 - 481. Connection opened. {executed in 4ms} 
2025-01-06 13:45:01.375 INFO  [restartedMain] l.log4j2 - 481. Connection.new Connection returned 
2025-01-06 13:45:01.375 INFO  [restartedMain] l.log4j2 - 481. Connection.getNetworkTimeout() returned 0
2025-01-06 13:45:01.376 INFO  [restartedMain] l.log4j2 - 481. Connection.isReadOnly() returned false
2025-01-06 13:45:01.376 INFO  [restartedMain] l.log4j2 - 481. Connection.getAutoCommit() returned true
2025-01-06 13:45:01.377 INFO  [restartedMain] l.log4j2 - 481. Connection.isValid(1) returned true
2025-01-06 13:45:01.377 INFO  [restartedMain] l.log4j2 - 481. Connection.getTransactionIsolation() returned 4
2025-01-06 13:45:01.378 INFO  [restartedMain] c.z.h.p.HikariPool - HikariPool-31 - Added connection net.sf.log4jdbc.sql.jdbcapi.ConnectionSpy@59762929
2025-01-06 13:45:01.378 INFO  [restartedMain] c.z.h.HikariDataSource - HikariPool-31 - Start completed.
2025-01-06 13:45:01.378 INFO  [restartedMain] l.log4j2 - 481. Connection.getMetaData() returned org.mariadb.jdbc.DatabaseMetaData@10a4dfb4
2025-01-06 13:45:01.378 INFO  [restartedMain] l.log4j2 - 481. Statement.new Statement returned 
2025-01-06 13:45:01.378 INFO  [restartedMain] l.log4j2 - 481. Connection.createStatement() returned net.sf.log4jdbc.sql.jdbcapi.StatementSpy@399e1145
2025-01-06 13:45:01.379 INFO  [restartedMain] l.log4j2 - 481. SELECT @@character_set_database, @@sql_mode  {executed in 1 ms}
2025-01-06 13:45:01.379 INFO  [restartedMain] l.log4j2 - 481. ResultSet.new ResultSet returned 
2025-01-06 13:45:01.379 INFO  [restartedMain] l.log4j2 - 481. Statement.executeQuery(SELECT @@character_set_database, @@sql_mode) returned net.sf.log4jdbc.sql.jdbcapi.ResultSetSpy@2c372430
2025-01-06 13:45:01.379 INFO  [restartedMain] l.log4j2 - 481. ResultSet.next() returned true
2025-01-06 13:45:01.379 INFO  [restartedMain] l.log4j2 - 481. ResultSet.getString(1) returned utf8
2025-01-06 13:45:01.379 INFO  [restartedMain] l.log4j2 - 481. ResultSet.getString(2) returned IGNORE_SPACE,STRICT_TRANS_TABLES,ERROR_FOR_DIVISION_BY_ZERO,NO_AUTO_CREATE_USER,NO_ENGINE_SUBSTITUTION
2025-01-06 13:45:01.379 INFO  [restartedMain] l.log4j2 - 481. Statement.close() returned 
2025-01-06 13:45:01.380 INFO  [restartedMain] l.log4j2 - 481. Connection.getCatalog() returned malldb
2025-01-06 13:45:01.380 INFO  [restartedMain] l.log4j2 - 481. Connection.getSchema() returned null
2025-01-06 13:45:01.380 INFO  [restartedMain] l.log4j2 - 481. Connection.getSchema() returned null
2025-01-06 13:45:01.380 INFO  [restartedMain] l.log4j2 - 481. Connection.getMetaData() returned org.mariadb.jdbc.DatabaseMetaData@44606ffe
2025-01-06 13:45:01.380 INFO  [restartedMain] l.log4j2 - 481. Connection.createClob() returned 
2025-01-06 13:45:01.380 INFO  [restartedMain] l.log4j2 - 481. Connection.createNClob() returned 
2025-01-06 13:45:01.380 INFO  [restartedMain] l.log4j2 - 481. Connection.clearWarnings() returned 
2025-01-06 13:45:01.450 INFO  [restartedMain] o.h.e.t.j.p.i.JtaPlatformInitiator - HHH000489: No JTA platform available (set 'hibernate.transaction.jta.platform' to enable JTA platform integration)
2025-01-06 13:45:01.455 INFO  [restartedMain] l.log4j2 - 481. Connection.getAutoCommit() returned true
2025-01-06 13:45:01.455 INFO  [restartedMain] l.log4j2 - 481. PreparedStatement.new PreparedStatement returned 
2025-01-06 13:45:01.455 INFO  [restartedMain] l.log4j2 - 481. Connection.prepareStatement(select table_name from information_schema.TABLES where table_schema=database() and table_type='SEQUENCE') returned net.sf.log4jdbc.sql.jdbcapi.PreparedStatementSpy@7f5c73aa
2025-01-06 13:45:01.456 INFO  [restartedMain] l.log4j2 - 481. select table_name from information_schema.TABLES where table_schema=database() and table_type='SEQUENCE'  {executed in 1 ms}
2025-01-06 13:45:01.457 INFO  [restartedMain] l.log4j2 - 481. ResultSet.new ResultSet returned 
2025-01-06 13:45:01.457 INFO  [restartedMain] l.log4j2 - 481. PreparedStatement.executeQuery() returned net.sf.log4jdbc.sql.jdbcapi.ResultSetSpy@5e87129d
2025-01-06 13:45:01.457 INFO  [restartedMain] l.log4j2 - 
|-----------|
|table_name |
|-----------|
|-----------|

2025-01-06 13:45:01.457 INFO  [restartedMain] l.log4j2 - 481. ResultSet.next() returned false
2025-01-06 13:45:01.457 INFO  [restartedMain] l.log4j2 - 481. ResultSet.close() returned void
2025-01-06 13:45:01.457 INFO  [restartedMain] l.log4j2 - 481. PreparedStatement.close() returned 
2025-01-06 13:45:01.457 INFO  [restartedMain] l.log4j2 - 481. Connection.getMetaData() returned org.mariadb.jdbc.DatabaseMetaData@5ceb2b92
2025-01-06 13:45:01.486 INFO  [restartedMain] l.log4j2 - 481. PreparedStatement.new PreparedStatement returned 
2025-01-06 13:45:01.486 INFO  [restartedMain] l.log4j2 - 481. Connection.prepareStatement(select * from `malldb`.`member` where 1=0) returned net.sf.log4jdbc.sql.jdbcapi.PreparedStatementSpy@46ec951
2025-01-06 13:45:01.486 INFO  [restartedMain] l.log4j2 - 481. select * from `malldb`.`member` where 1=0  {executed in 0 ms}
2025-01-06 13:45:01.486 INFO  [restartedMain] l.log4j2 - 481. ResultSet.new ResultSet returned 
2025-01-06 13:45:01.486 INFO  [restartedMain] l.log4j2 - 481. PreparedStatement.executeQuery() returned net.sf.log4jdbc.sql.jdbcapi.ResultSetSpy@621b20bb
2025-01-06 13:45:01.487 INFO  [restartedMain] l.log4j2 - 481. ResultSet.getMetaData() returned org.mariadb.jdbc.client.result.ResultSetMetaData@672920d1
2025-01-06 13:45:01.487 INFO  [restartedMain] l.log4j2 - 
|------|---------|---|-------|
|email |nickname |pw |social |
|------|---------|---|-------|
|------|---------|---|-------|

2025-01-06 13:45:01.487 INFO  [restartedMain] l.log4j2 - 481. ResultSet.close() returned void
2025-01-06 13:45:01.487 INFO  [restartedMain] l.log4j2 - 481. PreparedStatement.close() returned 
2025-01-06 13:45:01.489 INFO  [restartedMain] l.log4j2 - 481. PreparedStatement.new PreparedStatement returned 
2025-01-06 13:45:01.489 INFO  [restartedMain] l.log4j2 - 481. Connection.prepareStatement(select * from `malldb`.`tbl_product` where 1=0) returned net.sf.log4jdbc.sql.jdbcapi.PreparedStatementSpy@140bf879
2025-01-06 13:45:01.490 INFO  [restartedMain] l.log4j2 - 481. select * from `malldb`.`tbl_product` where 1=0  {executed in 0 ms}
2025-01-06 13:45:01.490 INFO  [restartedMain] l.log4j2 - 481. ResultSet.new ResultSet returned 
2025-01-06 13:45:01.490 INFO  [restartedMain] l.log4j2 - 481. PreparedStatement.executeQuery() returned net.sf.log4jdbc.sql.jdbcapi.ResultSetSpy@2fae1cbb
2025-01-06 13:45:01.490 INFO  [restartedMain] l.log4j2 - 481. ResultSet.getMetaData() returned org.mariadb.jdbc.client.result.ResultSetMetaData@12f8e37
2025-01-06 13:45:01.490 INFO  [restartedMain] l.log4j2 - 
|----|---------|------|------|------|
|pno |del_flag |pdesc |pname |price |
|----|---------|------|------|------|
|----|---------|------|------|------|

2025-01-06 13:45:01.490 INFO  [restartedMain] l.log4j2 - 481. ResultSet.close() returned void
2025-01-06 13:45:01.490 INFO  [restartedMain] l.log4j2 - 481. PreparedStatement.close() returned 
2025-01-06 13:45:01.490 INFO  [restartedMain] l.log4j2 - 481. Connection.clearWarnings() returned 
2025-01-06 13:45:01.490 INFO  [restartedMain] o.s.o.j.LocalContainerEntityManagerFactoryBean - Initialized JPA EntityManagerFactory for persistence unit 'default'
2025-01-06 13:45:01.496 INFO  [HikariPool-31 connection adder] l.log4j2 - 482. Connection opened. {executed in 4ms} 
2025-01-06 13:45:01.497 INFO  [HikariPool-31 connection adder] l.log4j2 - 482. Connection.new Connection returned 
2025-01-06 13:45:01.497 INFO  [HikariPool-31 connection adder] l.log4j2 - 482. Connection.isReadOnly() returned false
2025-01-06 13:45:01.497 INFO  [HikariPool-31 connection adder] l.log4j2 - 482. Connection.getAutoCommit() returned true
2025-01-06 13:45:01.509 INFO  [HikariPool-31 connection adder] l.log4j2 - 483. Connection opened. {executed in 0ms} 
2025-01-06 13:45:01.509 INFO  [HikariPool-31 connection adder] l.log4j2 - 483. Connection.new Connection returned 
2025-01-06 13:45:01.509 INFO  [HikariPool-31 connection adder] l.log4j2 - 483. Connection.isReadOnly() returned false
2025-01-06 13:45:01.509 INFO  [HikariPool-31 connection adder] l.log4j2 - 483. Connection.getAutoCommit() returned true
2025-01-06 13:45:01.525 INFO  [HikariPool-31 connection adder] l.log4j2 - 484. Connection opened. {executed in 1ms} 
2025-01-06 13:45:01.525 INFO  [HikariPool-31 connection adder] l.log4j2 - 484. Connection.new Connection returned 
2025-01-06 13:45:01.525 INFO  [HikariPool-31 connection adder] l.log4j2 - 484. Connection.isReadOnly() returned false
2025-01-06 13:45:01.525 INFO  [HikariPool-31 connection adder] l.log4j2 - 484. Connection.getAutoCommit() returned true
2025-01-06 13:45:01.550 INFO  [HikariPool-31 connection adder] l.log4j2 - 485. Connection opened. {executed in 4ms} 
2025-01-06 13:45:01.550 INFO  [HikariPool-31 connection adder] l.log4j2 - 485. Connection.new Connection returned 
2025-01-06 13:45:01.550 INFO  [HikariPool-31 connection adder] l.log4j2 - 485. Connection.isReadOnly() returned false
2025-01-06 13:45:01.550 INFO  [HikariPool-31 connection adder] l.log4j2 - 485. Connection.getAutoCommit() returned true
2025-01-06 13:45:01.572 INFO  [HikariPool-31 connection adder] l.log4j2 - 486. Connection opened. {executed in 4ms} 
2025-01-06 13:45:01.572 INFO  [HikariPool-31 connection adder] l.log4j2 - 486. Connection.new Connection returned 
2025-01-06 13:45:01.572 INFO  [HikariPool-31 connection adder] l.log4j2 - 486. Connection.isReadOnly() returned false
2025-01-06 13:45:01.573 INFO  [HikariPool-31 connection adder] l.log4j2 - 486. Connection.getAutoCommit() returned true
2025-01-06 13:45:01.595 INFO  [HikariPool-31 connection adder] l.log4j2 - 487. Connection opened. {executed in 3ms} 
2025-01-06 13:45:01.595 INFO  [HikariPool-31 connection adder] l.log4j2 - 487. Connection.new Connection returned 
2025-01-06 13:45:01.595 INFO  [HikariPool-31 connection adder] l.log4j2 - 487. Connection.isReadOnly() returned false
2025-01-06 13:45:01.595 INFO  [HikariPool-31 connection adder] l.log4j2 - 487. Connection.getAutoCommit() returned true
2025-01-06 13:45:01.610 INFO  [HikariPool-31 connection adder] l.log4j2 - 488. Connection opened. {executed in 3ms} 
2025-01-06 13:45:01.610 INFO  [HikariPool-31 connection adder] l.log4j2 - 488. Connection.new Connection returned 
2025-01-06 13:45:01.610 INFO  [HikariPool-31 connection adder] l.log4j2 - 488. Connection.isReadOnly() returned false
2025-01-06 13:45:01.610 INFO  [HikariPool-31 connection adder] l.log4j2 - 488. Connection.getAutoCommit() returned true
2025-01-06 13:45:01.625 INFO  [HikariPool-31 connection adder] l.log4j2 - 489. Connection opened. {executed in 2ms} 
2025-01-06 13:45:01.625 INFO  [HikariPool-31 connection adder] l.log4j2 - 489. Connection.new Connection returned 
2025-01-06 13:45:01.625 INFO  [HikariPool-31 connection adder] l.log4j2 - 489. Connection.isReadOnly() returned false
2025-01-06 13:45:01.625 INFO  [HikariPool-31 connection adder] l.log4j2 - 489. Connection.getAutoCommit() returned true
2025-01-06 13:45:01.643 INFO  [HikariPool-31 connection adder] l.log4j2 - 490. Connection opened. {executed in 3ms} 
2025-01-06 13:45:01.643 INFO  [HikariPool-31 connection adder] l.log4j2 - 490. Connection.new Connection returned 
2025-01-06 13:45:01.643 INFO  [HikariPool-31 connection adder] l.log4j2 - 490. Connection.isReadOnly() returned false
2025-01-06 13:45:01.643 INFO  [HikariPool-31 connection adder] l.log4j2 - 490. Connection.getAutoCommit() returned true
2025-01-06 13:45:01.677 INFO  [restartedMain] o.z.m.u.CustomFileUtil - -------------------------------------
2025-01-06 13:45:01.677 INFO  [restartedMain] o.z.m.u.CustomFileUtil - C:\Users\ktcs\backend\mallapi\upload
2025-01-06 13:45:01.817 WARN  [restartedMain] o.s.b.a.o.j.JpaBaseConfiguration$JpaWebConfiguration - spring.jpa.open-in-view is enabled by default. Therefore, database queries may be performed during view rendering. Explicitly configure spring.jpa.open-in-view to disable this warning
2025-01-06 13:45:01.853 INFO  [restartedMain] o.z.m.c.CustomSecurityConfig - ---------------------security config---------------------------
2025-01-06 13:45:01.891 INFO  [restartedMain] o.s.s.w.DefaultSecurityFilterChain - Will secure any request with [org.springframework.security.web.session.DisableEncodeUrlFilter@7087cc1c, org.springframework.security.web.context.request.async.WebAsyncManagerIntegrationFilter@302ba3eb, org.springframework.security.web.context.SecurityContextHolderFilter@304cbc77, org.springframework.security.web.header.HeaderWriterFilter@33f9ca97, org.springframework.web.filter.CorsFilter@70780392, org.springframework.security.web.authentication.logout.LogoutFilter@b797d49, org.zerock.mallapi.security.filter.JWTCheckFilter@3a60d29c, org.springframework.security.web.authentication.UsernamePasswordAuthenticationFilter@39be7d9c, org.springframework.security.web.savedrequest.RequestCacheAwareFilter@2a5304ce, org.springframework.security.web.servletapi.SecurityContextHolderAwareRequestFilter@5783de61, org.springframework.security.web.authentication.AnonymousAuthenticationFilter@74490ee0, org.springframework.security.web.session.SessionManagementFilter@5f4ac87b, org.springframework.security.web.access.ExceptionTranslationFilter@5519f39b]
2025-01-06 13:45:02.294 INFO  [restartedMain] o.s.b.d.a.OptionalLiveReloadServer - LiveReload server is running on port 35729
2025-01-06 13:45:02.320 INFO  [restartedMain] o.s.b.w.e.t.TomcatWebServer - Tomcat started on port 8081 (http) with context path ''
2025-01-06 13:45:02.324 INFO  [restartedMain] o.z.m.MallapiApplication - Started MallapiApplication in 1.895 seconds (process running for 260138.948)
2025-01-06 13:45:02.326 INFO  [restartedMain] o.s.b.d.a.ConditionEvaluationDeltaLoggingListener - Condition evaluation unchanged
2025-01-06 13:45:22.388 INFO  [File Watcher] o.s.b.d.a.LocalDevToolsAutoConfiguration$RestartingClassPathChangeChangedEventListener - Restarting due to 1 class path change (0 additions, 1 deletion, 0 modifications)
2025-01-06 13:45:22.619 INFO  [Thread-119] o.s.o.j.LocalContainerEntityManagerFactoryBean - Closing JPA EntityManagerFactory for persistence unit 'default'
2025-01-06 13:45:22.619 INFO  [Thread-119] c.z.h.HikariDataSource - HikariPool-31 - Shutdown initiated...
2025-01-06 13:45:22.620 INFO  [HikariPool-31 connection closer] l.log4j2 - 481. Connection closed. {executed in 1ms} 
2025-01-06 13:45:22.620 INFO  [HikariPool-31 connection closer] l.log4j2 - 481. Connection.close() returned 
2025-01-06 13:45:22.620 INFO  [HikariPool-31 connection closer] l.log4j2 - 482. Connection closed. {executed in 0ms} 
2025-01-06 13:45:22.620 INFO  [HikariPool-31 connection closer] l.log4j2 - 482. Connection.close() returned 
2025-01-06 13:45:22.620 INFO  [HikariPool-31 connection closer] l.log4j2 - 483. Connection closed. {executed in 0ms} 
2025-01-06 13:45:22.620 INFO  [HikariPool-31 connection closer] l.log4j2 - 483. Connection.close() returned 
2025-01-06 13:45:22.620 INFO  [HikariPool-31 connection closer] l.log4j2 - 484. Connection closed. {executed in 0ms} 
2025-01-06 13:45:22.620 INFO  [HikariPool-31 connection closer] l.log4j2 - 484. Connection.close() returned 
2025-01-06 13:45:22.621 INFO  [HikariPool-31 connection closer] l.log4j2 - 485. Connection closed. {executed in 1ms} 
2025-01-06 13:45:22.621 INFO  [HikariPool-31 connection closer] l.log4j2 - 485. Connection.close() returned 
2025-01-06 13:45:22.621 INFO  [HikariPool-31 connection closer] l.log4j2 - 486. Connection closed. {executed in 0ms} 
2025-01-06 13:45:22.621 INFO  [HikariPool-31 connection closer] l.log4j2 - 486. Connection.close() returned 
2025-01-06 13:45:22.621 INFO  [HikariPool-31 connection closer] l.log4j2 - 487. Connection closed. {executed in 0ms} 
2025-01-06 13:45:22.621 INFO  [HikariPool-31 connection closer] l.log4j2 - 487. Connection.close() returned 
2025-01-06 13:45:22.621 INFO  [HikariPool-31 connection closer] l.log4j2 - 488. Connection closed. {executed in 0ms} 
2025-01-06 13:45:22.621 INFO  [HikariPool-31 connection closer] l.log4j2 - 488. Connection.close() returned 
2025-01-06 13:45:22.621 INFO  [HikariPool-31 connection closer] l.log4j2 - 489. Connection closed. {executed in 0ms} 
2025-01-06 13:45:22.621 INFO  [HikariPool-31 connection closer] l.log4j2 - 489. Connection.close() returned 
2025-01-06 13:45:22.622 INFO  [HikariPool-31 connection closer] l.log4j2 - 490. Connection closed. {executed in 1ms} 
2025-01-06 13:45:22.622 INFO  [HikariPool-31 connection closer] l.log4j2 - 490. Connection.close() returned 
2025-01-06 13:45:22.622 INFO  [Thread-119] c.z.h.HikariDataSource - HikariPool-31 - Shutdown completed.
2025-01-06 13:45:22.699 INFO  [restartedMain] o.z.m.MallapiApplication - Starting MallapiApplication using Java 17.0.12 with PID 10712 (C:\Users\ktcs\backend\mallapi\build\classes\java\main started by ktcs in C:\Users\ktcs\backend\mallapi)
2025-01-06 13:45:22.699 INFO  [restartedMain] o.z.m.MallapiApplication - No active profile set, falling back to 1 default profile: "default"
2025-01-06 13:45:22.958 INFO  [restartedMain] o.s.d.r.c.RepositoryConfigurationDelegate - Bootstrapping Spring Data JPA repositories in DEFAULT mode.
2025-01-06 13:45:22.984 INFO  [restartedMain] o.s.d.r.c.RepositoryConfigurationDelegate - Finished Spring Data repository scanning in 26 ms. Found 3 JPA repository interfaces.
2025-01-06 13:45:23.126 INFO  [restartedMain] o.s.b.w.e.t.TomcatWebServer - Tomcat initialized with port 8081 (http)
2025-01-06 13:45:23.127 INFO  [restartedMain] o.a.c.c.StandardService - Starting service [Tomcat]
2025-01-06 13:45:23.127 INFO  [restartedMain] o.a.c.c.StandardEngine - Starting Servlet engine: [Apache Tomcat/10.1.28]
2025-01-06 13:45:23.156 INFO  [restartedMain] o.a.c.c.C.[.[.[/] - Initializing Spring embedded WebApplicationContext
2025-01-06 13:45:23.156 INFO  [restartedMain] o.s.b.w.s.c.ServletWebServerApplicationContext - Root WebApplicationContext: initialization completed in 456 ms
2025-01-06 13:45:23.221 INFO  [restartedMain] o.h.j.i.u.LogHelper - HHH000204: Processing PersistenceUnitInfo [name: default]
2025-01-06 13:45:23.224 INFO  [restartedMain] o.h.c.i.RegionFactoryInitiator - HHH000026: Second-level cache disabled
2025-01-06 13:45:23.230 INFO  [restartedMain] o.s.o.j.p.SpringPersistenceUnitInfo - No LoadTimeWeaver setup: ignoring JPA class transformer
2025-01-06 13:45:23.231 INFO  [restartedMain] c.z.h.HikariDataSource - HikariPool-32 - Starting...
2025-01-06 13:45:23.236 INFO  [restartedMain] l.log4j2 - 491. Connection opened. {executed in 3ms} 
2025-01-06 13:45:23.237 INFO  [restartedMain] l.log4j2 - 491. Connection.new Connection returned 
2025-01-06 13:45:23.237 INFO  [restartedMain] l.log4j2 - 491. Connection.getNetworkTimeout() returned 0
2025-01-06 13:45:23.237 INFO  [restartedMain] l.log4j2 - 491. Connection.isReadOnly() returned false
2025-01-06 13:45:23.237 INFO  [restartedMain] l.log4j2 - 491. Connection.getAutoCommit() returned true
2025-01-06 13:45:23.237 INFO  [restartedMain] l.log4j2 - 491. Connection.isValid(1) returned true
2025-01-06 13:45:23.237 INFO  [restartedMain] l.log4j2 - 491. Connection.getTransactionIsolation() returned 4
2025-01-06 13:45:23.238 INFO  [restartedMain] c.z.h.p.HikariPool - HikariPool-32 - Added connection net.sf.log4jdbc.sql.jdbcapi.ConnectionSpy@70a5d536
2025-01-06 13:45:23.238 INFO  [restartedMain] c.z.h.HikariDataSource - HikariPool-32 - Start completed.
2025-01-06 13:45:23.238 INFO  [restartedMain] l.log4j2 - 491. Connection.getMetaData() returned org.mariadb.jdbc.DatabaseMetaData@721001fe
2025-01-06 13:45:23.238 INFO  [restartedMain] l.log4j2 - 491. Statement.new Statement returned 
2025-01-06 13:45:23.238 INFO  [restartedMain] l.log4j2 - 491. Connection.createStatement() returned net.sf.log4jdbc.sql.jdbcapi.StatementSpy@19087973
2025-01-06 13:45:23.239 INFO  [restartedMain] l.log4j2 - 491. SELECT @@character_set_database, @@sql_mode  {executed in 0 ms}
2025-01-06 13:45:23.239 INFO  [restartedMain] l.log4j2 - 491. ResultSet.new ResultSet returned 
2025-01-06 13:45:23.239 INFO  [restartedMain] l.log4j2 - 491. Statement.executeQuery(SELECT @@character_set_database, @@sql_mode) returned net.sf.log4jdbc.sql.jdbcapi.ResultSetSpy@499f47c9
2025-01-06 13:45:23.239 INFO  [restartedMain] l.log4j2 - 491. ResultSet.next() returned true
2025-01-06 13:45:23.239 INFO  [restartedMain] l.log4j2 - 491. ResultSet.getString(1) returned utf8
2025-01-06 13:45:23.239 INFO  [restartedMain] l.log4j2 - 491. ResultSet.getString(2) returned IGNORE_SPACE,STRICT_TRANS_TABLES,ERROR_FOR_DIVISION_BY_ZERO,NO_AUTO_CREATE_USER,NO_ENGINE_SUBSTITUTION
2025-01-06 13:45:23.239 INFO  [restartedMain] l.log4j2 - 491. Statement.close() returned 
2025-01-06 13:45:23.240 INFO  [restartedMain] l.log4j2 - 491. Connection.getCatalog() returned malldb
2025-01-06 13:45:23.240 INFO  [restartedMain] l.log4j2 - 491. Connection.getSchema() returned null
2025-01-06 13:45:23.240 INFO  [restartedMain] l.log4j2 - 491. Connection.getSchema() returned null
2025-01-06 13:45:23.240 INFO  [restartedMain] l.log4j2 - 491. Connection.getMetaData() returned org.mariadb.jdbc.DatabaseMetaData@174d27a9
2025-01-06 13:45:23.240 INFO  [restartedMain] l.log4j2 - 491. Connection.createClob() returned 
2025-01-06 13:45:23.240 INFO  [restartedMain] l.log4j2 - 491. Connection.createNClob() returned 
2025-01-06 13:45:23.240 INFO  [restartedMain] l.log4j2 - 491. Connection.clearWarnings() returned 
2025-01-06 13:45:23.310 INFO  [restartedMain] o.h.e.t.j.p.i.JtaPlatformInitiator - HHH000489: No JTA platform available (set 'hibernate.transaction.jta.platform' to enable JTA platform integration)
2025-01-06 13:45:23.312 INFO  [restartedMain] l.log4j2 - 491. Connection.getAutoCommit() returned true
2025-01-06 13:45:23.312 INFO  [restartedMain] l.log4j2 - 491. PreparedStatement.new PreparedStatement returned 
2025-01-06 13:45:23.312 INFO  [restartedMain] l.log4j2 - 491. Connection.prepareStatement(select table_name from information_schema.TABLES where table_schema=database() and table_type='SEQUENCE') returned net.sf.log4jdbc.sql.jdbcapi.PreparedStatementSpy@4d8a794
2025-01-06 13:45:23.313 INFO  [restartedMain] l.log4j2 - 491. select table_name from information_schema.TABLES where table_schema=database() and table_type='SEQUENCE'  {executed in 1 ms}
2025-01-06 13:45:23.313 INFO  [restartedMain] l.log4j2 - 491. ResultSet.new ResultSet returned 
2025-01-06 13:45:23.313 INFO  [restartedMain] l.log4j2 - 491. PreparedStatement.executeQuery() returned net.sf.log4jdbc.sql.jdbcapi.ResultSetSpy@4420550f
2025-01-06 13:45:23.313 INFO  [restartedMain] l.log4j2 - 
|-----------|
|table_name |
|-----------|
|-----------|

2025-01-06 13:45:23.313 INFO  [restartedMain] l.log4j2 - 491. ResultSet.next() returned false
2025-01-06 13:45:23.313 INFO  [restartedMain] l.log4j2 - 491. ResultSet.close() returned void
2025-01-06 13:45:23.313 INFO  [restartedMain] l.log4j2 - 491. PreparedStatement.close() returned 
2025-01-06 13:45:23.313 INFO  [restartedMain] l.log4j2 - 491. Connection.getMetaData() returned org.mariadb.jdbc.DatabaseMetaData@3fa69ef7
2025-01-06 13:45:23.335 INFO  [restartedMain] l.log4j2 - 491. PreparedStatement.new PreparedStatement returned 
2025-01-06 13:45:23.335 INFO  [restartedMain] l.log4j2 - 491. Connection.prepareStatement(select * from `malldb`.`member` where 1=0) returned net.sf.log4jdbc.sql.jdbcapi.PreparedStatementSpy@773024a0
2025-01-06 13:45:23.336 INFO  [restartedMain] l.log4j2 - 491. select * from `malldb`.`member` where 1=0  {executed in 1 ms}
2025-01-06 13:45:23.336 INFO  [restartedMain] l.log4j2 - 491. ResultSet.new ResultSet returned 
2025-01-06 13:45:23.336 INFO  [restartedMain] l.log4j2 - 491. PreparedStatement.executeQuery() returned net.sf.log4jdbc.sql.jdbcapi.ResultSetSpy@317e9f64
2025-01-06 13:45:23.336 INFO  [restartedMain] l.log4j2 - 491. ResultSet.getMetaData() returned org.mariadb.jdbc.client.result.ResultSetMetaData@3a24ee9a
2025-01-06 13:45:23.336 INFO  [restartedMain] l.log4j2 - 
|------|---------|---|-------|
|email |nickname |pw |social |
|------|---------|---|-------|
|------|---------|---|-------|

2025-01-06 13:45:23.336 INFO  [restartedMain] l.log4j2 - 491. ResultSet.close() returned void
2025-01-06 13:45:23.336 INFO  [restartedMain] l.log4j2 - 491. PreparedStatement.close() returned 
2025-01-06 13:45:23.338 INFO  [restartedMain] l.log4j2 - 491. PreparedStatement.new PreparedStatement returned 
2025-01-06 13:45:23.338 INFO  [restartedMain] l.log4j2 - 491. Connection.prepareStatement(select * from `malldb`.`tbl_product` where 1=0) returned net.sf.log4jdbc.sql.jdbcapi.PreparedStatementSpy@54451f26
2025-01-06 13:45:23.339 INFO  [restartedMain] l.log4j2 - 491. select * from `malldb`.`tbl_product` where 1=0  {executed in 1 ms}
2025-01-06 13:45:23.339 INFO  [restartedMain] l.log4j2 - 491. ResultSet.new ResultSet returned 
2025-01-06 13:45:23.339 INFO  [restartedMain] l.log4j2 - 491. PreparedStatement.executeQuery() returned net.sf.log4jdbc.sql.jdbcapi.ResultSetSpy@11052f75
2025-01-06 13:45:23.339 INFO  [restartedMain] l.log4j2 - 491. ResultSet.getMetaData() returned org.mariadb.jdbc.client.result.ResultSetMetaData@c4853f1
2025-01-06 13:45:23.339 INFO  [restartedMain] l.log4j2 - 
|----|---------|------|------|------|
|pno |del_flag |pdesc |pname |price |
|----|---------|------|------|------|
|----|---------|------|------|------|

2025-01-06 13:45:23.339 INFO  [restartedMain] l.log4j2 - 491. ResultSet.close() returned void
2025-01-06 13:45:23.339 INFO  [restartedMain] l.log4j2 - 491. PreparedStatement.close() returned 
2025-01-06 13:45:23.340 INFO  [restartedMain] l.log4j2 - 491. Connection.clearWarnings() returned 
2025-01-06 13:45:23.340 INFO  [restartedMain] o.s.o.j.LocalContainerEntityManagerFactoryBean - Initialized JPA EntityManagerFactory for persistence unit 'default'
2025-01-06 13:45:23.351 INFO  [HikariPool-32 connection adder] l.log4j2 - 492. Connection opened. {executed in 3ms} 
2025-01-06 13:45:23.352 INFO  [HikariPool-32 connection adder] l.log4j2 - 492. Connection.new Connection returned 
2025-01-06 13:45:23.352 INFO  [HikariPool-32 connection adder] l.log4j2 - 492. Connection.isReadOnly() returned false
2025-01-06 13:45:23.352 INFO  [HikariPool-32 connection adder] l.log4j2 - 492. Connection.getAutoCommit() returned true
2025-01-06 13:45:23.379 INFO  [HikariPool-32 connection adder] l.log4j2 - 493. Connection opened. {executed in 3ms} 
2025-01-06 13:45:23.379 INFO  [HikariPool-32 connection adder] l.log4j2 - 493. Connection.new Connection returned 
2025-01-06 13:45:23.379 INFO  [HikariPool-32 connection adder] l.log4j2 - 493. Connection.isReadOnly() returned false
2025-01-06 13:45:23.379 INFO  [HikariPool-32 connection adder] l.log4j2 - 493. Connection.getAutoCommit() returned true
2025-01-06 13:45:23.393 INFO  [HikariPool-32 connection adder] l.log4j2 - 494. Connection opened. {executed in 2ms} 
2025-01-06 13:45:23.394 INFO  [HikariPool-32 connection adder] l.log4j2 - 494. Connection.new Connection returned 
2025-01-06 13:45:23.394 INFO  [HikariPool-32 connection adder] l.log4j2 - 494. Connection.isReadOnly() returned false
2025-01-06 13:45:23.394 INFO  [HikariPool-32 connection adder] l.log4j2 - 494. Connection.getAutoCommit() returned true
2025-01-06 13:45:23.410 INFO  [HikariPool-32 connection adder] l.log4j2 - 495. Connection opened. {executed in 3ms} 
2025-01-06 13:45:23.410 INFO  [HikariPool-32 connection adder] l.log4j2 - 495. Connection.new Connection returned 
2025-01-06 13:45:23.410 INFO  [HikariPool-32 connection adder] l.log4j2 - 495. Connection.isReadOnly() returned false
2025-01-06 13:45:23.410 INFO  [HikariPool-32 connection adder] l.log4j2 - 495. Connection.getAutoCommit() returned true
2025-01-06 13:45:23.425 INFO  [HikariPool-32 connection adder] l.log4j2 - 496. Connection opened. {executed in 3ms} 
2025-01-06 13:45:23.425 INFO  [HikariPool-32 connection adder] l.log4j2 - 496. Connection.new Connection returned 
2025-01-06 13:45:23.425 INFO  [HikariPool-32 connection adder] l.log4j2 - 496. Connection.isReadOnly() returned false
2025-01-06 13:45:23.425 INFO  [HikariPool-32 connection adder] l.log4j2 - 496. Connection.getAutoCommit() returned true
2025-01-06 13:45:23.435 INFO  [restartedMain] o.z.m.u.CustomFileUtil - -------------------------------------
2025-01-06 13:45:23.435 INFO  [restartedMain] o.z.m.u.CustomFileUtil - C:\Users\ktcs\backend\mallapi\upload
2025-01-06 13:45:23.441 INFO  [HikariPool-32 connection adder] l.log4j2 - 497. Connection opened. {executed in 4ms} 
2025-01-06 13:45:23.441 INFO  [HikariPool-32 connection adder] l.log4j2 - 497. Connection.new Connection returned 
2025-01-06 13:45:23.441 INFO  [HikariPool-32 connection adder] l.log4j2 - 497. Connection.isReadOnly() returned false
2025-01-06 13:45:23.441 INFO  [HikariPool-32 connection adder] l.log4j2 - 497. Connection.getAutoCommit() returned true
2025-01-06 13:45:23.456 INFO  [HikariPool-32 connection adder] l.log4j2 - 498. Connection opened. {executed in 3ms} 
2025-01-06 13:45:23.456 INFO  [HikariPool-32 connection adder] l.log4j2 - 498. Connection.new Connection returned 
2025-01-06 13:45:23.456 INFO  [HikariPool-32 connection adder] l.log4j2 - 498. Connection.isReadOnly() returned false
2025-01-06 13:45:23.456 INFO  [HikariPool-32 connection adder] l.log4j2 - 498. Connection.getAutoCommit() returned true
2025-01-06 13:45:23.470 INFO  [HikariPool-32 connection adder] l.log4j2 - 499. Connection opened. {executed in 2ms} 
2025-01-06 13:45:23.470 INFO  [HikariPool-32 connection adder] l.log4j2 - 499. Connection.new Connection returned 
2025-01-06 13:45:23.470 INFO  [HikariPool-32 connection adder] l.log4j2 - 499. Connection.isReadOnly() returned false
2025-01-06 13:45:23.470 INFO  [HikariPool-32 connection adder] l.log4j2 - 499. Connection.getAutoCommit() returned true
2025-01-06 13:45:23.486 INFO  [HikariPool-32 connection adder] l.log4j2 - 500. Connection opened. {executed in 2ms} 
2025-01-06 13:45:23.486 INFO  [HikariPool-32 connection adder] l.log4j2 - 500. Connection.new Connection returned 
2025-01-06 13:45:23.486 INFO  [HikariPool-32 connection adder] l.log4j2 - 500. Connection.isReadOnly() returned false
2025-01-06 13:45:23.486 INFO  [HikariPool-32 connection adder] l.log4j2 - 500. Connection.getAutoCommit() returned true
2025-01-06 13:45:23.494 WARN  [restartedMain] o.s.b.a.o.j.JpaBaseConfiguration$JpaWebConfiguration - spring.jpa.open-in-view is enabled by default. Therefore, database queries may be performed during view rendering. Explicitly configure spring.jpa.open-in-view to disable this warning
2025-01-06 13:45:23.516 INFO  [restartedMain] o.z.m.c.CustomSecurityConfig - ---------------------security config---------------------------
2025-01-06 13:45:23.535 INFO  [restartedMain] o.s.s.w.DefaultSecurityFilterChain - Will secure any request with [org.springframework.security.web.session.DisableEncodeUrlFilter@4ff6e3f6, org.springframework.security.web.context.request.async.WebAsyncManagerIntegrationFilter@5fad81a6, org.springframework.security.web.context.SecurityContextHolderFilter@34a6675f, org.springframework.security.web.header.HeaderWriterFilter@2d28252c, org.springframework.web.filter.CorsFilter@1062e8a6, org.springframework.security.web.authentication.logout.LogoutFilter@49d0ca07, org.zerock.mallapi.security.filter.JWTCheckFilter@4649b05f, org.springframework.security.web.authentication.UsernamePasswordAuthenticationFilter@4f4327c2, org.springframework.security.web.savedrequest.RequestCacheAwareFilter@6e9d111e, org.springframework.security.web.servletapi.SecurityContextHolderAwareRequestFilter@27058a4, org.springframework.security.web.authentication.AnonymousAuthenticationFilter@3e581233, org.springframework.security.web.session.SessionManagementFilter@31cfb70b, org.springframework.security.web.access.ExceptionTranslationFilter@23ef31c4]
2025-01-06 13:45:23.756 INFO  [restartedMain] o.s.b.d.a.OptionalLiveReloadServer - LiveReload server is running on port 35729
2025-01-06 13:45:23.768 INFO  [restartedMain] o.s.b.w.e.t.TomcatWebServer - Tomcat started on port 8081 (http) with context path ''
2025-01-06 13:45:23.773 INFO  [restartedMain] o.z.m.MallapiApplication - Started MallapiApplication in 1.1 seconds (process running for 260160.396)
2025-01-06 13:45:23.774 INFO  [restartedMain] o.s.b.d.a.ConditionEvaluationDeltaLoggingListener - Condition evaluation unchanged
2025-01-06 13:46:22.260 INFO  [File Watcher] o.s.b.d.a.LocalDevToolsAutoConfiguration$RestartingClassPathChangeChangedEventListener - Restarting due to 1 class path change (0 additions, 1 deletion, 0 modifications)
2025-01-06 13:46:22.507 INFO  [Thread-126] o.s.o.j.LocalContainerEntityManagerFactoryBean - Closing JPA EntityManagerFactory for persistence unit 'default'
2025-01-06 13:46:22.507 INFO  [Thread-126] c.z.h.HikariDataSource - HikariPool-32 - Shutdown initiated...
2025-01-06 13:46:22.508 INFO  [HikariPool-32 connection closer] l.log4j2 - 491. Connection closed. {executed in 0ms} 
2025-01-06 13:46:22.509 INFO  [HikariPool-32 connection closer] l.log4j2 - 491. Connection.close() returned 
2025-01-06 13:46:22.509 INFO  [HikariPool-32 connection closer] l.log4j2 - 492. Connection closed. {executed in 0ms} 
2025-01-06 13:46:22.509 INFO  [HikariPool-32 connection closer] l.log4j2 - 492. Connection.close() returned 
2025-01-06 13:46:22.509 INFO  [HikariPool-32 connection closer] l.log4j2 - 493. Connection closed. {executed in 0ms} 
2025-01-06 13:46:22.509 INFO  [HikariPool-32 connection closer] l.log4j2 - 493. Connection.close() returned 
2025-01-06 13:46:22.509 INFO  [HikariPool-32 connection closer] l.log4j2 - 494. Connection closed. {executed in 0ms} 
2025-01-06 13:46:22.509 INFO  [HikariPool-32 connection closer] l.log4j2 - 494. Connection.close() returned 
2025-01-06 13:46:22.509 INFO  [HikariPool-32 connection closer] l.log4j2 - 495. Connection closed. {executed in 0ms} 
2025-01-06 13:46:22.509 INFO  [HikariPool-32 connection closer] l.log4j2 - 495. Connection.close() returned 
2025-01-06 13:46:22.509 INFO  [HikariPool-32 connection closer] l.log4j2 - 496. Connection closed. {executed in 0ms} 
2025-01-06 13:46:22.509 INFO  [HikariPool-32 connection closer] l.log4j2 - 496. Connection.close() returned 
2025-01-06 13:46:22.509 INFO  [HikariPool-32 connection closer] l.log4j2 - 497. Connection closed. {executed in 0ms} 
2025-01-06 13:46:22.511 INFO  [HikariPool-32 connection closer] l.log4j2 - 497. Connection.close() returned 
2025-01-06 13:46:22.511 INFO  [HikariPool-32 connection closer] l.log4j2 - 498. Connection closed. {executed in 0ms} 
2025-01-06 13:46:22.511 INFO  [HikariPool-32 connection closer] l.log4j2 - 498. Connection.close() returned 
2025-01-06 13:46:22.511 INFO  [HikariPool-32 connection closer] l.log4j2 - 499. Connection closed. {executed in 0ms} 
2025-01-06 13:46:22.511 INFO  [HikariPool-32 connection closer] l.log4j2 - 499. Connection.close() returned 
2025-01-06 13:46:22.511 INFO  [HikariPool-32 connection closer] l.log4j2 - 500. Connection closed. {executed in 0ms} 
2025-01-06 13:46:22.511 INFO  [HikariPool-32 connection closer] l.log4j2 - 500. Connection.close() returned 
2025-01-06 13:46:22.511 INFO  [Thread-126] c.z.h.HikariDataSource - HikariPool-32 - Shutdown completed.
2025-01-06 13:46:22.603 INFO  [restartedMain] o.z.m.MallapiApplication - Starting MallapiApplication using Java 17.0.12 with PID 10712 (C:\Users\ktcs\backend\mallapi\build\classes\java\main started by ktcs in C:\Users\ktcs\backend\mallapi)
2025-01-06 13:46:22.603 INFO  [restartedMain] o.z.m.MallapiApplication - No active profile set, falling back to 1 default profile: "default"
2025-01-06 13:46:22.912 INFO  [restartedMain] o.s.d.r.c.RepositoryConfigurationDelegate - Bootstrapping Spring Data JPA repositories in DEFAULT mode.
2025-01-06 13:46:22.945 INFO  [restartedMain] o.s.d.r.c.RepositoryConfigurationDelegate - Finished Spring Data repository scanning in 31 ms. Found 3 JPA repository interfaces.
2025-01-06 13:46:23.213 INFO  [restartedMain] o.s.b.w.e.t.TomcatWebServer - Tomcat initialized with port 8081 (http)
2025-01-06 13:46:23.215 INFO  [restartedMain] o.a.c.c.StandardService - Starting service [Tomcat]
2025-01-06 13:46:23.215 INFO  [restartedMain] o.a.c.c.StandardEngine - Starting Servlet engine: [Apache Tomcat/10.1.28]
2025-01-06 13:46:23.262 INFO  [restartedMain] o.a.c.c.C.[.[.[/] - Initializing Spring embedded WebApplicationContext
2025-01-06 13:46:23.262 INFO  [restartedMain] o.s.b.w.s.c.ServletWebServerApplicationContext - Root WebApplicationContext: initialization completed in 657 ms
2025-01-06 13:46:23.374 INFO  [restartedMain] o.h.j.i.u.LogHelper - HHH000204: Processing PersistenceUnitInfo [name: default]
2025-01-06 13:46:23.379 INFO  [restartedMain] o.h.c.i.RegionFactoryInitiator - HHH000026: Second-level cache disabled
2025-01-06 13:46:23.388 INFO  [restartedMain] o.s.o.j.p.SpringPersistenceUnitInfo - No LoadTimeWeaver setup: ignoring JPA class transformer
2025-01-06 13:46:23.391 INFO  [restartedMain] c.z.h.HikariDataSource - HikariPool-33 - Starting...
2025-01-06 13:46:23.399 INFO  [restartedMain] l.log4j2 - 501. Connection opened. {executed in 7ms} 
2025-01-06 13:46:23.399 INFO  [restartedMain] l.log4j2 - 501. Connection.new Connection returned 
2025-01-06 13:46:23.399 INFO  [restartedMain] l.log4j2 - 501. Connection.getNetworkTimeout() returned 0
2025-01-06 13:46:23.399 INFO  [restartedMain] l.log4j2 - 501. Connection.isReadOnly() returned false
2025-01-06 13:46:23.399 INFO  [restartedMain] l.log4j2 - 501. Connection.getAutoCommit() returned true
2025-01-06 13:46:23.399 INFO  [restartedMain] l.log4j2 - 501. Connection.isValid(1) returned true
2025-01-06 13:46:23.399 INFO  [restartedMain] l.log4j2 - 501. Connection.getTransactionIsolation() returned 4
2025-01-06 13:46:23.400 INFO  [restartedMain] c.z.h.p.HikariPool - HikariPool-33 - Added connection net.sf.log4jdbc.sql.jdbcapi.ConnectionSpy@34ddc7d1
2025-01-06 13:46:23.400 INFO  [restartedMain] c.z.h.HikariDataSource - HikariPool-33 - Start completed.
2025-01-06 13:46:23.400 INFO  [restartedMain] l.log4j2 - 501. Connection.getMetaData() returned org.mariadb.jdbc.DatabaseMetaData@7160731c
2025-01-06 13:46:23.400 INFO  [restartedMain] l.log4j2 - 501. Statement.new Statement returned 
2025-01-06 13:46:23.400 INFO  [restartedMain] l.log4j2 - 501. Connection.createStatement() returned net.sf.log4jdbc.sql.jdbcapi.StatementSpy@203fdd7b
2025-01-06 13:46:23.401 INFO  [restartedMain] l.log4j2 - 501. SELECT @@character_set_database, @@sql_mode  {executed in 1 ms}
2025-01-06 13:46:23.401 INFO  [restartedMain] l.log4j2 - 501. ResultSet.new ResultSet returned 
2025-01-06 13:46:23.401 INFO  [restartedMain] l.log4j2 - 501. Statement.executeQuery(SELECT @@character_set_database, @@sql_mode) returned net.sf.log4jdbc.sql.jdbcapi.ResultSetSpy@2085c130
2025-01-06 13:46:23.401 INFO  [restartedMain] l.log4j2 - 501. ResultSet.next() returned true
2025-01-06 13:46:23.401 INFO  [restartedMain] l.log4j2 - 501. ResultSet.getString(1) returned utf8
2025-01-06 13:46:23.401 INFO  [restartedMain] l.log4j2 - 501. ResultSet.getString(2) returned IGNORE_SPACE,STRICT_TRANS_TABLES,ERROR_FOR_DIVISION_BY_ZERO,NO_AUTO_CREATE_USER,NO_ENGINE_SUBSTITUTION
2025-01-06 13:46:23.401 INFO  [restartedMain] l.log4j2 - 501. Statement.close() returned 
2025-01-06 13:46:23.402 INFO  [restartedMain] l.log4j2 - 501. Connection.getCatalog() returned malldb
2025-01-06 13:46:23.402 INFO  [restartedMain] l.log4j2 - 501. Connection.getSchema() returned null
2025-01-06 13:46:23.402 INFO  [restartedMain] l.log4j2 - 501. Connection.getSchema() returned null
2025-01-06 13:46:23.402 INFO  [restartedMain] l.log4j2 - 501. Connection.getMetaData() returned org.mariadb.jdbc.DatabaseMetaData@7abc79be
2025-01-06 13:46:23.402 INFO  [restartedMain] l.log4j2 - 501. Connection.createClob() returned 
2025-01-06 13:46:23.402 INFO  [restartedMain] l.log4j2 - 501. Connection.createNClob() returned 
2025-01-06 13:46:23.402 INFO  [restartedMain] l.log4j2 - 501. Connection.clearWarnings() returned 
2025-01-06 13:46:23.481 INFO  [restartedMain] o.h.e.t.j.p.i.JtaPlatformInitiator - HHH000489: No JTA platform available (set 'hibernate.transaction.jta.platform' to enable JTA platform integration)
2025-01-06 13:46:23.482 INFO  [restartedMain] l.log4j2 - 501. Connection.getAutoCommit() returned true
2025-01-06 13:46:23.482 INFO  [restartedMain] l.log4j2 - 501. PreparedStatement.new PreparedStatement returned 
2025-01-06 13:46:23.482 INFO  [restartedMain] l.log4j2 - 501. Connection.prepareStatement(select table_name from information_schema.TABLES where table_schema=database() and table_type='SEQUENCE') returned net.sf.log4jdbc.sql.jdbcapi.PreparedStatementSpy@3ce5a0ab
2025-01-06 13:46:23.485 INFO  [restartedMain] l.log4j2 - 501. select table_name from information_schema.TABLES where table_schema=database() and table_type='SEQUENCE'  {executed in 2 ms}
2025-01-06 13:46:23.485 INFO  [restartedMain] l.log4j2 - 501. ResultSet.new ResultSet returned 
2025-01-06 13:46:23.485 INFO  [restartedMain] l.log4j2 - 501. PreparedStatement.executeQuery() returned net.sf.log4jdbc.sql.jdbcapi.ResultSetSpy@79e3e63e
2025-01-06 13:46:23.485 INFO  [restartedMain] l.log4j2 - 
|-----------|
|table_name |
|-----------|
|-----------|

2025-01-06 13:46:23.485 INFO  [restartedMain] l.log4j2 - 501. ResultSet.next() returned false
2025-01-06 13:46:23.485 INFO  [restartedMain] l.log4j2 - 501. ResultSet.close() returned void
2025-01-06 13:46:23.485 INFO  [restartedMain] l.log4j2 - 501. PreparedStatement.close() returned 
2025-01-06 13:46:23.485 INFO  [restartedMain] l.log4j2 - 501. Connection.getMetaData() returned org.mariadb.jdbc.DatabaseMetaData@587aec57
2025-01-06 13:46:23.575 INFO  [HikariPool-33 connection adder] l.log4j2 - 502. Connection opened. {executed in 38ms} 
2025-01-06 13:46:23.575 INFO  [HikariPool-33 connection adder] l.log4j2 - 502. Connection.new Connection returned 
2025-01-06 13:46:23.575 INFO  [HikariPool-33 connection adder] l.log4j2 - 502. Connection.isReadOnly() returned false
2025-01-06 13:46:23.575 INFO  [HikariPool-33 connection adder] l.log4j2 - 502. Connection.getAutoCommit() returned true
2025-01-06 13:46:23.577 INFO  [restartedMain] l.log4j2 - 501. PreparedStatement.new PreparedStatement returned 
2025-01-06 13:46:23.577 INFO  [restartedMain] l.log4j2 - 501. Connection.prepareStatement(select * from `malldb`.`member` where 1=0) returned net.sf.log4jdbc.sql.jdbcapi.PreparedStatementSpy@f3803e6
2025-01-06 13:46:23.579 INFO  [restartedMain] l.log4j2 - 501. select * from `malldb`.`member` where 1=0  {executed in 2 ms}
2025-01-06 13:46:23.580 INFO  [restartedMain] l.log4j2 - 501. ResultSet.new ResultSet returned 
2025-01-06 13:46:23.580 INFO  [restartedMain] l.log4j2 - 501. PreparedStatement.executeQuery() returned net.sf.log4jdbc.sql.jdbcapi.ResultSetSpy@690cd629
2025-01-06 13:46:23.580 INFO  [restartedMain] l.log4j2 - 501. ResultSet.getMetaData() returned org.mariadb.jdbc.client.result.ResultSetMetaData@661b970b
2025-01-06 13:46:23.580 INFO  [restartedMain] l.log4j2 - 
|------|---------|---|-------|
|email |nickname |pw |social |
|------|---------|---|-------|
|------|---------|---|-------|

2025-01-06 13:46:23.580 INFO  [restartedMain] l.log4j2 - 501. ResultSet.close() returned void
2025-01-06 13:46:23.580 INFO  [restartedMain] l.log4j2 - 501. PreparedStatement.close() returned 
2025-01-06 13:46:23.585 INFO  [restartedMain] l.log4j2 - 501. PreparedStatement.new PreparedStatement returned 
2025-01-06 13:46:23.585 INFO  [restartedMain] l.log4j2 - 501. Connection.prepareStatement(select * from `malldb`.`tbl_product` where 1=0) returned net.sf.log4jdbc.sql.jdbcapi.PreparedStatementSpy@7faffb81
2025-01-06 13:46:23.586 INFO  [restartedMain] l.log4j2 - 501. select * from `malldb`.`tbl_product` where 1=0  {executed in 1 ms}
2025-01-06 13:46:23.586 INFO  [restartedMain] l.log4j2 - 501. ResultSet.new ResultSet returned 
2025-01-06 13:46:23.586 INFO  [restartedMain] l.log4j2 - 501. PreparedStatement.executeQuery() returned net.sf.log4jdbc.sql.jdbcapi.ResultSetSpy@701dd7c3
2025-01-06 13:46:23.586 INFO  [restartedMain] l.log4j2 - 501. ResultSet.getMetaData() returned org.mariadb.jdbc.client.result.ResultSetMetaData@4a04b504
2025-01-06 13:46:23.586 INFO  [restartedMain] l.log4j2 - 
|----|---------|------|------|------|
|pno |del_flag |pdesc |pname |price |
|----|---------|------|------|------|
|----|---------|------|------|------|

2025-01-06 13:46:23.586 INFO  [restartedMain] l.log4j2 - 501. ResultSet.close() returned void
2025-01-06 13:46:23.586 INFO  [restartedMain] l.log4j2 - 501. PreparedStatement.close() returned 
2025-01-06 13:46:23.586 INFO  [restartedMain] l.log4j2 - 501. Connection.clearWarnings() returned 
2025-01-06 13:46:23.586 INFO  [restartedMain] o.s.o.j.LocalContainerEntityManagerFactoryBean - Initialized JPA EntityManagerFactory for persistence unit 'default'
2025-01-06 13:46:23.593 INFO  [HikariPool-33 connection adder] l.log4j2 - 503. Connection opened. {executed in 3ms} 
2025-01-06 13:46:23.593 INFO  [HikariPool-33 connection adder] l.log4j2 - 503. Connection.new Connection returned 
2025-01-06 13:46:23.593 INFO  [HikariPool-33 connection adder] l.log4j2 - 503. Connection.isReadOnly() returned false
2025-01-06 13:46:23.593 INFO  [HikariPool-33 connection adder] l.log4j2 - 503. Connection.getAutoCommit() returned true
2025-01-06 13:46:23.613 INFO  [HikariPool-33 connection adder] l.log4j2 - 504. Connection opened. {executed in 3ms} 
2025-01-06 13:46:23.613 INFO  [HikariPool-33 connection adder] l.log4j2 - 504. Connection.new Connection returned 
2025-01-06 13:46:23.613 INFO  [HikariPool-33 connection adder] l.log4j2 - 504. Connection.isReadOnly() returned false
2025-01-06 13:46:23.613 INFO  [HikariPool-33 connection adder] l.log4j2 - 504. Connection.getAutoCommit() returned true
2025-01-06 13:46:23.628 INFO  [HikariPool-33 connection adder] l.log4j2 - 505. Connection opened. {executed in 3ms} 
2025-01-06 13:46:23.628 INFO  [HikariPool-33 connection adder] l.log4j2 - 505. Connection.new Connection returned 
2025-01-06 13:46:23.628 INFO  [HikariPool-33 connection adder] l.log4j2 - 505. Connection.isReadOnly() returned false
2025-01-06 13:46:23.628 INFO  [HikariPool-33 connection adder] l.log4j2 - 505. Connection.getAutoCommit() returned true
2025-01-06 13:46:23.655 INFO  [HikariPool-33 connection adder] l.log4j2 - 506. Connection opened. {executed in 3ms} 
2025-01-06 13:46:23.655 INFO  [HikariPool-33 connection adder] l.log4j2 - 506. Connection.new Connection returned 
2025-01-06 13:46:23.655 INFO  [HikariPool-33 connection adder] l.log4j2 - 506. Connection.isReadOnly() returned false
2025-01-06 13:46:23.655 INFO  [HikariPool-33 connection adder] l.log4j2 - 506. Connection.getAutoCommit() returned true
2025-01-06 13:46:23.670 INFO  [HikariPool-33 connection adder] l.log4j2 - 507. Connection opened. {executed in 3ms} 
2025-01-06 13:46:23.670 INFO  [HikariPool-33 connection adder] l.log4j2 - 507. Connection.new Connection returned 
2025-01-06 13:46:23.670 INFO  [HikariPool-33 connection adder] l.log4j2 - 507. Connection.isReadOnly() returned false
2025-01-06 13:46:23.670 INFO  [HikariPool-33 connection adder] l.log4j2 - 507. Connection.getAutoCommit() returned true
2025-01-06 13:46:23.686 INFO  [HikariPool-33 connection adder] l.log4j2 - 508. Connection opened. {executed in 3ms} 
2025-01-06 13:46:23.686 INFO  [HikariPool-33 connection adder] l.log4j2 - 508. Connection.new Connection returned 
2025-01-06 13:46:23.686 INFO  [HikariPool-33 connection adder] l.log4j2 - 508. Connection.isReadOnly() returned false
2025-01-06 13:46:23.686 INFO  [HikariPool-33 connection adder] l.log4j2 - 508. Connection.getAutoCommit() returned true
2025-01-06 13:46:23.710 INFO  [HikariPool-33 connection adder] l.log4j2 - 509. Connection opened. {executed in 0ms} 
2025-01-06 13:46:23.710 INFO  [HikariPool-33 connection adder] l.log4j2 - 509. Connection.new Connection returned 
2025-01-06 13:46:23.710 INFO  [HikariPool-33 connection adder] l.log4j2 - 509. Connection.isReadOnly() returned false
2025-01-06 13:46:23.710 INFO  [HikariPool-33 connection adder] l.log4j2 - 509. Connection.getAutoCommit() returned true
2025-01-06 13:46:23.731 INFO  [HikariPool-33 connection adder] l.log4j2 - 510. Connection opened. {executed in 5ms} 
2025-01-06 13:46:23.731 INFO  [HikariPool-33 connection adder] l.log4j2 - 510. Connection.new Connection returned 
2025-01-06 13:46:23.731 INFO  [HikariPool-33 connection adder] l.log4j2 - 510. Connection.isReadOnly() returned false
2025-01-06 13:46:23.731 INFO  [HikariPool-33 connection adder] l.log4j2 - 510. Connection.getAutoCommit() returned true
2025-01-06 13:46:23.741 INFO  [restartedMain] o.z.m.u.CustomFileUtil - -------------------------------------
2025-01-06 13:46:23.741 INFO  [restartedMain] o.z.m.u.CustomFileUtil - C:\Users\ktcs\backend\mallapi\upload
2025-01-06 13:46:23.909 WARN  [restartedMain] o.s.b.a.o.j.JpaBaseConfiguration$JpaWebConfiguration - spring.jpa.open-in-view is enabled by default. Therefore, database queries may be performed during view rendering. Explicitly configure spring.jpa.open-in-view to disable this warning
2025-01-06 13:46:23.946 INFO  [restartedMain] o.z.m.c.CustomSecurityConfig - ---------------------security config---------------------------
2025-01-06 13:46:24.022 INFO  [restartedMain] o.s.s.w.DefaultSecurityFilterChain - Will secure any request with [org.springframework.security.web.session.DisableEncodeUrlFilter@a1a3aca, org.springframework.security.web.context.request.async.WebAsyncManagerIntegrationFilter@25af32fa, org.springframework.security.web.context.SecurityContextHolderFilter@696cf058, org.springframework.security.web.header.HeaderWriterFilter@75dee786, org.springframework.web.filter.CorsFilter@206b5ba, org.springframework.security.web.authentication.logout.LogoutFilter@9e5dd68, org.zerock.mallapi.security.filter.JWTCheckFilter@30972949, org.springframework.security.web.authentication.UsernamePasswordAuthenticationFilter@485f5f8c, org.springframework.security.web.savedrequest.RequestCacheAwareFilter@36bee8b0, org.springframework.security.web.servletapi.SecurityContextHolderAwareRequestFilter@345ecb36, org.springframework.security.web.authentication.AnonymousAuthenticationFilter@6b0089fb, org.springframework.security.web.session.SessionManagementFilter@481f6efb, org.springframework.security.web.access.ExceptionTranslationFilter@208fe04d]
2025-01-06 13:46:24.451 INFO  [restartedMain] o.s.b.d.a.OptionalLiveReloadServer - LiveReload server is running on port 35729
2025-01-06 13:46:24.468 INFO  [restartedMain] o.s.b.w.e.t.TomcatWebServer - Tomcat started on port 8081 (http) with context path ''
2025-01-06 13:46:24.468 INFO  [restartedMain] o.z.m.MallapiApplication - Started MallapiApplication in 1.896 seconds (process running for 260221.099)
2025-01-06 13:46:24.468 INFO  [restartedMain] o.s.b.d.a.ConditionEvaluationDeltaLoggingListener - Condition evaluation unchanged
2025-01-06 13:47:04.735 INFO  [File Watcher] o.s.b.d.a.LocalDevToolsAutoConfiguration$RestartingClassPathChangeChangedEventListener - Restarting due to 1 class path change (0 additions, 1 deletion, 0 modifications)
2025-01-06 13:47:05.138 INFO  [Thread-130] o.s.o.j.LocalContainerEntityManagerFactoryBean - Closing JPA EntityManagerFactory for persistence unit 'default'
2025-01-06 13:47:05.140 INFO  [Thread-130] c.z.h.HikariDataSource - HikariPool-33 - Shutdown initiated...
2025-01-06 13:47:05.141 INFO  [HikariPool-33 connection closer] l.log4j2 - 501. Connection closed. {executed in 0ms} 
2025-01-06 13:47:05.141 INFO  [HikariPool-33 connection closer] l.log4j2 - 501. Connection.close() returned 
2025-01-06 13:47:05.141 INFO  [HikariPool-33 connection closer] l.log4j2 - 502. Connection closed. {executed in 0ms} 
2025-01-06 13:47:05.141 INFO  [HikariPool-33 connection closer] l.log4j2 - 502. Connection.close() returned 
2025-01-06 13:47:05.143 INFO  [HikariPool-33 connection closer] l.log4j2 - 503. Connection closed. {executed in 0ms} 
2025-01-06 13:47:05.143 INFO  [HikariPool-33 connection closer] l.log4j2 - 503. Connection.close() returned 
2025-01-06 13:47:05.143 INFO  [HikariPool-33 connection closer] l.log4j2 - 504. Connection closed. {executed in 0ms} 
2025-01-06 13:47:05.143 INFO  [HikariPool-33 connection closer] l.log4j2 - 504. Connection.close() returned 
2025-01-06 13:47:05.143 INFO  [HikariPool-33 connection closer] l.log4j2 - 505. Connection closed. {executed in 0ms} 
2025-01-06 13:47:05.143 INFO  [HikariPool-33 connection closer] l.log4j2 - 505. Connection.close() returned 
2025-01-06 13:47:05.143 INFO  [HikariPool-33 connection closer] l.log4j2 - 506. Connection closed. {executed in 0ms} 
2025-01-06 13:47:05.143 INFO  [HikariPool-33 connection closer] l.log4j2 - 506. Connection.close() returned 
2025-01-06 13:47:05.143 INFO  [HikariPool-33 connection closer] l.log4j2 - 507. Connection closed. {executed in 0ms} 
2025-01-06 13:47:05.143 INFO  [HikariPool-33 connection closer] l.log4j2 - 507. Connection.close() returned 
2025-01-06 13:47:05.144 INFO  [HikariPool-33 connection closer] l.log4j2 - 508. Connection closed. {executed in 0ms} 
2025-01-06 13:47:05.144 INFO  [HikariPool-33 connection closer] l.log4j2 - 508. Connection.close() returned 
2025-01-06 13:47:05.144 INFO  [HikariPool-33 connection closer] l.log4j2 - 509. Connection closed. {executed in 0ms} 
2025-01-06 13:47:05.144 INFO  [HikariPool-33 connection closer] l.log4j2 - 509. Connection.close() returned 
2025-01-06 13:47:05.144 INFO  [HikariPool-33 connection closer] l.log4j2 - 510. Connection closed. {executed in 0ms} 
2025-01-06 13:47:05.144 INFO  [HikariPool-33 connection closer] l.log4j2 - 510. Connection.close() returned 
2025-01-06 13:47:05.144 INFO  [Thread-130] c.z.h.HikariDataSource - HikariPool-33 - Shutdown completed.
2025-01-06 13:47:05.264 INFO  [restartedMain] o.z.m.MallapiApplication - Starting MallapiApplication using Java 17.0.12 with PID 10712 (C:\Users\ktcs\backend\mallapi\build\classes\java\main started by ktcs in C:\Users\ktcs\backend\mallapi)
2025-01-06 13:47:05.264 INFO  [restartedMain] o.z.m.MallapiApplication - No active profile set, falling back to 1 default profile: "default"
2025-01-06 13:47:05.602 INFO  [restartedMain] o.s.d.r.c.RepositoryConfigurationDelegate - Bootstrapping Spring Data JPA repositories in DEFAULT mode.
2025-01-06 13:47:05.624 INFO  [restartedMain] o.s.d.r.c.RepositoryConfigurationDelegate - Finished Spring Data repository scanning in 22 ms. Found 3 JPA repository interfaces.
2025-01-06 13:47:05.763 INFO  [restartedMain] o.s.b.w.e.t.TomcatWebServer - Tomcat initialized with port 8081 (http)
2025-01-06 13:47:05.763 INFO  [restartedMain] o.a.c.c.StandardService - Starting service [Tomcat]
2025-01-06 13:47:05.763 INFO  [restartedMain] o.a.c.c.StandardEngine - Starting Servlet engine: [Apache Tomcat/10.1.28]
2025-01-06 13:47:05.794 INFO  [restartedMain] o.a.c.c.C.[.[.[/] - Initializing Spring embedded WebApplicationContext
2025-01-06 13:47:05.794 INFO  [restartedMain] o.s.b.w.s.c.ServletWebServerApplicationContext - Root WebApplicationContext: initialization completed in 527 ms
2025-01-06 13:47:05.855 INFO  [restartedMain] o.h.j.i.u.LogHelper - HHH000204: Processing PersistenceUnitInfo [name: default]
2025-01-06 13:47:05.861 INFO  [restartedMain] o.h.c.i.RegionFactoryInitiator - HHH000026: Second-level cache disabled
2025-01-06 13:47:05.867 INFO  [restartedMain] o.s.o.j.p.SpringPersistenceUnitInfo - No LoadTimeWeaver setup: ignoring JPA class transformer
2025-01-06 13:47:05.868 INFO  [restartedMain] c.z.h.HikariDataSource - HikariPool-34 - Starting...
2025-01-06 13:47:05.871 INFO  [restartedMain] l.log4j2 - 511. Connection opened. {executed in 3ms} 
2025-01-06 13:47:05.871 INFO  [restartedMain] l.log4j2 - 511. Connection.new Connection returned 
2025-01-06 13:47:05.871 INFO  [restartedMain] l.log4j2 - 511. Connection.getNetworkTimeout() returned 0
2025-01-06 13:47:05.871 INFO  [restartedMain] l.log4j2 - 511. Connection.isReadOnly() returned false
2025-01-06 13:47:05.871 INFO  [restartedMain] l.log4j2 - 511. Connection.getAutoCommit() returned true
2025-01-06 13:47:05.873 INFO  [restartedMain] l.log4j2 - 511. Connection.isValid(1) returned true
2025-01-06 13:47:05.873 INFO  [restartedMain] l.log4j2 - 511. Connection.getTransactionIsolation() returned 4
2025-01-06 13:47:05.873 INFO  [restartedMain] c.z.h.p.HikariPool - HikariPool-34 - Added connection net.sf.log4jdbc.sql.jdbcapi.ConnectionSpy@21446269
2025-01-06 13:47:05.873 INFO  [restartedMain] c.z.h.HikariDataSource - HikariPool-34 - Start completed.
2025-01-06 13:47:05.874 INFO  [restartedMain] l.log4j2 - 511. Connection.getMetaData() returned org.mariadb.jdbc.DatabaseMetaData@65a2e530
2025-01-06 13:47:05.874 INFO  [restartedMain] l.log4j2 - 511. Statement.new Statement returned 
2025-01-06 13:47:05.874 INFO  [restartedMain] l.log4j2 - 511. Connection.createStatement() returned net.sf.log4jdbc.sql.jdbcapi.StatementSpy@fd23a2d
2025-01-06 13:47:05.874 INFO  [restartedMain] l.log4j2 - 511. SELECT @@character_set_database, @@sql_mode  {executed in 0 ms}
2025-01-06 13:47:05.874 INFO  [restartedMain] l.log4j2 - 511. ResultSet.new ResultSet returned 
2025-01-06 13:47:05.874 INFO  [restartedMain] l.log4j2 - 511. Statement.executeQuery(SELECT @@character_set_database, @@sql_mode) returned net.sf.log4jdbc.sql.jdbcapi.ResultSetSpy@58258d6
2025-01-06 13:47:05.874 INFO  [restartedMain] l.log4j2 - 511. ResultSet.next() returned true
2025-01-06 13:47:05.874 INFO  [restartedMain] l.log4j2 - 511. ResultSet.getString(1) returned utf8
2025-01-06 13:47:05.874 INFO  [restartedMain] l.log4j2 - 511. ResultSet.getString(2) returned IGNORE_SPACE,STRICT_TRANS_TABLES,ERROR_FOR_DIVISION_BY_ZERO,NO_AUTO_CREATE_USER,NO_ENGINE_SUBSTITUTION
2025-01-06 13:47:05.874 INFO  [restartedMain] l.log4j2 - 511. Statement.close() returned 
2025-01-06 13:47:05.875 INFO  [restartedMain] l.log4j2 - 511. Connection.getCatalog() returned malldb
2025-01-06 13:47:05.875 INFO  [restartedMain] l.log4j2 - 511. Connection.getSchema() returned null
2025-01-06 13:47:05.875 INFO  [restartedMain] l.log4j2 - 511. Connection.getSchema() returned null
2025-01-06 13:47:05.875 INFO  [restartedMain] l.log4j2 - 511. Connection.getMetaData() returned org.mariadb.jdbc.DatabaseMetaData@7d72525
2025-01-06 13:47:05.875 INFO  [restartedMain] l.log4j2 - 511. Connection.createClob() returned 
2025-01-06 13:47:05.875 INFO  [restartedMain] l.log4j2 - 511. Connection.createNClob() returned 
2025-01-06 13:47:05.875 INFO  [restartedMain] l.log4j2 - 511. Connection.clearWarnings() returned 
2025-01-06 13:47:05.928 INFO  [restartedMain] o.h.e.t.j.p.i.JtaPlatformInitiator - HHH000489: No JTA platform available (set 'hibernate.transaction.jta.platform' to enable JTA platform integration)
2025-01-06 13:47:05.928 INFO  [restartedMain] l.log4j2 - 511. Connection.getAutoCommit() returned true
2025-01-06 13:47:05.928 INFO  [restartedMain] l.log4j2 - 511. PreparedStatement.new PreparedStatement returned 
2025-01-06 13:47:05.928 INFO  [restartedMain] l.log4j2 - 511. Connection.prepareStatement(select table_name from information_schema.TABLES where table_schema=database() and table_type='SEQUENCE') returned net.sf.log4jdbc.sql.jdbcapi.PreparedStatementSpy@6553a099
2025-01-06 13:47:05.929 INFO  [restartedMain] l.log4j2 - 511. select table_name from information_schema.TABLES where table_schema=database() and table_type='SEQUENCE'  {executed in 1 ms}
2025-01-06 13:47:05.929 INFO  [restartedMain] l.log4j2 - 511. ResultSet.new ResultSet returned 
2025-01-06 13:47:05.929 INFO  [restartedMain] l.log4j2 - 511. PreparedStatement.executeQuery() returned net.sf.log4jdbc.sql.jdbcapi.ResultSetSpy@149734d5
2025-01-06 13:47:05.929 INFO  [restartedMain] l.log4j2 - 
|-----------|
|table_name |
|-----------|
|-----------|

2025-01-06 13:47:05.929 INFO  [restartedMain] l.log4j2 - 511. ResultSet.next() returned false
2025-01-06 13:47:05.929 INFO  [restartedMain] l.log4j2 - 511. ResultSet.close() returned void
2025-01-06 13:47:05.929 INFO  [restartedMain] l.log4j2 - 511. PreparedStatement.close() returned 
2025-01-06 13:47:05.929 INFO  [restartedMain] l.log4j2 - 511. Connection.getMetaData() returned org.mariadb.jdbc.DatabaseMetaData@44701f5
2025-01-06 13:47:05.956 INFO  [restartedMain] l.log4j2 - 511. PreparedStatement.new PreparedStatement returned 
2025-01-06 13:47:05.956 INFO  [restartedMain] l.log4j2 - 511. Connection.prepareStatement(select * from `malldb`.`member` where 1=0) returned net.sf.log4jdbc.sql.jdbcapi.PreparedStatementSpy@67c151c3
2025-01-06 13:47:05.956 INFO  [restartedMain] l.log4j2 - 511. select * from `malldb`.`member` where 1=0  {executed in 0 ms}
2025-01-06 13:47:05.956 INFO  [restartedMain] l.log4j2 - 511. ResultSet.new ResultSet returned 
2025-01-06 13:47:05.956 INFO  [restartedMain] l.log4j2 - 511. PreparedStatement.executeQuery() returned net.sf.log4jdbc.sql.jdbcapi.ResultSetSpy@4a5de072
2025-01-06 13:47:05.956 INFO  [restartedMain] l.log4j2 - 511. ResultSet.getMetaData() returned org.mariadb.jdbc.client.result.ResultSetMetaData@76290865
2025-01-06 13:47:05.956 INFO  [restartedMain] l.log4j2 - 
|------|---------|---|-------|
|email |nickname |pw |social |
|------|---------|---|-------|
|------|---------|---|-------|

2025-01-06 13:47:05.957 INFO  [restartedMain] l.log4j2 - 511. ResultSet.close() returned void
2025-01-06 13:47:05.957 INFO  [restartedMain] l.log4j2 - 511. PreparedStatement.close() returned 
2025-01-06 13:47:05.959 INFO  [restartedMain] l.log4j2 - 511. PreparedStatement.new PreparedStatement returned 
2025-01-06 13:47:05.959 INFO  [restartedMain] l.log4j2 - 511. Connection.prepareStatement(select * from `malldb`.`tbl_product` where 1=0) returned net.sf.log4jdbc.sql.jdbcapi.PreparedStatementSpy@776716b8
2025-01-06 13:47:05.959 INFO  [restartedMain] l.log4j2 - 511. select * from `malldb`.`tbl_product` where 1=0  {executed in 0 ms}
2025-01-06 13:47:05.959 INFO  [restartedMain] l.log4j2 - 511. ResultSet.new ResultSet returned 
2025-01-06 13:47:05.959 INFO  [restartedMain] l.log4j2 - 511. PreparedStatement.executeQuery() returned net.sf.log4jdbc.sql.jdbcapi.ResultSetSpy@529c3656
2025-01-06 13:47:05.959 INFO  [restartedMain] l.log4j2 - 511. ResultSet.getMetaData() returned org.mariadb.jdbc.client.result.ResultSetMetaData@6cc86640
2025-01-06 13:47:05.959 INFO  [restartedMain] l.log4j2 - 
|----|---------|------|------|------|
|pno |del_flag |pdesc |pname |price |
|----|---------|------|------|------|
|----|---------|------|------|------|

2025-01-06 13:47:05.959 INFO  [restartedMain] l.log4j2 - 511. ResultSet.close() returned void
2025-01-06 13:47:05.959 INFO  [restartedMain] l.log4j2 - 511. PreparedStatement.close() returned 
2025-01-06 13:47:05.960 INFO  [restartedMain] l.log4j2 - 511. Connection.clearWarnings() returned 
2025-01-06 13:47:05.960 INFO  [restartedMain] o.s.o.j.LocalContainerEntityManagerFactoryBean - Initialized JPA EntityManagerFactory for persistence unit 'default'
2025-01-06 13:47:05.984 INFO  [HikariPool-34 connection adder] l.log4j2 - 512. Connection opened. {executed in 4ms} 
2025-01-06 13:47:05.984 INFO  [HikariPool-34 connection adder] l.log4j2 - 512. Connection.new Connection returned 
2025-01-06 13:47:05.984 INFO  [HikariPool-34 connection adder] l.log4j2 - 512. Connection.isReadOnly() returned false
2025-01-06 13:47:05.984 INFO  [HikariPool-34 connection adder] l.log4j2 - 512. Connection.getAutoCommit() returned true
2025-01-06 13:47:05.997 INFO  [HikariPool-34 connection adder] l.log4j2 - 513. Connection opened. {executed in 2ms} 
2025-01-06 13:47:05.998 INFO  [HikariPool-34 connection adder] l.log4j2 - 513. Connection.new Connection returned 
2025-01-06 13:47:05.998 INFO  [HikariPool-34 connection adder] l.log4j2 - 513. Connection.isReadOnly() returned false
2025-01-06 13:47:05.998 INFO  [HikariPool-34 connection adder] l.log4j2 - 513. Connection.getAutoCommit() returned true
2025-01-06 13:47:06.013 INFO  [HikariPool-34 connection adder] l.log4j2 - 514. Connection opened. {executed in 3ms} 
2025-01-06 13:47:06.013 INFO  [HikariPool-34 connection adder] l.log4j2 - 514. Connection.new Connection returned 
2025-01-06 13:47:06.013 INFO  [HikariPool-34 connection adder] l.log4j2 - 514. Connection.isReadOnly() returned false
2025-01-06 13:47:06.013 INFO  [HikariPool-34 connection adder] l.log4j2 - 514. Connection.getAutoCommit() returned true
2025-01-06 13:47:06.027 INFO  [HikariPool-34 connection adder] l.log4j2 - 515. Connection opened. {executed in 2ms} 
2025-01-06 13:47:06.027 INFO  [HikariPool-34 connection adder] l.log4j2 - 515. Connection.new Connection returned 
2025-01-06 13:47:06.027 INFO  [HikariPool-34 connection adder] l.log4j2 - 515. Connection.isReadOnly() returned false
2025-01-06 13:47:06.027 INFO  [HikariPool-34 connection adder] l.log4j2 - 515. Connection.getAutoCommit() returned true
2025-01-06 13:47:06.044 INFO  [HikariPool-34 connection adder] l.log4j2 - 516. Connection opened. {executed in 3ms} 
2025-01-06 13:47:06.044 INFO  [HikariPool-34 connection adder] l.log4j2 - 516. Connection.new Connection returned 
2025-01-06 13:47:06.044 INFO  [HikariPool-34 connection adder] l.log4j2 - 516. Connection.isReadOnly() returned false
2025-01-06 13:47:06.044 INFO  [HikariPool-34 connection adder] l.log4j2 - 516. Connection.getAutoCommit() returned true
2025-01-06 13:47:06.053 INFO  [restartedMain] o.z.m.u.CustomFileUtil - -------------------------------------
2025-01-06 13:47:06.053 INFO  [restartedMain] o.z.m.u.CustomFileUtil - C:\Users\ktcs\backend\mallapi\upload
2025-01-06 13:47:06.059 INFO  [HikariPool-34 connection adder] l.log4j2 - 517. Connection opened. {executed in 3ms} 
2025-01-06 13:47:06.059 INFO  [HikariPool-34 connection adder] l.log4j2 - 517. Connection.new Connection returned 
2025-01-06 13:47:06.059 INFO  [HikariPool-34 connection adder] l.log4j2 - 517. Connection.isReadOnly() returned false
2025-01-06 13:47:06.059 INFO  [HikariPool-34 connection adder] l.log4j2 - 517. Connection.getAutoCommit() returned true
2025-01-06 13:47:06.074 INFO  [HikariPool-34 connection adder] l.log4j2 - 518. Connection opened. {executed in 2ms} 
2025-01-06 13:47:06.074 INFO  [HikariPool-34 connection adder] l.log4j2 - 518. Connection.new Connection returned 
2025-01-06 13:47:06.075 INFO  [HikariPool-34 connection adder] l.log4j2 - 518. Connection.isReadOnly() returned false
2025-01-06 13:47:06.075 INFO  [HikariPool-34 connection adder] l.log4j2 - 518. Connection.getAutoCommit() returned true
2025-01-06 13:47:06.096 INFO  [HikariPool-34 connection adder] l.log4j2 - 519. Connection opened. {executed in 3ms} 
2025-01-06 13:47:06.096 INFO  [HikariPool-34 connection adder] l.log4j2 - 519. Connection.new Connection returned 
2025-01-06 13:47:06.096 INFO  [HikariPool-34 connection adder] l.log4j2 - 519. Connection.isReadOnly() returned false
2025-01-06 13:47:06.096 INFO  [HikariPool-34 connection adder] l.log4j2 - 519. Connection.getAutoCommit() returned true
2025-01-06 13:47:06.112 INFO  [HikariPool-34 connection adder] l.log4j2 - 520. Connection opened. {executed in 3ms} 
2025-01-06 13:47:06.112 INFO  [HikariPool-34 connection adder] l.log4j2 - 520. Connection.new Connection returned 
2025-01-06 13:47:06.112 INFO  [HikariPool-34 connection adder] l.log4j2 - 520. Connection.isReadOnly() returned false
2025-01-06 13:47:06.112 INFO  [HikariPool-34 connection adder] l.log4j2 - 520. Connection.getAutoCommit() returned true
2025-01-06 13:47:06.134 WARN  [restartedMain] o.s.b.a.o.j.JpaBaseConfiguration$JpaWebConfiguration - spring.jpa.open-in-view is enabled by default. Therefore, database queries may be performed during view rendering. Explicitly configure spring.jpa.open-in-view to disable this warning
2025-01-06 13:47:06.177 INFO  [restartedMain] o.z.m.c.CustomSecurityConfig - ---------------------security config---------------------------
2025-01-06 13:47:06.228 INFO  [restartedMain] o.s.s.w.DefaultSecurityFilterChain - Will secure any request with [org.springframework.security.web.session.DisableEncodeUrlFilter@3fd9f423, org.springframework.security.web.context.request.async.WebAsyncManagerIntegrationFilter@40b3f55, org.springframework.security.web.context.SecurityContextHolderFilter@25b0cda6, org.springframework.security.web.header.HeaderWriterFilter@5320052c, org.springframework.web.filter.CorsFilter@6deb2831, org.springframework.security.web.authentication.logout.LogoutFilter@3f3ad66b, org.zerock.mallapi.security.filter.JWTCheckFilter@5cfe1071, org.springframework.security.web.authentication.UsernamePasswordAuthenticationFilter@4aaf617c, org.springframework.security.web.savedrequest.RequestCacheAwareFilter@5be5c0b0, org.springframework.security.web.servletapi.SecurityContextHolderAwareRequestFilter@83fa785, org.springframework.security.web.authentication.AnonymousAuthenticationFilter@2cf68f21, org.springframework.security.web.session.SessionManagementFilter@4c0b1c96, org.springframework.security.web.access.ExceptionTranslationFilter@7bf3282]
2025-01-06 13:47:06.463 INFO  [restartedMain] o.s.b.d.a.OptionalLiveReloadServer - LiveReload server is running on port 35729
2025-01-06 13:47:06.479 INFO  [restartedMain] o.s.b.w.e.t.TomcatWebServer - Tomcat started on port 8081 (http) with context path ''
2025-01-06 13:47:06.483 INFO  [restartedMain] o.z.m.MallapiApplication - Started MallapiApplication in 1.256 seconds (process running for 260263.107)
2025-01-06 13:47:06.484 INFO  [restartedMain] o.s.b.d.a.ConditionEvaluationDeltaLoggingListener - Condition evaluation unchanged
2025-01-06 13:47:07.926 INFO  [File Watcher] o.s.b.d.a.LocalDevToolsAutoConfiguration$RestartingClassPathChangeChangedEventListener - Restarting due to 1 class path change (1 addition, 0 deletions, 0 modifications)
2025-01-06 13:47:08.098 INFO  [Thread-134] o.s.o.j.LocalContainerEntityManagerFactoryBean - Closing JPA EntityManagerFactory for persistence unit 'default'
2025-01-06 13:47:08.100 INFO  [Thread-134] c.z.h.HikariDataSource - HikariPool-34 - Shutdown initiated...
2025-01-06 13:47:08.102 INFO  [HikariPool-34 connection closer] l.log4j2 - 511. Connection closed. {executed in 2ms} 
2025-01-06 13:47:08.102 INFO  [HikariPool-34 connection closer] l.log4j2 - 511. Connection.close() returned 
2025-01-06 13:47:08.102 INFO  [HikariPool-34 connection closer] l.log4j2 - 512. Connection closed. {executed in 0ms} 
2025-01-06 13:47:08.102 INFO  [HikariPool-34 connection closer] l.log4j2 - 512. Connection.close() returned 
2025-01-06 13:47:08.103 INFO  [HikariPool-34 connection closer] l.log4j2 - 513. Connection closed. {executed in 1ms} 
2025-01-06 13:47:08.103 INFO  [HikariPool-34 connection closer] l.log4j2 - 513. Connection.close() returned 
2025-01-06 13:47:08.103 INFO  [HikariPool-34 connection closer] l.log4j2 - 514. Connection closed. {executed in 0ms} 
2025-01-06 13:47:08.103 INFO  [HikariPool-34 connection closer] l.log4j2 - 514. Connection.close() returned 
2025-01-06 13:47:08.103 INFO  [HikariPool-34 connection closer] l.log4j2 - 515. Connection closed. {executed in 0ms} 
2025-01-06 13:47:08.103 INFO  [HikariPool-34 connection closer] l.log4j2 - 515. Connection.close() returned 
2025-01-06 13:47:08.104 INFO  [HikariPool-34 connection closer] l.log4j2 - 516. Connection closed. {executed in 1ms} 
2025-01-06 13:47:08.104 INFO  [HikariPool-34 connection closer] l.log4j2 - 516. Connection.close() returned 
2025-01-06 13:47:08.104 INFO  [HikariPool-34 connection closer] l.log4j2 - 517. Connection closed. {executed in 0ms} 
2025-01-06 13:47:08.104 INFO  [HikariPool-34 connection closer] l.log4j2 - 517. Connection.close() returned 
2025-01-06 13:47:08.104 INFO  [HikariPool-34 connection closer] l.log4j2 - 518. Connection closed. {executed in 0ms} 
2025-01-06 13:47:08.104 INFO  [HikariPool-34 connection closer] l.log4j2 - 518. Connection.close() returned 
2025-01-06 13:47:08.105 INFO  [HikariPool-34 connection closer] l.log4j2 - 519. Connection closed. {executed in 1ms} 
2025-01-06 13:47:08.105 INFO  [HikariPool-34 connection closer] l.log4j2 - 519. Connection.close() returned 
2025-01-06 13:47:08.105 INFO  [HikariPool-34 connection closer] l.log4j2 - 520. Connection closed. {executed in 0ms} 
2025-01-06 13:47:08.105 INFO  [HikariPool-34 connection closer] l.log4j2 - 520. Connection.close() returned 
2025-01-06 13:47:08.105 INFO  [Thread-134] c.z.h.HikariDataSource - HikariPool-34 - Shutdown completed.
2025-01-06 13:47:08.200 INFO  [restartedMain] o.z.m.MallapiApplication - Starting MallapiApplication using Java 17.0.12 with PID 10712 (C:\Users\ktcs\backend\mallapi\build\classes\java\main started by ktcs in C:\Users\ktcs\backend\mallapi)
2025-01-06 13:47:08.200 INFO  [restartedMain] o.z.m.MallapiApplication - No active profile set, falling back to 1 default profile: "default"
2025-01-06 13:47:08.596 INFO  [restartedMain] o.s.d.r.c.RepositoryConfigurationDelegate - Bootstrapping Spring Data JPA repositories in DEFAULT mode.
2025-01-06 13:47:08.627 INFO  [restartedMain] o.s.d.r.c.RepositoryConfigurationDelegate - Finished Spring Data repository scanning in 30 ms. Found 3 JPA repository interfaces.
2025-01-06 13:47:08.799 INFO  [restartedMain] o.s.b.w.e.t.TomcatWebServer - Tomcat initialized with port 8081 (http)
2025-01-06 13:47:08.800 INFO  [restartedMain] o.a.c.c.StandardService - Starting service [Tomcat]
2025-01-06 13:47:08.800 INFO  [restartedMain] o.a.c.c.StandardEngine - Starting Servlet engine: [Apache Tomcat/10.1.28]
2025-01-06 13:47:08.833 INFO  [restartedMain] o.a.c.c.C.[.[.[/] - Initializing Spring embedded WebApplicationContext
2025-01-06 13:47:08.833 INFO  [restartedMain] o.s.b.w.s.c.ServletWebServerApplicationContext - Root WebApplicationContext: initialization completed in 631 ms
2025-01-06 13:47:08.899 INFO  [restartedMain] o.h.j.i.u.LogHelper - HHH000204: Processing PersistenceUnitInfo [name: default]
2025-01-06 13:47:08.905 INFO  [restartedMain] o.h.c.i.RegionFactoryInitiator - HHH000026: Second-level cache disabled
2025-01-06 13:47:08.913 INFO  [restartedMain] o.s.o.j.p.SpringPersistenceUnitInfo - No LoadTimeWeaver setup: ignoring JPA class transformer
2025-01-06 13:47:08.914 INFO  [restartedMain] c.z.h.HikariDataSource - HikariPool-35 - Starting...
2025-01-06 13:47:08.917 INFO  [restartedMain] l.log4j2 - 521. Connection opened. {executed in 3ms} 
2025-01-06 13:47:08.917 INFO  [restartedMain] l.log4j2 - 521. Connection.new Connection returned 
2025-01-06 13:47:08.917 INFO  [restartedMain] l.log4j2 - 521. Connection.getNetworkTimeout() returned 0
2025-01-06 13:47:08.917 INFO  [restartedMain] l.log4j2 - 521. Connection.isReadOnly() returned false
2025-01-06 13:47:08.917 INFO  [restartedMain] l.log4j2 - 521. Connection.getAutoCommit() returned true
2025-01-06 13:47:08.917 INFO  [restartedMain] l.log4j2 - 521. Connection.isValid(1) returned true
2025-01-06 13:47:08.918 INFO  [restartedMain] l.log4j2 - 521. Connection.getTransactionIsolation() returned 4
2025-01-06 13:47:08.918 INFO  [restartedMain] c.z.h.p.HikariPool - HikariPool-35 - Added connection net.sf.log4jdbc.sql.jdbcapi.ConnectionSpy@3b02e8ee
2025-01-06 13:47:08.918 INFO  [restartedMain] c.z.h.HikariDataSource - HikariPool-35 - Start completed.
2025-01-06 13:47:08.918 INFO  [restartedMain] l.log4j2 - 521. Connection.getMetaData() returned org.mariadb.jdbc.DatabaseMetaData@78b86929
2025-01-06 13:47:08.919 INFO  [restartedMain] l.log4j2 - 521. Statement.new Statement returned 
2025-01-06 13:47:08.919 INFO  [restartedMain] l.log4j2 - 521. Connection.createStatement() returned net.sf.log4jdbc.sql.jdbcapi.StatementSpy@2b674f6e
2025-01-06 13:47:08.919 INFO  [restartedMain] l.log4j2 - 521. SELECT @@character_set_database, @@sql_mode  {executed in 0 ms}
2025-01-06 13:47:08.919 INFO  [restartedMain] l.log4j2 - 521. ResultSet.new ResultSet returned 
2025-01-06 13:47:08.919 INFO  [restartedMain] l.log4j2 - 521. Statement.executeQuery(SELECT @@character_set_database, @@sql_mode) returned net.sf.log4jdbc.sql.jdbcapi.ResultSetSpy@1d51865
2025-01-06 13:47:08.920 INFO  [restartedMain] l.log4j2 - 521. ResultSet.next() returned true
2025-01-06 13:47:08.920 INFO  [restartedMain] l.log4j2 - 521. ResultSet.getString(1) returned utf8
2025-01-06 13:47:08.920 INFO  [restartedMain] l.log4j2 - 521. ResultSet.getString(2) returned IGNORE_SPACE,STRICT_TRANS_TABLES,ERROR_FOR_DIVISION_BY_ZERO,NO_AUTO_CREATE_USER,NO_ENGINE_SUBSTITUTION
2025-01-06 13:47:08.920 INFO  [restartedMain] l.log4j2 - 521. Statement.close() returned 
2025-01-06 13:47:08.920 INFO  [restartedMain] l.log4j2 - 521. Connection.getCatalog() returned malldb
2025-01-06 13:47:08.921 INFO  [restartedMain] l.log4j2 - 521. Connection.getSchema() returned null
2025-01-06 13:47:08.921 INFO  [restartedMain] l.log4j2 - 521. Connection.getSchema() returned null
2025-01-06 13:47:08.921 INFO  [restartedMain] l.log4j2 - 521. Connection.getMetaData() returned org.mariadb.jdbc.DatabaseMetaData@2dbcd529
2025-01-06 13:47:08.921 INFO  [restartedMain] l.log4j2 - 521. Connection.createClob() returned 
2025-01-06 13:47:08.921 INFO  [restartedMain] l.log4j2 - 521. Connection.createNClob() returned 
2025-01-06 13:47:08.921 INFO  [restartedMain] l.log4j2 - 521. Connection.clearWarnings() returned 
2025-01-06 13:47:08.965 INFO  [restartedMain] o.h.e.t.j.p.i.JtaPlatformInitiator - HHH000489: No JTA platform available (set 'hibernate.transaction.jta.platform' to enable JTA platform integration)
2025-01-06 13:47:08.965 INFO  [restartedMain] l.log4j2 - 521. Connection.getAutoCommit() returned true
2025-01-06 13:47:08.965 INFO  [restartedMain] l.log4j2 - 521. PreparedStatement.new PreparedStatement returned 
2025-01-06 13:47:08.965 INFO  [restartedMain] l.log4j2 - 521. Connection.prepareStatement(select table_name from information_schema.TABLES where table_schema=database() and table_type='SEQUENCE') returned net.sf.log4jdbc.sql.jdbcapi.PreparedStatementSpy@4966b7f3
2025-01-06 13:47:08.966 INFO  [restartedMain] l.log4j2 - 521. select table_name from information_schema.TABLES where table_schema=database() and table_type='SEQUENCE'  {executed in 1 ms}
2025-01-06 13:47:08.966 INFO  [restartedMain] l.log4j2 - 521. ResultSet.new ResultSet returned 
2025-01-06 13:47:08.966 INFO  [restartedMain] l.log4j2 - 521. PreparedStatement.executeQuery() returned net.sf.log4jdbc.sql.jdbcapi.ResultSetSpy@230e7db1
2025-01-06 13:47:08.966 INFO  [restartedMain] l.log4j2 - 
|-----------|
|table_name |
|-----------|
|-----------|

2025-01-06 13:47:08.966 INFO  [restartedMain] l.log4j2 - 521. ResultSet.next() returned false
2025-01-06 13:47:08.966 INFO  [restartedMain] l.log4j2 - 521. ResultSet.close() returned void
2025-01-06 13:47:08.967 INFO  [restartedMain] l.log4j2 - 521. PreparedStatement.close() returned 
2025-01-06 13:47:08.967 INFO  [restartedMain] l.log4j2 - 521. Connection.getMetaData() returned org.mariadb.jdbc.DatabaseMetaData@1b9eb0b0
2025-01-06 13:47:08.990 INFO  [restartedMain] l.log4j2 - 521. PreparedStatement.new PreparedStatement returned 
2025-01-06 13:47:08.990 INFO  [restartedMain] l.log4j2 - 521. Connection.prepareStatement(select * from `malldb`.`member` where 1=0) returned net.sf.log4jdbc.sql.jdbcapi.PreparedStatementSpy@911ad8b
2025-01-06 13:47:08.991 INFO  [restartedMain] l.log4j2 - 521. select * from `malldb`.`member` where 1=0  {executed in 1 ms}
2025-01-06 13:47:08.991 INFO  [restartedMain] l.log4j2 - 521. ResultSet.new ResultSet returned 
2025-01-06 13:47:08.991 INFO  [restartedMain] l.log4j2 - 521. PreparedStatement.executeQuery() returned net.sf.log4jdbc.sql.jdbcapi.ResultSetSpy@5922baed
2025-01-06 13:47:08.991 INFO  [restartedMain] l.log4j2 - 521. ResultSet.getMetaData() returned org.mariadb.jdbc.client.result.ResultSetMetaData@37578a49
2025-01-06 13:47:08.991 INFO  [restartedMain] l.log4j2 - 
|------|---------|---|-------|
|email |nickname |pw |social |
|------|---------|---|-------|
|------|---------|---|-------|

2025-01-06 13:47:08.991 INFO  [restartedMain] l.log4j2 - 521. ResultSet.close() returned void
2025-01-06 13:47:08.991 INFO  [restartedMain] l.log4j2 - 521. PreparedStatement.close() returned 
2025-01-06 13:47:08.992 INFO  [restartedMain] l.log4j2 - 521. PreparedStatement.new PreparedStatement returned 
2025-01-06 13:47:08.993 INFO  [restartedMain] l.log4j2 - 521. Connection.prepareStatement(select * from `malldb`.`tbl_product` where 1=0) returned net.sf.log4jdbc.sql.jdbcapi.PreparedStatementSpy@64e2dee2
2025-01-06 13:47:08.993 INFO  [restartedMain] l.log4j2 - 521. select * from `malldb`.`tbl_product` where 1=0  {executed in 0 ms}
2025-01-06 13:47:08.993 INFO  [restartedMain] l.log4j2 - 521. ResultSet.new ResultSet returned 
2025-01-06 13:47:08.993 INFO  [restartedMain] l.log4j2 - 521. PreparedStatement.executeQuery() returned net.sf.log4jdbc.sql.jdbcapi.ResultSetSpy@28dbf541
2025-01-06 13:47:08.993 INFO  [restartedMain] l.log4j2 - 521. ResultSet.getMetaData() returned org.mariadb.jdbc.client.result.ResultSetMetaData@23d527d1
2025-01-06 13:47:08.993 INFO  [restartedMain] l.log4j2 - 
|----|---------|------|------|------|
|pno |del_flag |pdesc |pname |price |
|----|---------|------|------|------|
|----|---------|------|------|------|

2025-01-06 13:47:08.993 INFO  [restartedMain] l.log4j2 - 521. ResultSet.close() returned void
2025-01-06 13:47:08.993 INFO  [restartedMain] l.log4j2 - 521. PreparedStatement.close() returned 
2025-01-06 13:47:08.993 INFO  [restartedMain] l.log4j2 - 521. Connection.clearWarnings() returned 
2025-01-06 13:47:08.994 INFO  [restartedMain] o.s.o.j.LocalContainerEntityManagerFactoryBean - Initialized JPA EntityManagerFactory for persistence unit 'default'
2025-01-06 13:47:09.029 INFO  [HikariPool-35 connection adder] l.log4j2 - 522. Connection opened. {executed in 3ms} 
2025-01-06 13:47:09.029 INFO  [HikariPool-35 connection adder] l.log4j2 - 522. Connection.new Connection returned 
2025-01-06 13:47:09.029 INFO  [HikariPool-35 connection adder] l.log4j2 - 522. Connection.isReadOnly() returned false
2025-01-06 13:47:09.029 INFO  [HikariPool-35 connection adder] l.log4j2 - 522. Connection.getAutoCommit() returned true
2025-01-06 13:47:09.043 INFO  [HikariPool-35 connection adder] l.log4j2 - 523. Connection opened. {executed in 2ms} 
2025-01-06 13:47:09.043 INFO  [HikariPool-35 connection adder] l.log4j2 - 523. Connection.new Connection returned 
2025-01-06 13:47:09.043 INFO  [HikariPool-35 connection adder] l.log4j2 - 523. Connection.isReadOnly() returned false
2025-01-06 13:47:09.043 INFO  [HikariPool-35 connection adder] l.log4j2 - 523. Connection.getAutoCommit() returned true
2025-01-06 13:47:09.058 INFO  [HikariPool-35 connection adder] l.log4j2 - 524. Connection opened. {executed in 2ms} 
2025-01-06 13:47:09.059 INFO  [HikariPool-35 connection adder] l.log4j2 - 524. Connection.new Connection returned 
2025-01-06 13:47:09.059 INFO  [HikariPool-35 connection adder] l.log4j2 - 524. Connection.isReadOnly() returned false
2025-01-06 13:47:09.059 INFO  [HikariPool-35 connection adder] l.log4j2 - 524. Connection.getAutoCommit() returned true
2025-01-06 13:47:09.068 INFO  [restartedMain] o.z.m.u.CustomFileUtil - -------------------------------------
2025-01-06 13:47:09.068 INFO  [restartedMain] o.z.m.u.CustomFileUtil - C:\Users\ktcs\backend\mallapi\upload
2025-01-06 13:47:09.074 INFO  [HikariPool-35 connection adder] l.log4j2 - 525. Connection opened. {executed in 3ms} 
2025-01-06 13:47:09.074 INFO  [HikariPool-35 connection adder] l.log4j2 - 525. Connection.new Connection returned 
2025-01-06 13:47:09.074 INFO  [HikariPool-35 connection adder] l.log4j2 - 525. Connection.isReadOnly() returned false
2025-01-06 13:47:09.074 INFO  [HikariPool-35 connection adder] l.log4j2 - 525. Connection.getAutoCommit() returned true
2025-01-06 13:47:09.089 INFO  [HikariPool-35 connection adder] l.log4j2 - 526. Connection opened. {executed in 2ms} 
2025-01-06 13:47:09.089 INFO  [HikariPool-35 connection adder] l.log4j2 - 526. Connection.new Connection returned 
2025-01-06 13:47:09.090 INFO  [HikariPool-35 connection adder] l.log4j2 - 526. Connection.isReadOnly() returned false
2025-01-06 13:47:09.090 INFO  [HikariPool-35 connection adder] l.log4j2 - 526. Connection.getAutoCommit() returned true
2025-01-06 13:47:09.105 INFO  [HikariPool-35 connection adder] l.log4j2 - 527. Connection opened. {executed in 2ms} 
2025-01-06 13:47:09.106 INFO  [HikariPool-35 connection adder] l.log4j2 - 527. Connection.new Connection returned 
2025-01-06 13:47:09.106 INFO  [HikariPool-35 connection adder] l.log4j2 - 527. Connection.isReadOnly() returned false
2025-01-06 13:47:09.106 INFO  [HikariPool-35 connection adder] l.log4j2 - 527. Connection.getAutoCommit() returned true
2025-01-06 13:47:09.121 INFO  [HikariPool-35 connection adder] l.log4j2 - 528. Connection opened. {executed in 2ms} 
2025-01-06 13:47:09.121 INFO  [HikariPool-35 connection adder] l.log4j2 - 528. Connection.new Connection returned 
2025-01-06 13:47:09.121 INFO  [HikariPool-35 connection adder] l.log4j2 - 528. Connection.isReadOnly() returned false
2025-01-06 13:47:09.121 INFO  [HikariPool-35 connection adder] l.log4j2 - 528. Connection.getAutoCommit() returned true
2025-01-06 13:47:09.138 INFO  [HikariPool-35 connection adder] l.log4j2 - 529. Connection opened. {executed in 3ms} 
2025-01-06 13:47:09.138 INFO  [HikariPool-35 connection adder] l.log4j2 - 529. Connection.new Connection returned 
2025-01-06 13:47:09.138 INFO  [HikariPool-35 connection adder] l.log4j2 - 529. Connection.isReadOnly() returned false
2025-01-06 13:47:09.138 INFO  [HikariPool-35 connection adder] l.log4j2 - 529. Connection.getAutoCommit() returned true
2025-01-06 13:47:09.142 WARN  [restartedMain] o.s.b.a.o.j.JpaBaseConfiguration$JpaWebConfiguration - spring.jpa.open-in-view is enabled by default. Therefore, database queries may be performed during view rendering. Explicitly configure spring.jpa.open-in-view to disable this warning
2025-01-06 13:47:09.153 INFO  [HikariPool-35 connection adder] l.log4j2 - 530. Connection opened. {executed in 2ms} 
2025-01-06 13:47:09.153 INFO  [HikariPool-35 connection adder] l.log4j2 - 530. Connection.new Connection returned 
2025-01-06 13:47:09.153 INFO  [HikariPool-35 connection adder] l.log4j2 - 530. Connection.isReadOnly() returned false
2025-01-06 13:47:09.153 INFO  [HikariPool-35 connection adder] l.log4j2 - 530. Connection.getAutoCommit() returned true
2025-01-06 13:47:09.171 INFO  [restartedMain] o.z.m.c.CustomSecurityConfig - ---------------------security config---------------------------
2025-01-06 13:47:09.199 INFO  [restartedMain] o.s.s.w.DefaultSecurityFilterChain - Will secure any request with [org.springframework.security.web.session.DisableEncodeUrlFilter@63886c6d, org.springframework.security.web.context.request.async.WebAsyncManagerIntegrationFilter@186810a8, org.springframework.security.web.context.SecurityContextHolderFilter@7fa7875e, org.springframework.security.web.header.HeaderWriterFilter@373e7593, org.springframework.web.filter.CorsFilter@576493f0, org.springframework.security.web.authentication.logout.LogoutFilter@14db6306, org.zerock.mallapi.security.filter.JWTCheckFilter@48cae8fa, org.springframework.security.web.authentication.UsernamePasswordAuthenticationFilter@3cb470a6, org.springframework.security.web.savedrequest.RequestCacheAwareFilter@9b43e6d, org.springframework.security.web.servletapi.SecurityContextHolderAwareRequestFilter@4de25025, org.springframework.security.web.authentication.AnonymousAuthenticationFilter@68011e8a, org.springframework.security.web.session.SessionManagementFilter@2f06bf71, org.springframework.security.web.access.ExceptionTranslationFilter@197de304]
2025-01-06 13:47:09.469 INFO  [restartedMain] o.s.b.d.a.OptionalLiveReloadServer - LiveReload server is running on port 35729
2025-01-06 13:47:09.486 INFO  [restartedMain] o.s.b.w.e.t.TomcatWebServer - Tomcat started on port 8081 (http) with context path ''
2025-01-06 13:47:09.492 INFO  [restartedMain] o.z.m.MallapiApplication - Started MallapiApplication in 1.319 seconds (process running for 260266.115)
2025-01-06 13:47:09.493 INFO  [restartedMain] o.s.b.d.a.ConditionEvaluationDeltaLoggingListener - Condition evaluation unchanged
2025-01-06 13:49:51.422 INFO  [File Watcher] o.s.b.d.a.LocalDevToolsAutoConfiguration$RestartingClassPathChangeChangedEventListener - Restarting due to 1 class path change (0 additions, 1 deletion, 0 modifications)
2025-01-06 13:49:51.953 INFO  [Thread-138] o.s.o.j.LocalContainerEntityManagerFactoryBean - Closing JPA EntityManagerFactory for persistence unit 'default'
2025-01-06 13:49:51.976 INFO  [Thread-138] c.z.h.HikariDataSource - HikariPool-35 - Shutdown initiated...
2025-01-06 13:49:51.988 INFO  [HikariPool-35 connection closer] l.log4j2 - 521. Connection closed. {executed in 5ms} 
2025-01-06 13:49:51.990 INFO  [HikariPool-35 connection closer] l.log4j2 - 521. Connection.close() returned 
2025-01-06 13:49:51.991 INFO  [HikariPool-35 connection closer] l.log4j2 - 522. Connection closed. {executed in 1ms} 
2025-01-06 13:49:51.991 INFO  [HikariPool-35 connection closer] l.log4j2 - 522. Connection.close() returned 
2025-01-06 13:49:51.992 INFO  [HikariPool-35 connection closer] l.log4j2 - 523. Connection closed. {executed in 1ms} 
2025-01-06 13:49:51.992 INFO  [HikariPool-35 connection closer] l.log4j2 - 523. Connection.close() returned 
2025-01-06 13:49:51.992 INFO  [HikariPool-35 connection closer] l.log4j2 - 524. Connection closed. {executed in 0ms} 
2025-01-06 13:49:51.992 INFO  [HikariPool-35 connection closer] l.log4j2 - 524. Connection.close() returned 
2025-01-06 13:49:51.993 INFO  [HikariPool-35 connection closer] l.log4j2 - 525. Connection closed. {executed in 0ms} 
2025-01-06 13:49:51.993 INFO  [HikariPool-35 connection closer] l.log4j2 - 525. Connection.close() returned 
2025-01-06 13:49:51.993 INFO  [HikariPool-35 connection closer] l.log4j2 - 526. Connection closed. {executed in 0ms} 
2025-01-06 13:49:51.993 INFO  [HikariPool-35 connection closer] l.log4j2 - 526. Connection.close() returned 
2025-01-06 13:49:51.993 INFO  [HikariPool-35 connection closer] l.log4j2 - 527. Connection closed. {executed in 0ms} 
2025-01-06 13:49:51.993 INFO  [HikariPool-35 connection closer] l.log4j2 - 527. Connection.close() returned 
2025-01-06 13:49:51.993 INFO  [HikariPool-35 connection closer] l.log4j2 - 528. Connection closed. {executed in 0ms} 
2025-01-06 13:49:51.994 INFO  [HikariPool-35 connection closer] l.log4j2 - 528. Connection.close() returned 
2025-01-06 13:49:51.994 INFO  [HikariPool-35 connection closer] l.log4j2 - 529. Connection closed. {executed in 0ms} 
2025-01-06 13:49:51.994 INFO  [HikariPool-35 connection closer] l.log4j2 - 529. Connection.close() returned 
2025-01-06 13:49:51.994 INFO  [HikariPool-35 connection closer] l.log4j2 - 530. Connection closed. {executed in 0ms} 
2025-01-06 13:49:51.994 INFO  [HikariPool-35 connection closer] l.log4j2 - 530. Connection.close() returned 
2025-01-06 13:49:51.994 INFO  [Thread-138] c.z.h.HikariDataSource - HikariPool-35 - Shutdown completed.
2025-01-06 13:49:52.220 INFO  [restartedMain] o.z.m.MallapiApplication - Starting MallapiApplication using Java 17.0.12 with PID 10712 (C:\Users\ktcs\backend\mallapi\build\classes\java\main started by ktcs in C:\Users\ktcs\backend\mallapi)
2025-01-06 13:49:52.220 INFO  [restartedMain] o.z.m.MallapiApplication - No active profile set, falling back to 1 default profile: "default"
2025-01-06 13:49:52.717 INFO  [restartedMain] o.s.d.r.c.RepositoryConfigurationDelegate - Bootstrapping Spring Data JPA repositories in DEFAULT mode.
2025-01-06 13:49:52.753 INFO  [restartedMain] o.s.d.r.c.RepositoryConfigurationDelegate - Finished Spring Data repository scanning in 35 ms. Found 3 JPA repository interfaces.
2025-01-06 13:49:53.001 INFO  [restartedMain] o.s.b.w.e.t.TomcatWebServer - Tomcat initialized with port 8081 (http)
2025-01-06 13:49:53.002 INFO  [restartedMain] o.a.c.c.StandardService - Starting service [Tomcat]
2025-01-06 13:49:53.002 INFO  [restartedMain] o.a.c.c.StandardEngine - Starting Servlet engine: [Apache Tomcat/10.1.28]
2025-01-06 13:49:53.074 INFO  [restartedMain] o.a.c.c.C.[.[.[/] - Initializing Spring embedded WebApplicationContext
2025-01-06 13:49:53.074 INFO  [restartedMain] o.s.b.w.s.c.ServletWebServerApplicationContext - Root WebApplicationContext: initialization completed in 851 ms
2025-01-06 13:49:53.219 INFO  [restartedMain] o.h.j.i.u.LogHelper - HHH000204: Processing PersistenceUnitInfo [name: default]
2025-01-06 13:49:53.224 INFO  [restartedMain] o.h.c.i.RegionFactoryInitiator - HHH000026: Second-level cache disabled
2025-01-06 13:49:53.231 INFO  [restartedMain] o.s.o.j.p.SpringPersistenceUnitInfo - No LoadTimeWeaver setup: ignoring JPA class transformer
2025-01-06 13:49:53.232 INFO  [restartedMain] c.z.h.HikariDataSource - HikariPool-36 - Starting...
2025-01-06 13:49:53.241 INFO  [restartedMain] l.log4j2 - 531. Connection opened. {executed in 8ms} 
2025-01-06 13:49:53.241 INFO  [restartedMain] l.log4j2 - 531. Connection.new Connection returned 
2025-01-06 13:49:53.242 INFO  [restartedMain] l.log4j2 - 531. Connection.getNetworkTimeout() returned 0
2025-01-06 13:49:53.242 INFO  [restartedMain] l.log4j2 - 531. Connection.isReadOnly() returned false
2025-01-06 13:49:53.242 INFO  [restartedMain] l.log4j2 - 531. Connection.getAutoCommit() returned true
2025-01-06 13:49:53.242 INFO  [restartedMain] l.log4j2 - 531. Connection.isValid(1) returned true
2025-01-06 13:49:53.242 INFO  [restartedMain] l.log4j2 - 531. Connection.getTransactionIsolation() returned 4
2025-01-06 13:49:53.244 INFO  [restartedMain] c.z.h.p.HikariPool - HikariPool-36 - Added connection net.sf.log4jdbc.sql.jdbcapi.ConnectionSpy@2ffa503e
2025-01-06 13:49:53.244 INFO  [restartedMain] c.z.h.HikariDataSource - HikariPool-36 - Start completed.
2025-01-06 13:49:53.244 INFO  [restartedMain] l.log4j2 - 531. Connection.getMetaData() returned org.mariadb.jdbc.DatabaseMetaData@39a44802
2025-01-06 13:49:53.244 INFO  [restartedMain] l.log4j2 - 531. Statement.new Statement returned 
2025-01-06 13:49:53.244 INFO  [restartedMain] l.log4j2 - 531. Connection.createStatement() returned net.sf.log4jdbc.sql.jdbcapi.StatementSpy@27d80ed1
2025-01-06 13:49:53.245 INFO  [restartedMain] l.log4j2 - 531. SELECT @@character_set_database, @@sql_mode  {executed in 0 ms}
2025-01-06 13:49:53.245 INFO  [restartedMain] l.log4j2 - 531. ResultSet.new ResultSet returned 
2025-01-06 13:49:53.245 INFO  [restartedMain] l.log4j2 - 531. Statement.executeQuery(SELECT @@character_set_database, @@sql_mode) returned net.sf.log4jdbc.sql.jdbcapi.ResultSetSpy@26e55ca4
2025-01-06 13:49:53.245 INFO  [restartedMain] l.log4j2 - 531. ResultSet.next() returned true
2025-01-06 13:49:53.245 INFO  [restartedMain] l.log4j2 - 531. ResultSet.getString(1) returned utf8
2025-01-06 13:49:53.245 INFO  [restartedMain] l.log4j2 - 531. ResultSet.getString(2) returned IGNORE_SPACE,STRICT_TRANS_TABLES,ERROR_FOR_DIVISION_BY_ZERO,NO_AUTO_CREATE_USER,NO_ENGINE_SUBSTITUTION
2025-01-06 13:49:53.245 INFO  [restartedMain] l.log4j2 - 531. Statement.close() returned 
2025-01-06 13:49:53.246 INFO  [restartedMain] l.log4j2 - 531. Connection.getCatalog() returned malldb
2025-01-06 13:49:53.246 INFO  [restartedMain] l.log4j2 - 531. Connection.getSchema() returned null
2025-01-06 13:49:53.246 INFO  [restartedMain] l.log4j2 - 531. Connection.getSchema() returned null
2025-01-06 13:49:53.246 INFO  [restartedMain] l.log4j2 - 531. Connection.getMetaData() returned org.mariadb.jdbc.DatabaseMetaData@5b6383e6
2025-01-06 13:49:53.246 INFO  [restartedMain] l.log4j2 - 531. Connection.createClob() returned 
2025-01-06 13:49:53.246 INFO  [restartedMain] l.log4j2 - 531. Connection.createNClob() returned 
2025-01-06 13:49:53.246 INFO  [restartedMain] l.log4j2 - 531. Connection.clearWarnings() returned 
2025-01-06 13:49:53.300 INFO  [restartedMain] o.h.e.t.j.p.i.JtaPlatformInitiator - HHH000489: No JTA platform available (set 'hibernate.transaction.jta.platform' to enable JTA platform integration)
2025-01-06 13:49:53.301 INFO  [restartedMain] l.log4j2 - 531. Connection.getAutoCommit() returned true
2025-01-06 13:49:53.301 INFO  [restartedMain] l.log4j2 - 531. PreparedStatement.new PreparedStatement returned 
2025-01-06 13:49:53.301 INFO  [restartedMain] l.log4j2 - 531. Connection.prepareStatement(select table_name from information_schema.TABLES where table_schema=database() and table_type='SEQUENCE') returned net.sf.log4jdbc.sql.jdbcapi.PreparedStatementSpy@4f4fc0ea
2025-01-06 13:49:53.306 INFO  [restartedMain] l.log4j2 - 531. select table_name from information_schema.TABLES where table_schema=database() and table_type='SEQUENCE'  {executed in 5 ms}
2025-01-06 13:49:53.307 INFO  [restartedMain] l.log4j2 - 531. ResultSet.new ResultSet returned 
2025-01-06 13:49:53.307 INFO  [restartedMain] l.log4j2 - 531. PreparedStatement.executeQuery() returned net.sf.log4jdbc.sql.jdbcapi.ResultSetSpy@1fcd6dc5
2025-01-06 13:49:53.307 INFO  [restartedMain] l.log4j2 - 
|-----------|
|table_name |
|-----------|
|-----------|

2025-01-06 13:49:53.307 INFO  [restartedMain] l.log4j2 - 531. ResultSet.next() returned false
2025-01-06 13:49:53.307 INFO  [restartedMain] l.log4j2 - 531. ResultSet.close() returned void
2025-01-06 13:49:53.307 INFO  [restartedMain] l.log4j2 - 531. PreparedStatement.close() returned 
2025-01-06 13:49:53.307 INFO  [restartedMain] l.log4j2 - 531. Connection.getMetaData() returned org.mariadb.jdbc.DatabaseMetaData@4d9dab60
2025-01-06 13:49:53.336 INFO  [restartedMain] l.log4j2 - 531. PreparedStatement.new PreparedStatement returned 
2025-01-06 13:49:53.336 INFO  [restartedMain] l.log4j2 - 531. Connection.prepareStatement(select * from `malldb`.`member` where 1=0) returned net.sf.log4jdbc.sql.jdbcapi.PreparedStatementSpy@3f93edfd
2025-01-06 13:49:53.336 INFO  [restartedMain] l.log4j2 - 531. select * from `malldb`.`member` where 1=0  {executed in 0 ms}
2025-01-06 13:49:53.337 INFO  [restartedMain] l.log4j2 - 531. ResultSet.new ResultSet returned 
2025-01-06 13:49:53.337 INFO  [restartedMain] l.log4j2 - 531. PreparedStatement.executeQuery() returned net.sf.log4jdbc.sql.jdbcapi.ResultSetSpy@4bc41c8f
2025-01-06 13:49:53.337 INFO  [restartedMain] l.log4j2 - 531. ResultSet.getMetaData() returned org.mariadb.jdbc.client.result.ResultSetMetaData@6b22783c
2025-01-06 13:49:53.337 INFO  [restartedMain] l.log4j2 - 
|------|---------|---|-------|
|email |nickname |pw |social |
|------|---------|---|-------|
|------|---------|---|-------|

2025-01-06 13:49:53.337 INFO  [restartedMain] l.log4j2 - 531. ResultSet.close() returned void
2025-01-06 13:49:53.337 INFO  [restartedMain] l.log4j2 - 531. PreparedStatement.close() returned 
2025-01-06 13:49:53.339 INFO  [restartedMain] l.log4j2 - 531. PreparedStatement.new PreparedStatement returned 
2025-01-06 13:49:53.339 INFO  [restartedMain] l.log4j2 - 531. Connection.prepareStatement(select * from `malldb`.`tbl_product` where 1=0) returned net.sf.log4jdbc.sql.jdbcapi.PreparedStatementSpy@14e9a688
2025-01-06 13:49:53.339 INFO  [restartedMain] l.log4j2 - 531. select * from `malldb`.`tbl_product` where 1=0  {executed in 0 ms}
2025-01-06 13:49:53.339 INFO  [restartedMain] l.log4j2 - 531. ResultSet.new ResultSet returned 
2025-01-06 13:49:53.339 INFO  [restartedMain] l.log4j2 - 531. PreparedStatement.executeQuery() returned net.sf.log4jdbc.sql.jdbcapi.ResultSetSpy@7fa2f0fe
2025-01-06 13:49:53.339 INFO  [restartedMain] l.log4j2 - 531. ResultSet.getMetaData() returned org.mariadb.jdbc.client.result.ResultSetMetaData@73994ae
2025-01-06 13:49:53.339 INFO  [restartedMain] l.log4j2 - 
|----|---------|------|------|------|
|pno |del_flag |pdesc |pname |price |
|----|---------|------|------|------|
|----|---------|------|------|------|

2025-01-06 13:49:53.339 INFO  [restartedMain] l.log4j2 - 531. ResultSet.close() returned void
2025-01-06 13:49:53.339 INFO  [restartedMain] l.log4j2 - 531. PreparedStatement.close() returned 
2025-01-06 13:49:53.340 INFO  [restartedMain] l.log4j2 - 531. Connection.clearWarnings() returned 
2025-01-06 13:49:53.340 INFO  [restartedMain] o.s.o.j.LocalContainerEntityManagerFactoryBean - Initialized JPA EntityManagerFactory for persistence unit 'default'
2025-01-06 13:49:53.347 INFO  [HikariPool-36 connection adder] l.log4j2 - 532. Connection opened. {executed in 3ms} 
2025-01-06 13:49:53.347 INFO  [HikariPool-36 connection adder] l.log4j2 - 532. Connection.new Connection returned 
2025-01-06 13:49:53.347 INFO  [HikariPool-36 connection adder] l.log4j2 - 532. Connection.isReadOnly() returned false
2025-01-06 13:49:53.347 INFO  [HikariPool-36 connection adder] l.log4j2 - 532. Connection.getAutoCommit() returned true
2025-01-06 13:49:53.361 INFO  [HikariPool-36 connection adder] l.log4j2 - 533. Connection opened. {executed in 2ms} 
2025-01-06 13:49:53.361 INFO  [HikariPool-36 connection adder] l.log4j2 - 533. Connection.new Connection returned 
2025-01-06 13:49:53.362 INFO  [HikariPool-36 connection adder] l.log4j2 - 533. Connection.isReadOnly() returned false
2025-01-06 13:49:53.362 INFO  [HikariPool-36 connection adder] l.log4j2 - 533. Connection.getAutoCommit() returned true
2025-01-06 13:49:53.378 INFO  [HikariPool-36 connection adder] l.log4j2 - 534. Connection opened. {executed in 3ms} 
2025-01-06 13:49:53.378 INFO  [HikariPool-36 connection adder] l.log4j2 - 534. Connection.new Connection returned 
2025-01-06 13:49:53.378 INFO  [HikariPool-36 connection adder] l.log4j2 - 534. Connection.isReadOnly() returned false
2025-01-06 13:49:53.378 INFO  [HikariPool-36 connection adder] l.log4j2 - 534. Connection.getAutoCommit() returned true
2025-01-06 13:49:53.393 INFO  [HikariPool-36 connection adder] l.log4j2 - 535. Connection opened. {executed in 2ms} 
2025-01-06 13:49:53.393 INFO  [HikariPool-36 connection adder] l.log4j2 - 535. Connection.new Connection returned 
2025-01-06 13:49:53.393 INFO  [HikariPool-36 connection adder] l.log4j2 - 535. Connection.isReadOnly() returned false
2025-01-06 13:49:53.393 INFO  [HikariPool-36 connection adder] l.log4j2 - 535. Connection.getAutoCommit() returned true
2025-01-06 13:49:53.408 INFO  [HikariPool-36 connection adder] l.log4j2 - 536. Connection opened. {executed in 2ms} 
2025-01-06 13:49:53.408 INFO  [HikariPool-36 connection adder] l.log4j2 - 536. Connection.new Connection returned 
2025-01-06 13:49:53.408 INFO  [HikariPool-36 connection adder] l.log4j2 - 536. Connection.isReadOnly() returned false
2025-01-06 13:49:53.408 INFO  [HikariPool-36 connection adder] l.log4j2 - 536. Connection.getAutoCommit() returned true
2025-01-06 13:49:53.412 INFO  [restartedMain] o.z.m.u.CustomFileUtil - -------------------------------------
2025-01-06 13:49:53.412 INFO  [restartedMain] o.z.m.u.CustomFileUtil - C:\Users\ktcs\backend\mallapi\upload
2025-01-06 13:49:53.424 INFO  [HikariPool-36 connection adder] l.log4j2 - 537. Connection opened. {executed in 3ms} 
2025-01-06 13:49:53.424 INFO  [HikariPool-36 connection adder] l.log4j2 - 537. Connection.new Connection returned 
2025-01-06 13:49:53.424 INFO  [HikariPool-36 connection adder] l.log4j2 - 537. Connection.isReadOnly() returned false
2025-01-06 13:49:53.424 INFO  [HikariPool-36 connection adder] l.log4j2 - 537. Connection.getAutoCommit() returned true
2025-01-06 13:49:53.440 INFO  [HikariPool-36 connection adder] l.log4j2 - 538. Connection opened. {executed in 4ms} 
2025-01-06 13:49:53.440 INFO  [HikariPool-36 connection adder] l.log4j2 - 538. Connection.new Connection returned 
2025-01-06 13:49:53.440 INFO  [HikariPool-36 connection adder] l.log4j2 - 538. Connection.isReadOnly() returned false
2025-01-06 13:49:53.440 INFO  [HikariPool-36 connection adder] l.log4j2 - 538. Connection.getAutoCommit() returned true
2025-01-06 13:49:53.456 INFO  [HikariPool-36 connection adder] l.log4j2 - 539. Connection opened. {executed in 3ms} 
2025-01-06 13:49:53.456 INFO  [HikariPool-36 connection adder] l.log4j2 - 539. Connection.new Connection returned 
2025-01-06 13:49:53.456 INFO  [HikariPool-36 connection adder] l.log4j2 - 539. Connection.isReadOnly() returned false
2025-01-06 13:49:53.456 INFO  [HikariPool-36 connection adder] l.log4j2 - 539. Connection.getAutoCommit() returned true
2025-01-06 13:49:53.471 INFO  [HikariPool-36 connection adder] l.log4j2 - 540. Connection opened. {executed in 2ms} 
2025-01-06 13:49:53.471 INFO  [HikariPool-36 connection adder] l.log4j2 - 540. Connection.new Connection returned 
2025-01-06 13:49:53.471 INFO  [HikariPool-36 connection adder] l.log4j2 - 540. Connection.isReadOnly() returned false
2025-01-06 13:49:53.472 INFO  [HikariPool-36 connection adder] l.log4j2 - 540. Connection.getAutoCommit() returned true
2025-01-06 13:49:53.478 WARN  [restartedMain] o.s.b.a.o.j.JpaBaseConfiguration$JpaWebConfiguration - spring.jpa.open-in-view is enabled by default. Therefore, database queries may be performed during view rendering. Explicitly configure spring.jpa.open-in-view to disable this warning
2025-01-06 13:49:53.498 INFO  [restartedMain] o.z.m.c.CustomSecurityConfig - ---------------------security config---------------------------
2025-01-06 13:49:53.524 INFO  [restartedMain] o.s.s.w.DefaultSecurityFilterChain - Will secure any request with [org.springframework.security.web.session.DisableEncodeUrlFilter@40a2ee92, org.springframework.security.web.context.request.async.WebAsyncManagerIntegrationFilter@13b54ba5, org.springframework.security.web.context.SecurityContextHolderFilter@580ed15a, org.springframework.security.web.header.HeaderWriterFilter@616add4, org.springframework.web.filter.CorsFilter@3a5e37af, org.springframework.security.web.authentication.logout.LogoutFilter@28a03c40, org.zerock.mallapi.security.filter.JWTCheckFilter@77e027f2, org.springframework.security.web.authentication.UsernamePasswordAuthenticationFilter@4e506462, org.springframework.security.web.savedrequest.RequestCacheAwareFilter@f8d336d, org.springframework.security.web.servletapi.SecurityContextHolderAwareRequestFilter@3c465745, org.springframework.security.web.authentication.AnonymousAuthenticationFilter@206181e2, org.springframework.security.web.session.SessionManagementFilter@4c0edf18, org.springframework.security.web.access.ExceptionTranslationFilter@307cf51b]
2025-01-06 13:49:53.739 INFO  [restartedMain] o.s.b.d.a.OptionalLiveReloadServer - LiveReload server is running on port 35729
2025-01-06 13:49:53.756 INFO  [restartedMain] o.s.b.w.e.t.TomcatWebServer - Tomcat started on port 8081 (http) with context path ''
2025-01-06 13:49:53.761 INFO  [restartedMain] o.z.m.MallapiApplication - Started MallapiApplication in 1.574 seconds (process running for 260430.385)
2025-01-06 13:49:53.761 INFO  [restartedMain] o.s.b.d.a.ConditionEvaluationDeltaLoggingListener - Condition evaluation unchanged
2025-01-06 13:50:35.875 INFO  [File Watcher] o.s.b.d.a.LocalDevToolsAutoConfiguration$RestartingClassPathChangeChangedEventListener - Restarting due to 1 class path change (0 additions, 1 deletion, 0 modifications)
2025-01-06 13:50:36.488 INFO  [Thread-142] o.s.o.j.LocalContainerEntityManagerFactoryBean - Closing JPA EntityManagerFactory for persistence unit 'default'
2025-01-06 13:50:36.488 INFO  [Thread-142] c.z.h.HikariDataSource - HikariPool-36 - Shutdown initiated...
2025-01-06 13:50:36.494 INFO  [HikariPool-36 connection closer] l.log4j2 - 531. Connection closed. {executed in 1ms} 
2025-01-06 13:50:36.494 INFO  [HikariPool-36 connection closer] l.log4j2 - 531. Connection.close() returned 
2025-01-06 13:50:36.494 INFO  [HikariPool-36 connection closer] l.log4j2 - 532. Connection closed. {executed in 0ms} 
2025-01-06 13:50:36.494 INFO  [HikariPool-36 connection closer] l.log4j2 - 532. Connection.close() returned 
2025-01-06 13:50:36.494 INFO  [HikariPool-36 connection closer] l.log4j2 - 533. Connection closed. {executed in 0ms} 
2025-01-06 13:50:36.494 INFO  [HikariPool-36 connection closer] l.log4j2 - 533. Connection.close() returned 
2025-01-06 13:50:36.495 INFO  [HikariPool-36 connection closer] l.log4j2 - 534. Connection closed. {executed in 1ms} 
2025-01-06 13:50:36.495 INFO  [HikariPool-36 connection closer] l.log4j2 - 534. Connection.close() returned 
2025-01-06 13:50:36.495 INFO  [HikariPool-36 connection closer] l.log4j2 - 535. Connection closed. {executed in 0ms} 
2025-01-06 13:50:36.495 INFO  [HikariPool-36 connection closer] l.log4j2 - 535. Connection.close() returned 
2025-01-06 13:50:36.495 INFO  [HikariPool-36 connection closer] l.log4j2 - 536. Connection closed. {executed in 0ms} 
2025-01-06 13:50:36.495 INFO  [HikariPool-36 connection closer] l.log4j2 - 536. Connection.close() returned 
2025-01-06 13:50:36.495 INFO  [HikariPool-36 connection closer] l.log4j2 - 537. Connection closed. {executed in 0ms} 
2025-01-06 13:50:36.495 INFO  [HikariPool-36 connection closer] l.log4j2 - 537. Connection.close() returned 
2025-01-06 13:50:36.496 INFO  [HikariPool-36 connection closer] l.log4j2 - 538. Connection closed. {executed in 1ms} 
2025-01-06 13:50:36.496 INFO  [HikariPool-36 connection closer] l.log4j2 - 538. Connection.close() returned 
2025-01-06 13:50:36.496 INFO  [HikariPool-36 connection closer] l.log4j2 - 539. Connection closed. {executed in 0ms} 
2025-01-06 13:50:36.496 INFO  [HikariPool-36 connection closer] l.log4j2 - 539. Connection.close() returned 
2025-01-06 13:50:36.496 INFO  [HikariPool-36 connection closer] l.log4j2 - 540. Connection closed. {executed in 0ms} 
2025-01-06 13:50:36.496 INFO  [HikariPool-36 connection closer] l.log4j2 - 540. Connection.close() returned 
2025-01-06 13:50:36.496 INFO  [Thread-142] c.z.h.HikariDataSource - HikariPool-36 - Shutdown completed.
2025-01-06 13:50:36.652 INFO  [restartedMain] o.z.m.MallapiApplication - Starting MallapiApplication using Java 17.0.12 with PID 10712 (C:\Users\ktcs\backend\mallapi\build\classes\java\main started by ktcs in C:\Users\ktcs\backend\mallapi)
2025-01-06 13:50:36.652 INFO  [restartedMain] o.z.m.MallapiApplication - No active profile set, falling back to 1 default profile: "default"
2025-01-06 13:50:36.978 INFO  [restartedMain] o.s.d.r.c.RepositoryConfigurationDelegate - Bootstrapping Spring Data JPA repositories in DEFAULT mode.
2025-01-06 13:50:37.002 INFO  [restartedMain] o.s.d.r.c.RepositoryConfigurationDelegate - Finished Spring Data repository scanning in 24 ms. Found 3 JPA repository interfaces.
2025-01-06 13:50:37.122 INFO  [restartedMain] o.s.b.w.e.t.TomcatWebServer - Tomcat initialized with port 8081 (http)
2025-01-06 13:50:37.122 INFO  [restartedMain] o.a.c.c.StandardService - Starting service [Tomcat]
2025-01-06 13:50:37.123 INFO  [restartedMain] o.a.c.c.StandardEngine - Starting Servlet engine: [Apache Tomcat/10.1.28]
2025-01-06 13:50:37.156 INFO  [restartedMain] o.a.c.c.C.[.[.[/] - Initializing Spring embedded WebApplicationContext
2025-01-06 13:50:37.156 INFO  [restartedMain] o.s.b.w.s.c.ServletWebServerApplicationContext - Root WebApplicationContext: initialization completed in 502 ms
2025-01-06 13:50:37.304 INFO  [restartedMain] o.h.j.i.u.LogHelper - HHH000204: Processing PersistenceUnitInfo [name: default]
2025-01-06 13:50:37.311 INFO  [restartedMain] o.h.c.i.RegionFactoryInitiator - HHH000026: Second-level cache disabled
2025-01-06 13:50:37.326 INFO  [restartedMain] o.s.o.j.p.SpringPersistenceUnitInfo - No LoadTimeWeaver setup: ignoring JPA class transformer
2025-01-06 13:50:37.329 INFO  [restartedMain] c.z.h.HikariDataSource - HikariPool-37 - Starting...
2025-01-06 13:50:37.335 INFO  [restartedMain] l.log4j2 - 541. Connection opened. {executed in 6ms} 
2025-01-06 13:50:37.335 INFO  [restartedMain] l.log4j2 - 541. Connection.new Connection returned 
2025-01-06 13:50:37.335 INFO  [restartedMain] l.log4j2 - 541. Connection.getNetworkTimeout() returned 0
2025-01-06 13:50:37.335 INFO  [restartedMain] l.log4j2 - 541. Connection.isReadOnly() returned false
2025-01-06 13:50:37.335 INFO  [restartedMain] l.log4j2 - 541. Connection.getAutoCommit() returned true
2025-01-06 13:50:37.336 INFO  [restartedMain] l.log4j2 - 541. Connection.isValid(1) returned true
2025-01-06 13:50:37.336 INFO  [restartedMain] l.log4j2 - 541. Connection.getTransactionIsolation() returned 4
2025-01-06 13:50:37.338 INFO  [restartedMain] c.z.h.p.HikariPool - HikariPool-37 - Added connection net.sf.log4jdbc.sql.jdbcapi.ConnectionSpy@3e5089d7
2025-01-06 13:50:39.141 INFO  [restartedMain] c.z.h.HikariDataSource - HikariPool-37 - Start completed.
2025-01-06 13:50:39.142 INFO  [restartedMain] l.log4j2 - 541. Connection.isValid(5) returned true
2025-01-06 13:50:39.143 INFO  [restartedMain] l.log4j2 - 541. Connection.getMetaData() returned org.mariadb.jdbc.DatabaseMetaData@5fd200a9
2025-01-06 13:50:39.143 INFO  [restartedMain] l.log4j2 - 541. Statement.new Statement returned 
2025-01-06 13:50:39.143 INFO  [restartedMain] l.log4j2 - 541. Connection.createStatement() returned net.sf.log4jdbc.sql.jdbcapi.StatementSpy@cdb385e
2025-01-06 13:50:39.144 INFO  [restartedMain] l.log4j2 - 541. SELECT @@character_set_database, @@sql_mode  {executed in 0 ms}
2025-01-06 13:50:39.145 INFO  [restartedMain] l.log4j2 - 541. ResultSet.new ResultSet returned 
2025-01-06 13:50:39.145 INFO  [restartedMain] l.log4j2 - 541. Statement.executeQuery(SELECT @@character_set_database, @@sql_mode) returned net.sf.log4jdbc.sql.jdbcapi.ResultSetSpy@5135630a
2025-01-06 13:50:39.145 INFO  [restartedMain] l.log4j2 - 541. ResultSet.next() returned true
2025-01-06 13:50:39.146 INFO  [restartedMain] l.log4j2 - 541. ResultSet.getString(1) returned utf8
2025-01-06 13:50:39.147 INFO  [restartedMain] l.log4j2 - 541. ResultSet.getString(2) returned IGNORE_SPACE,STRICT_TRANS_TABLES,ERROR_FOR_DIVISION_BY_ZERO,NO_AUTO_CREATE_USER,NO_ENGINE_SUBSTITUTION
2025-01-06 13:50:39.147 INFO  [restartedMain] l.log4j2 - 541. Statement.close() returned 
2025-01-06 13:50:39.151 INFO  [restartedMain] l.log4j2 - 541. Connection.getCatalog() returned malldb
2025-01-06 13:50:39.151 INFO  [restartedMain] l.log4j2 - 541. Connection.getSchema() returned null
2025-01-06 13:50:39.151 INFO  [restartedMain] l.log4j2 - 541. Connection.getSchema() returned null
2025-01-06 13:50:39.151 INFO  [restartedMain] l.log4j2 - 541. Connection.getMetaData() returned org.mariadb.jdbc.DatabaseMetaData@6b9146ca
2025-01-06 13:50:39.151 INFO  [restartedMain] l.log4j2 - 541. Connection.createClob() returned 
2025-01-06 13:50:39.152 INFO  [restartedMain] l.log4j2 - 541. Connection.createNClob() returned 
2025-01-06 13:50:39.152 INFO  [restartedMain] l.log4j2 - 541. Connection.clearWarnings() returned 
2025-01-06 13:50:39.417 INFO  [HikariPool-37 connection adder] l.log4j2 - 542. Connection opened. {executed in 126ms} 
2025-01-06 13:50:39.417 INFO  [HikariPool-37 connection adder] l.log4j2 - 542. Connection.new Connection returned 
2025-01-06 13:50:39.417 INFO  [HikariPool-37 connection adder] l.log4j2 - 542. Connection.isReadOnly() returned false
2025-01-06 13:50:39.417 INFO  [HikariPool-37 connection adder] l.log4j2 - 542. Connection.getAutoCommit() returned true
2025-01-06 13:50:39.440 INFO  [HikariPool-37 connection adder] l.log4j2 - 543. Connection opened. {executed in 3ms} 
2025-01-06 13:50:39.440 INFO  [HikariPool-37 connection adder] l.log4j2 - 543. Connection.new Connection returned 
2025-01-06 13:50:39.440 INFO  [HikariPool-37 connection adder] l.log4j2 - 543. Connection.isReadOnly() returned false
2025-01-06 13:50:39.440 INFO  [HikariPool-37 connection adder] l.log4j2 - 543. Connection.getAutoCommit() returned true
2025-01-06 13:50:39.456 INFO  [HikariPool-37 connection adder] l.log4j2 - 544. Connection opened. {executed in 3ms} 
2025-01-06 13:50:39.457 INFO  [HikariPool-37 connection adder] l.log4j2 - 544. Connection.new Connection returned 
2025-01-06 13:50:39.457 INFO  [HikariPool-37 connection adder] l.log4j2 - 544. Connection.isReadOnly() returned false
2025-01-06 13:50:39.457 INFO  [HikariPool-37 connection adder] l.log4j2 - 544. Connection.getAutoCommit() returned true
2025-01-06 13:50:39.471 INFO  [HikariPool-37 connection adder] l.log4j2 - 545. Connection opened. {executed in 2ms} 
2025-01-06 13:50:39.471 INFO  [HikariPool-37 connection adder] l.log4j2 - 545. Connection.new Connection returned 
2025-01-06 13:50:39.471 INFO  [HikariPool-37 connection adder] l.log4j2 - 545. Connection.isReadOnly() returned false
2025-01-06 13:50:39.471 INFO  [HikariPool-37 connection adder] l.log4j2 - 545. Connection.getAutoCommit() returned true
2025-01-06 13:50:39.488 INFO  [HikariPool-37 connection adder] l.log4j2 - 546. Connection opened. {executed in 2ms} 
2025-01-06 13:50:39.488 INFO  [HikariPool-37 connection adder] l.log4j2 - 546. Connection.new Connection returned 
2025-01-06 13:50:39.488 INFO  [HikariPool-37 connection adder] l.log4j2 - 546. Connection.isReadOnly() returned false
2025-01-06 13:50:39.488 INFO  [HikariPool-37 connection adder] l.log4j2 - 546. Connection.getAutoCommit() returned true
2025-01-06 13:50:39.503 INFO  [HikariPool-37 connection adder] l.log4j2 - 547. Connection opened. {executed in 3ms} 
2025-01-06 13:50:39.503 INFO  [HikariPool-37 connection adder] l.log4j2 - 547. Connection.new Connection returned 
2025-01-06 13:50:39.503 INFO  [HikariPool-37 connection adder] l.log4j2 - 547. Connection.isReadOnly() returned false
2025-01-06 13:50:39.503 INFO  [HikariPool-37 connection adder] l.log4j2 - 547. Connection.getAutoCommit() returned true
2025-01-06 13:50:39.518 INFO  [HikariPool-37 connection adder] l.log4j2 - 548. Connection opened. {executed in 2ms} 
2025-01-06 13:50:39.519 INFO  [HikariPool-37 connection adder] l.log4j2 - 548. Connection.new Connection returned 
2025-01-06 13:50:39.519 INFO  [HikariPool-37 connection adder] l.log4j2 - 548. Connection.isReadOnly() returned false
2025-01-06 13:50:39.519 INFO  [HikariPool-37 connection adder] l.log4j2 - 548. Connection.getAutoCommit() returned true
2025-01-06 13:50:39.533 INFO  [HikariPool-37 connection adder] l.log4j2 - 549. Connection opened. {executed in 2ms} 
2025-01-06 13:50:39.534 INFO  [HikariPool-37 connection adder] l.log4j2 - 549. Connection.new Connection returned 
2025-01-06 13:50:39.534 INFO  [HikariPool-37 connection adder] l.log4j2 - 549. Connection.isReadOnly() returned false
2025-01-06 13:50:39.534 INFO  [HikariPool-37 connection adder] l.log4j2 - 549. Connection.getAutoCommit() returned true
2025-01-06 13:50:39.548 INFO  [HikariPool-37 connection adder] l.log4j2 - 550. Connection opened. {executed in 2ms} 
2025-01-06 13:50:39.549 INFO  [HikariPool-37 connection adder] l.log4j2 - 550. Connection.new Connection returned 
2025-01-06 13:50:39.549 INFO  [HikariPool-37 connection adder] l.log4j2 - 550. Connection.isReadOnly() returned false
2025-01-06 13:50:39.549 INFO  [HikariPool-37 connection adder] l.log4j2 - 550. Connection.getAutoCommit() returned true
2025-01-06 13:50:39.856 INFO  [restartedMain] o.h.e.t.j.p.i.JtaPlatformInitiator - HHH000489: No JTA platform available (set 'hibernate.transaction.jta.platform' to enable JTA platform integration)
2025-01-06 13:50:39.859 INFO  [restartedMain] l.log4j2 - 541. Connection.isValid(5) returned true
2025-01-06 13:50:39.859 INFO  [restartedMain] l.log4j2 - 541. Connection.getAutoCommit() returned true
2025-01-06 13:50:39.859 INFO  [restartedMain] l.log4j2 - 541. PreparedStatement.new PreparedStatement returned 
2025-01-06 13:50:39.859 INFO  [restartedMain] l.log4j2 - 541. Connection.prepareStatement(select table_name from information_schema.TABLES where table_schema=database() and table_type='SEQUENCE') returned net.sf.log4jdbc.sql.jdbcapi.PreparedStatementSpy@5714d6d8
2025-01-06 13:50:39.866 INFO  [restartedMain] l.log4j2 - 541. select table_name from information_schema.TABLES where table_schema=database() and table_type='SEQUENCE'  {executed in 6 ms}
2025-01-06 13:50:39.866 INFO  [restartedMain] l.log4j2 - 541. ResultSet.new ResultSet returned 
2025-01-06 13:50:39.866 INFO  [restartedMain] l.log4j2 - 541. PreparedStatement.executeQuery() returned net.sf.log4jdbc.sql.jdbcapi.ResultSetSpy@729d3ea1
2025-01-06 13:50:39.866 INFO  [restartedMain] l.log4j2 - 
|-----------|
|table_name |
|-----------|
|-----------|

2025-01-06 13:50:39.866 INFO  [restartedMain] l.log4j2 - 541. ResultSet.next() returned false
2025-01-06 13:50:39.866 INFO  [restartedMain] l.log4j2 - 541. ResultSet.close() returned void
2025-01-06 13:50:39.866 INFO  [restartedMain] l.log4j2 - 541. PreparedStatement.close() returned 
2025-01-06 13:50:39.866 INFO  [restartedMain] l.log4j2 - 541. Connection.getMetaData() returned org.mariadb.jdbc.DatabaseMetaData@3fce9cbc
2025-01-06 13:50:39.916 INFO  [restartedMain] l.log4j2 - 541. PreparedStatement.new PreparedStatement returned 
2025-01-06 13:50:39.916 INFO  [restartedMain] l.log4j2 - 541. Connection.prepareStatement(select * from `malldb`.`member` where 1=0) returned net.sf.log4jdbc.sql.jdbcapi.PreparedStatementSpy@52d107e
2025-01-06 13:50:39.917 INFO  [restartedMain] l.log4j2 - 541. select * from `malldb`.`member` where 1=0  {executed in 1 ms}
2025-01-06 13:50:39.917 INFO  [restartedMain] l.log4j2 - 541. ResultSet.new ResultSet returned 
2025-01-06 13:50:40.109 INFO  [restartedMain] l.log4j2 - 541. PreparedStatement.executeQuery() returned net.sf.log4jdbc.sql.jdbcapi.ResultSetSpy@1ede4e4c
2025-01-06 13:50:40.110 INFO  [restartedMain] l.log4j2 - 541. ResultSet.getMetaData() returned org.mariadb.jdbc.client.result.ResultSetMetaData@553e0a57
2025-01-06 13:50:40.111 INFO  [restartedMain] l.log4j2 - 
|------|---------|---|-------|
|email |nickname |pw |social |
|------|---------|---|-------|
|------|---------|---|-------|

2025-01-06 13:50:40.111 INFO  [restartedMain] l.log4j2 - 541. ResultSet.close() returned void
2025-01-06 13:50:40.111 INFO  [restartedMain] l.log4j2 - 541. PreparedStatement.close() returned 
2025-01-06 13:50:40.116 INFO  [restartedMain] l.log4j2 - 541. PreparedStatement.new PreparedStatement returned 
2025-01-06 13:50:40.116 INFO  [restartedMain] l.log4j2 - 541. Connection.prepareStatement(select * from `malldb`.`tbl_product` where 1=0) returned net.sf.log4jdbc.sql.jdbcapi.PreparedStatementSpy@39d32911
2025-01-06 13:50:40.116 INFO  [restartedMain] l.log4j2 - 541. select * from `malldb`.`tbl_product` where 1=0  {executed in 0 ms}
2025-01-06 13:50:40.116 INFO  [restartedMain] l.log4j2 - 541. ResultSet.new ResultSet returned 
2025-01-06 13:50:40.116 INFO  [restartedMain] l.log4j2 - 541. PreparedStatement.executeQuery() returned net.sf.log4jdbc.sql.jdbcapi.ResultSetSpy@5513bc49
2025-01-06 13:50:40.118 INFO  [restartedMain] l.log4j2 - 541. ResultSet.getMetaData() returned org.mariadb.jdbc.client.result.ResultSetMetaData@70da780e
2025-01-06 13:50:40.118 INFO  [restartedMain] l.log4j2 - 
|----|---------|------|------|------|
|pno |del_flag |pdesc |pname |price |
|----|---------|------|------|------|
|----|---------|------|------|------|

2025-01-06 13:50:40.118 INFO  [restartedMain] l.log4j2 - 541. ResultSet.close() returned void
2025-01-06 13:50:40.118 INFO  [restartedMain] l.log4j2 - 541. PreparedStatement.close() returned 
2025-01-06 13:50:40.118 INFO  [restartedMain] l.log4j2 - 541. Connection.clearWarnings() returned 
2025-01-06 13:50:40.118 INFO  [restartedMain] o.s.o.j.LocalContainerEntityManagerFactoryBean - Initialized JPA EntityManagerFactory for persistence unit 'default'
2025-01-06 13:50:40.303 INFO  [restartedMain] o.z.m.u.CustomFileUtil - -------------------------------------
2025-01-06 13:50:40.307 INFO  [restartedMain] o.z.m.u.CustomFileUtil - C:\Users\ktcs\backend\mallapi\upload
2025-01-06 13:50:40.427 WARN  [restartedMain] o.s.b.a.o.j.JpaBaseConfiguration$JpaWebConfiguration - spring.jpa.open-in-view is enabled by default. Therefore, database queries may be performed during view rendering. Explicitly configure spring.jpa.open-in-view to disable this warning
2025-01-06 13:50:40.480 INFO  [restartedMain] o.z.m.c.CustomSecurityConfig - ---------------------security config---------------------------
2025-01-06 13:50:40.537 INFO  [restartedMain] o.s.s.w.DefaultSecurityFilterChain - Will secure any request with [org.springframework.security.web.session.DisableEncodeUrlFilter@212d4b37, org.springframework.security.web.context.request.async.WebAsyncManagerIntegrationFilter@7badb7c9, org.springframework.security.web.context.SecurityContextHolderFilter@2441ec9b, org.springframework.security.web.header.HeaderWriterFilter@1e6536ef, org.springframework.web.filter.CorsFilter@7a64b19a, org.springframework.security.web.authentication.logout.LogoutFilter@3a8769f7, org.zerock.mallapi.security.filter.JWTCheckFilter@3c24cbb3, org.springframework.security.web.authentication.UsernamePasswordAuthenticationFilter@349e5306, org.springframework.security.web.savedrequest.RequestCacheAwareFilter@3107f20b, org.springframework.security.web.servletapi.SecurityContextHolderAwareRequestFilter@6e2788a, org.springframework.security.web.authentication.AnonymousAuthenticationFilter@771b5bf3, org.springframework.security.web.session.SessionManagementFilter@444a76d1, org.springframework.security.web.access.ExceptionTranslationFilter@5fd95141]
2025-01-06 13:50:40.845 INFO  [restartedMain] o.s.b.d.a.OptionalLiveReloadServer - LiveReload server is running on port 35729
2025-01-06 13:50:40.870 INFO  [restartedMain] o.s.b.w.e.t.TomcatWebServer - Tomcat started on port 8081 (http) with context path ''
2025-01-06 13:50:40.876 INFO  [restartedMain] o.z.m.MallapiApplication - Started MallapiApplication in 4.265 seconds (process running for 260477.499)
2025-01-06 13:50:40.877 INFO  [restartedMain] o.s.b.d.a.ConditionEvaluationDeltaLoggingListener - Condition evaluation unchanged
2025-01-06 13:58:47.602 INFO  [File Watcher] o.s.b.d.a.LocalDevToolsAutoConfiguration$RestartingClassPathChangeChangedEventListener - Restarting due to 1 class path change (0 additions, 1 deletion, 0 modifications)
2025-01-06 13:58:47.839 INFO  [Thread-146] o.s.o.j.LocalContainerEntityManagerFactoryBean - Closing JPA EntityManagerFactory for persistence unit 'default'
2025-01-06 13:58:47.853 INFO  [Thread-146] c.z.h.HikariDataSource - HikariPool-37 - Shutdown initiated...
2025-01-06 13:58:47.860 INFO  [HikariPool-37 connection closer] l.log4j2 - 541. Connection closed. {executed in 3ms} 
2025-01-06 13:58:47.860 INFO  [HikariPool-37 connection closer] l.log4j2 - 541. Connection.close() returned 
2025-01-06 13:58:47.861 INFO  [HikariPool-37 connection closer] l.log4j2 - 542. Connection closed. {executed in 1ms} 
2025-01-06 13:58:47.861 INFO  [HikariPool-37 connection closer] l.log4j2 - 542. Connection.close() returned 
2025-01-06 13:58:47.861 INFO  [HikariPool-37 connection closer] l.log4j2 - 543. Connection closed. {executed in 0ms} 
2025-01-06 13:58:47.861 INFO  [HikariPool-37 connection closer] l.log4j2 - 543. Connection.close() returned 
2025-01-06 13:58:47.863 INFO  [HikariPool-37 connection closer] l.log4j2 - 544. Connection closed. {executed in 2ms} 
2025-01-06 13:58:47.863 INFO  [HikariPool-37 connection closer] l.log4j2 - 544. Connection.close() returned 
2025-01-06 13:58:47.863 INFO  [HikariPool-37 connection closer] l.log4j2 - 545. Connection closed. {executed in 0ms} 
2025-01-06 13:58:47.863 INFO  [HikariPool-37 connection closer] l.log4j2 - 545. Connection.close() returned 
2025-01-06 13:58:47.863 INFO  [HikariPool-37 connection closer] l.log4j2 - 546. Connection closed. {executed in 0ms} 
2025-01-06 13:58:47.863 INFO  [HikariPool-37 connection closer] l.log4j2 - 546. Connection.close() returned 
2025-01-06 13:58:47.863 INFO  [HikariPool-37 connection closer] l.log4j2 - 547. Connection closed. {executed in 0ms} 
2025-01-06 13:58:47.863 INFO  [HikariPool-37 connection closer] l.log4j2 - 547. Connection.close() returned 
2025-01-06 13:58:47.863 INFO  [HikariPool-37 connection closer] l.log4j2 - 548. Connection closed. {executed in 0ms} 
2025-01-06 13:58:47.863 INFO  [HikariPool-37 connection closer] l.log4j2 - 548. Connection.close() returned 
2025-01-06 13:58:47.864 INFO  [HikariPool-37 connection closer] l.log4j2 - 549. Connection closed. {executed in 1ms} 
2025-01-06 13:58:47.864 INFO  [HikariPool-37 connection closer] l.log4j2 - 549. Connection.close() returned 
2025-01-06 13:58:47.864 INFO  [HikariPool-37 connection closer] l.log4j2 - 550. Connection closed. {executed in 0ms} 
2025-01-06 13:58:47.864 INFO  [HikariPool-37 connection closer] l.log4j2 - 550. Connection.close() returned 
2025-01-06 13:58:47.864 INFO  [Thread-146] c.z.h.HikariDataSource - HikariPool-37 - Shutdown completed.
2025-01-06 13:58:48.055 INFO  [restartedMain] o.z.m.MallapiApplication - Starting MallapiApplication using Java 17.0.12 with PID 10712 (C:\Users\ktcs\backend\mallapi\build\classes\java\main started by ktcs in C:\Users\ktcs\backend\mallapi)
2025-01-06 13:58:48.055 INFO  [restartedMain] o.z.m.MallapiApplication - No active profile set, falling back to 1 default profile: "default"
2025-01-06 13:58:48.319 INFO  [restartedMain] o.s.d.r.c.RepositoryConfigurationDelegate - Bootstrapping Spring Data JPA repositories in DEFAULT mode.
2025-01-06 13:58:48.340 INFO  [restartedMain] o.s.d.r.c.RepositoryConfigurationDelegate - Finished Spring Data repository scanning in 20 ms. Found 3 JPA repository interfaces.
2025-01-06 13:58:48.501 INFO  [restartedMain] o.s.b.w.e.t.TomcatWebServer - Tomcat initialized with port 8081 (http)
2025-01-06 13:58:48.502 INFO  [restartedMain] o.a.c.c.StandardService - Starting service [Tomcat]
2025-01-06 13:58:48.502 INFO  [restartedMain] o.a.c.c.StandardEngine - Starting Servlet engine: [Apache Tomcat/10.1.28]
2025-01-06 13:58:48.532 INFO  [restartedMain] o.a.c.c.C.[.[.[/] - Initializing Spring embedded WebApplicationContext
2025-01-06 13:58:48.532 INFO  [restartedMain] o.s.b.w.s.c.ServletWebServerApplicationContext - Root WebApplicationContext: initialization completed in 475 ms
2025-01-06 13:58:48.605 INFO  [restartedMain] o.h.j.i.u.LogHelper - HHH000204: Processing PersistenceUnitInfo [name: default]
2025-01-06 13:58:48.611 INFO  [restartedMain] o.h.c.i.RegionFactoryInitiator - HHH000026: Second-level cache disabled
2025-01-06 13:58:48.618 INFO  [restartedMain] o.s.o.j.p.SpringPersistenceUnitInfo - No LoadTimeWeaver setup: ignoring JPA class transformer
2025-01-06 13:58:48.620 INFO  [restartedMain] c.z.h.HikariDataSource - HikariPool-38 - Starting...
2025-01-06 13:58:48.624 INFO  [restartedMain] l.log4j2 - 551. Connection opened. {executed in 3ms} 
2025-01-06 13:58:48.624 INFO  [restartedMain] l.log4j2 - 551. Connection.new Connection returned 
2025-01-06 13:58:48.625 INFO  [restartedMain] l.log4j2 - 551. Connection.getNetworkTimeout() returned 0
2025-01-06 13:58:48.625 INFO  [restartedMain] l.log4j2 - 551. Connection.isReadOnly() returned false
2025-01-06 13:58:48.625 INFO  [restartedMain] l.log4j2 - 551. Connection.getAutoCommit() returned true
2025-01-06 13:58:48.625 INFO  [restartedMain] l.log4j2 - 551. Connection.isValid(1) returned true
2025-01-06 13:58:48.625 INFO  [restartedMain] l.log4j2 - 551. Connection.getTransactionIsolation() returned 4
2025-01-06 13:58:48.625 INFO  [restartedMain] c.z.h.p.HikariPool - HikariPool-38 - Added connection net.sf.log4jdbc.sql.jdbcapi.ConnectionSpy@65964d5d
2025-01-06 13:58:48.626 INFO  [restartedMain] c.z.h.HikariDataSource - HikariPool-38 - Start completed.
2025-01-06 13:58:48.626 INFO  [restartedMain] l.log4j2 - 551. Connection.getMetaData() returned org.mariadb.jdbc.DatabaseMetaData@65eb69b
2025-01-06 13:58:48.626 INFO  [restartedMain] l.log4j2 - 551. Statement.new Statement returned 
2025-01-06 13:58:48.626 INFO  [restartedMain] l.log4j2 - 551. Connection.createStatement() returned net.sf.log4jdbc.sql.jdbcapi.StatementSpy@5413bd2f
2025-01-06 13:58:48.628 INFO  [restartedMain] l.log4j2 - 551. SELECT @@character_set_database, @@sql_mode  {executed in 2 ms}
2025-01-06 13:58:48.628 INFO  [restartedMain] l.log4j2 - 551. ResultSet.new ResultSet returned 
2025-01-06 13:58:48.628 INFO  [restartedMain] l.log4j2 - 551. Statement.executeQuery(SELECT @@character_set_database, @@sql_mode) returned net.sf.log4jdbc.sql.jdbcapi.ResultSetSpy@3c736b92
2025-01-06 13:58:48.628 INFO  [restartedMain] l.log4j2 - 551. ResultSet.next() returned true
2025-01-06 13:58:48.628 INFO  [restartedMain] l.log4j2 - 551. ResultSet.getString(1) returned utf8
2025-01-06 13:58:48.628 INFO  [restartedMain] l.log4j2 - 551. ResultSet.getString(2) returned IGNORE_SPACE,STRICT_TRANS_TABLES,ERROR_FOR_DIVISION_BY_ZERO,NO_AUTO_CREATE_USER,NO_ENGINE_SUBSTITUTION
2025-01-06 13:58:48.628 INFO  [restartedMain] l.log4j2 - 551. Statement.close() returned 
2025-01-06 13:58:48.629 INFO  [restartedMain] l.log4j2 - 551. Connection.getCatalog() returned malldb
2025-01-06 13:58:48.629 INFO  [restartedMain] l.log4j2 - 551. Connection.getSchema() returned null
2025-01-06 13:58:48.629 INFO  [restartedMain] l.log4j2 - 551. Connection.getSchema() returned null
2025-01-06 13:58:48.629 INFO  [restartedMain] l.log4j2 - 551. Connection.getMetaData() returned org.mariadb.jdbc.DatabaseMetaData@6bd825e4
2025-01-06 13:58:48.629 INFO  [restartedMain] l.log4j2 - 551. Connection.createClob() returned 
2025-01-06 13:58:48.629 INFO  [restartedMain] l.log4j2 - 551. Connection.createNClob() returned 
2025-01-06 13:58:48.629 INFO  [restartedMain] l.log4j2 - 551. Connection.clearWarnings() returned 
2025-01-06 13:58:48.678 INFO  [restartedMain] o.h.e.t.j.p.i.JtaPlatformInitiator - HHH000489: No JTA platform available (set 'hibernate.transaction.jta.platform' to enable JTA platform integration)
2025-01-06 13:58:48.678 INFO  [restartedMain] l.log4j2 - 551. Connection.getAutoCommit() returned true
2025-01-06 13:58:48.679 INFO  [restartedMain] l.log4j2 - 551. PreparedStatement.new PreparedStatement returned 
2025-01-06 13:58:48.679 INFO  [restartedMain] l.log4j2 - 551. Connection.prepareStatement(select table_name from information_schema.TABLES where table_schema=database() and table_type='SEQUENCE') returned net.sf.log4jdbc.sql.jdbcapi.PreparedStatementSpy@21ecaf1
2025-01-06 13:58:48.680 INFO  [restartedMain] l.log4j2 - 551. select table_name from information_schema.TABLES where table_schema=database() and table_type='SEQUENCE'  {executed in 1 ms}
2025-01-06 13:58:48.680 INFO  [restartedMain] l.log4j2 - 551. ResultSet.new ResultSet returned 
2025-01-06 13:58:48.680 INFO  [restartedMain] l.log4j2 - 551. PreparedStatement.executeQuery() returned net.sf.log4jdbc.sql.jdbcapi.ResultSetSpy@61fade78
2025-01-06 13:58:48.680 INFO  [restartedMain] l.log4j2 - 
|-----------|
|table_name |
|-----------|
|-----------|

2025-01-06 13:58:48.680 INFO  [restartedMain] l.log4j2 - 551. ResultSet.next() returned false
2025-01-06 13:58:48.681 INFO  [restartedMain] l.log4j2 - 551. ResultSet.close() returned void
2025-01-06 13:58:48.681 INFO  [restartedMain] l.log4j2 - 551. PreparedStatement.close() returned 
2025-01-06 13:58:48.682 INFO  [restartedMain] l.log4j2 - 551. Connection.getMetaData() returned org.mariadb.jdbc.DatabaseMetaData@47571bb2
2025-01-06 13:58:48.703 INFO  [restartedMain] l.log4j2 - 551. PreparedStatement.new PreparedStatement returned 
2025-01-06 13:58:48.703 INFO  [restartedMain] l.log4j2 - 551. Connection.prepareStatement(select * from `malldb`.`member` where 1=0) returned net.sf.log4jdbc.sql.jdbcapi.PreparedStatementSpy@4abf38fc
2025-01-06 13:58:48.704 INFO  [restartedMain] l.log4j2 - 551. select * from `malldb`.`member` where 1=0  {executed in 1 ms}
2025-01-06 13:58:48.704 INFO  [restartedMain] l.log4j2 - 551. ResultSet.new ResultSet returned 
2025-01-06 13:58:48.704 INFO  [restartedMain] l.log4j2 - 551. PreparedStatement.executeQuery() returned net.sf.log4jdbc.sql.jdbcapi.ResultSetSpy@7d8126cd
2025-01-06 13:58:48.704 INFO  [restartedMain] l.log4j2 - 551. ResultSet.getMetaData() returned org.mariadb.jdbc.client.result.ResultSetMetaData@2742844
2025-01-06 13:58:48.704 INFO  [restartedMain] l.log4j2 - 
|------|---------|---|-------|
|email |nickname |pw |social |
|------|---------|---|-------|
|------|---------|---|-------|

2025-01-06 13:58:48.704 INFO  [restartedMain] l.log4j2 - 551. ResultSet.close() returned void
2025-01-06 13:58:48.704 INFO  [restartedMain] l.log4j2 - 551. PreparedStatement.close() returned 
2025-01-06 13:58:48.706 INFO  [restartedMain] l.log4j2 - 551. PreparedStatement.new PreparedStatement returned 
2025-01-06 13:58:48.706 INFO  [restartedMain] l.log4j2 - 551. Connection.prepareStatement(select * from `malldb`.`tbl_product` where 1=0) returned net.sf.log4jdbc.sql.jdbcapi.PreparedStatementSpy@1e36e742
2025-01-06 13:58:48.707 INFO  [restartedMain] l.log4j2 - 551. select * from `malldb`.`tbl_product` where 1=0  {executed in 0 ms}
2025-01-06 13:58:48.707 INFO  [restartedMain] l.log4j2 - 551. ResultSet.new ResultSet returned 
2025-01-06 13:58:48.707 INFO  [restartedMain] l.log4j2 - 551. PreparedStatement.executeQuery() returned net.sf.log4jdbc.sql.jdbcapi.ResultSetSpy@6af51d07
2025-01-06 13:58:48.707 INFO  [restartedMain] l.log4j2 - 551. ResultSet.getMetaData() returned org.mariadb.jdbc.client.result.ResultSetMetaData@49602e15
2025-01-06 13:58:48.707 INFO  [restartedMain] l.log4j2 - 
|----|---------|------|------|------|
|pno |del_flag |pdesc |pname |price |
|----|---------|------|------|------|
|----|---------|------|------|------|

2025-01-06 13:58:48.707 INFO  [restartedMain] l.log4j2 - 551. ResultSet.close() returned void
2025-01-06 13:58:48.707 INFO  [restartedMain] l.log4j2 - 551. PreparedStatement.close() returned 
2025-01-06 13:58:48.707 INFO  [restartedMain] l.log4j2 - 551. Connection.clearWarnings() returned 
2025-01-06 13:58:48.707 INFO  [restartedMain] o.s.o.j.LocalContainerEntityManagerFactoryBean - Initialized JPA EntityManagerFactory for persistence unit 'default'
2025-01-06 13:58:48.740 INFO  [HikariPool-38 connection adder] l.log4j2 - 552. Connection opened. {executed in 3ms} 
2025-01-06 13:58:48.740 INFO  [HikariPool-38 connection adder] l.log4j2 - 552. Connection.new Connection returned 
2025-01-06 13:58:48.740 INFO  [HikariPool-38 connection adder] l.log4j2 - 552. Connection.isReadOnly() returned false
2025-01-06 13:58:48.740 INFO  [HikariPool-38 connection adder] l.log4j2 - 552. Connection.getAutoCommit() returned true
2025-01-06 13:58:48.755 INFO  [HikariPool-38 connection adder] l.log4j2 - 553. Connection opened. {executed in 2ms} 
2025-01-06 13:58:48.756 INFO  [HikariPool-38 connection adder] l.log4j2 - 553. Connection.new Connection returned 
2025-01-06 13:58:48.756 INFO  [HikariPool-38 connection adder] l.log4j2 - 553. Connection.isReadOnly() returned false
2025-01-06 13:58:48.756 INFO  [HikariPool-38 connection adder] l.log4j2 - 553. Connection.getAutoCommit() returned true
2025-01-06 13:58:48.770 INFO  [HikariPool-38 connection adder] l.log4j2 - 554. Connection opened. {executed in 2ms} 
2025-01-06 13:58:48.770 INFO  [HikariPool-38 connection adder] l.log4j2 - 554. Connection.new Connection returned 
2025-01-06 13:58:48.770 INFO  [HikariPool-38 connection adder] l.log4j2 - 554. Connection.isReadOnly() returned false
2025-01-06 13:58:48.770 INFO  [HikariPool-38 connection adder] l.log4j2 - 554. Connection.getAutoCommit() returned true
2025-01-06 13:58:48.784 INFO  [HikariPool-38 connection adder] l.log4j2 - 555. Connection opened. {executed in 2ms} 
2025-01-06 13:58:48.784 INFO  [HikariPool-38 connection adder] l.log4j2 - 555. Connection.new Connection returned 
2025-01-06 13:58:48.784 INFO  [HikariPool-38 connection adder] l.log4j2 - 555. Connection.isReadOnly() returned false
2025-01-06 13:58:48.784 INFO  [HikariPool-38 connection adder] l.log4j2 - 555. Connection.getAutoCommit() returned true
2025-01-06 13:58:48.799 INFO  [HikariPool-38 connection adder] l.log4j2 - 556. Connection opened. {executed in 2ms} 
2025-01-06 13:58:48.799 INFO  [HikariPool-38 connection adder] l.log4j2 - 556. Connection.new Connection returned 
2025-01-06 13:58:48.799 INFO  [HikariPool-38 connection adder] l.log4j2 - 556. Connection.isReadOnly() returned false
2025-01-06 13:58:48.800 INFO  [HikariPool-38 connection adder] l.log4j2 - 556. Connection.getAutoCommit() returned true
2025-01-06 13:58:48.808 INFO  [restartedMain] o.z.m.u.CustomFileUtil - -------------------------------------
2025-01-06 13:58:48.808 INFO  [restartedMain] o.z.m.u.CustomFileUtil - C:\Users\ktcs\backend\mallapi\upload
2025-01-06 13:58:48.814 INFO  [HikariPool-38 connection adder] l.log4j2 - 557. Connection opened. {executed in 2ms} 
2025-01-06 13:58:48.814 INFO  [HikariPool-38 connection adder] l.log4j2 - 557. Connection.new Connection returned 
2025-01-06 13:58:48.814 INFO  [HikariPool-38 connection adder] l.log4j2 - 557. Connection.isReadOnly() returned false
2025-01-06 13:58:48.814 INFO  [HikariPool-38 connection adder] l.log4j2 - 557. Connection.getAutoCommit() returned true
2025-01-06 13:58:48.832 INFO  [HikariPool-38 connection adder] l.log4j2 - 558. Connection opened. {executed in 3ms} 
2025-01-06 13:58:48.832 INFO  [HikariPool-38 connection adder] l.log4j2 - 558. Connection.new Connection returned 
2025-01-06 13:58:48.832 INFO  [HikariPool-38 connection adder] l.log4j2 - 558. Connection.isReadOnly() returned false
2025-01-06 13:58:48.832 INFO  [HikariPool-38 connection adder] l.log4j2 - 558. Connection.getAutoCommit() returned true
2025-01-06 13:58:48.847 INFO  [HikariPool-38 connection adder] l.log4j2 - 559. Connection opened. {executed in 3ms} 
2025-01-06 13:58:48.847 INFO  [HikariPool-38 connection adder] l.log4j2 - 559. Connection.new Connection returned 
2025-01-06 13:58:48.847 INFO  [HikariPool-38 connection adder] l.log4j2 - 559. Connection.isReadOnly() returned false
2025-01-06 13:58:48.847 INFO  [HikariPool-38 connection adder] l.log4j2 - 559. Connection.getAutoCommit() returned true
2025-01-06 13:58:48.866 INFO  [HikariPool-38 connection adder] l.log4j2 - 560. Connection opened. {executed in 3ms} 
2025-01-06 13:58:48.866 INFO  [HikariPool-38 connection adder] l.log4j2 - 560. Connection.new Connection returned 
2025-01-06 13:58:48.866 INFO  [HikariPool-38 connection adder] l.log4j2 - 560. Connection.isReadOnly() returned false
2025-01-06 13:58:48.866 INFO  [HikariPool-38 connection adder] l.log4j2 - 560. Connection.getAutoCommit() returned true
2025-01-06 13:58:48.893 WARN  [restartedMain] o.s.b.a.o.j.JpaBaseConfiguration$JpaWebConfiguration - spring.jpa.open-in-view is enabled by default. Therefore, database queries may be performed during view rendering. Explicitly configure spring.jpa.open-in-view to disable this warning
2025-01-06 13:58:48.921 INFO  [restartedMain] o.z.m.c.CustomSecurityConfig - ---------------------security config---------------------------
2025-01-06 13:58:48.953 INFO  [restartedMain] o.s.s.w.DefaultSecurityFilterChain - Will secure any request with [org.springframework.security.web.session.DisableEncodeUrlFilter@5a956f50, org.springframework.security.web.context.request.async.WebAsyncManagerIntegrationFilter@77fb7ca7, org.springframework.security.web.context.SecurityContextHolderFilter@73871420, org.springframework.security.web.header.HeaderWriterFilter@32801ef0, org.springframework.web.filter.CorsFilter@33764038, org.springframework.security.web.authentication.logout.LogoutFilter@4951a31b, org.zerock.mallapi.security.filter.JWTCheckFilter@5135cf07, org.springframework.security.web.authentication.UsernamePasswordAuthenticationFilter@55a6f0e9, org.springframework.security.web.savedrequest.RequestCacheAwareFilter@29e5053b, org.springframework.security.web.servletapi.SecurityContextHolderAwareRequestFilter@1b20f969, org.springframework.security.web.authentication.AnonymousAuthenticationFilter@202bd59e, org.springframework.security.web.session.SessionManagementFilter@51d92213, org.springframework.security.web.access.ExceptionTranslationFilter@6c86c7cc]
2025-01-06 13:58:49.180 INFO  [restartedMain] o.s.b.d.a.OptionalLiveReloadServer - LiveReload server is running on port 35729
2025-01-06 13:58:49.197 INFO  [restartedMain] o.s.b.w.e.t.TomcatWebServer - Tomcat started on port 8081 (http) with context path ''
2025-01-06 13:58:49.202 INFO  [restartedMain] o.z.m.MallapiApplication - Started MallapiApplication in 1.18 seconds (process running for 260965.826)
2025-01-06 13:58:49.203 INFO  [restartedMain] o.s.b.d.a.ConditionEvaluationDeltaLoggingListener - Condition evaluation unchanged
2025-01-06 14:00:03.315 INFO  [File Watcher] o.s.b.d.a.LocalDevToolsAutoConfiguration$RestartingClassPathChangeChangedEventListener - Restarting due to 1 class path change (0 additions, 0 deletions, 1 modification)
2025-01-06 14:00:03.457 INFO  [Thread-150] o.s.o.j.LocalContainerEntityManagerFactoryBean - Closing JPA EntityManagerFactory for persistence unit 'default'
2025-01-06 14:00:03.458 INFO  [Thread-150] c.z.h.HikariDataSource - HikariPool-38 - Shutdown initiated...
2025-01-06 14:00:03.459 INFO  [HikariPool-38 connection closer] l.log4j2 - 551. Connection closed. {executed in 1ms} 
2025-01-06 14:00:03.459 INFO  [HikariPool-38 connection closer] l.log4j2 - 551. Connection.close() returned 
2025-01-06 14:00:03.459 INFO  [HikariPool-38 connection closer] l.log4j2 - 552. Connection closed. {executed in 0ms} 
2025-01-06 14:00:03.459 INFO  [HikariPool-38 connection closer] l.log4j2 - 552. Connection.close() returned 
2025-01-06 14:00:03.459 INFO  [HikariPool-38 connection closer] l.log4j2 - 553. Connection closed. {executed in 0ms} 
2025-01-06 14:00:03.459 INFO  [HikariPool-38 connection closer] l.log4j2 - 553. Connection.close() returned 
2025-01-06 14:00:03.459 INFO  [HikariPool-38 connection closer] l.log4j2 - 554. Connection closed. {executed in 0ms} 
2025-01-06 14:00:03.460 INFO  [HikariPool-38 connection closer] l.log4j2 - 554. Connection.close() returned 
2025-01-06 14:00:03.460 INFO  [HikariPool-38 connection closer] l.log4j2 - 555. Connection closed. {executed in 0ms} 
2025-01-06 14:00:03.460 INFO  [HikariPool-38 connection closer] l.log4j2 - 555. Connection.close() returned 
2025-01-06 14:00:03.460 INFO  [HikariPool-38 connection closer] l.log4j2 - 556. Connection closed. {executed in 0ms} 
2025-01-06 14:00:03.460 INFO  [HikariPool-38 connection closer] l.log4j2 - 556. Connection.close() returned 
2025-01-06 14:00:03.460 INFO  [HikariPool-38 connection closer] l.log4j2 - 557. Connection closed. {executed in 0ms} 
2025-01-06 14:00:03.460 INFO  [HikariPool-38 connection closer] l.log4j2 - 557. Connection.close() returned 
2025-01-06 14:00:03.460 INFO  [HikariPool-38 connection closer] l.log4j2 - 558. Connection closed. {executed in 0ms} 
2025-01-06 14:00:03.460 INFO  [HikariPool-38 connection closer] l.log4j2 - 558. Connection.close() returned 
2025-01-06 14:00:03.461 INFO  [HikariPool-38 connection closer] l.log4j2 - 559. Connection closed. {executed in 0ms} 
2025-01-06 14:00:03.461 INFO  [HikariPool-38 connection closer] l.log4j2 - 559. Connection.close() returned 
2025-01-06 14:00:03.461 INFO  [HikariPool-38 connection closer] l.log4j2 - 560. Connection closed. {executed in 0ms} 
2025-01-06 14:00:03.461 INFO  [HikariPool-38 connection closer] l.log4j2 - 560. Connection.close() returned 
2025-01-06 14:00:03.461 INFO  [Thread-150] c.z.h.HikariDataSource - HikariPool-38 - Shutdown completed.
2025-01-06 14:00:03.527 INFO  [restartedMain] o.z.m.MallapiApplication - Starting MallapiApplication using Java 17.0.12 with PID 10712 (C:\Users\ktcs\backend\mallapi\build\classes\java\main started by ktcs in C:\Users\ktcs\backend\mallapi)
2025-01-06 14:00:03.527 INFO  [restartedMain] o.z.m.MallapiApplication - No active profile set, falling back to 1 default profile: "default"
2025-01-06 14:00:03.697 INFO  [restartedMain] o.s.d.r.c.RepositoryConfigurationDelegate - Bootstrapping Spring Data JPA repositories in DEFAULT mode.
2025-01-06 14:00:03.713 INFO  [restartedMain] o.s.d.r.c.RepositoryConfigurationDelegate - Finished Spring Data repository scanning in 16 ms. Found 3 JPA repository interfaces.
2025-01-06 14:00:03.820 INFO  [restartedMain] o.s.b.w.e.t.TomcatWebServer - Tomcat initialized with port 8081 (http)
2025-01-06 14:00:03.821 INFO  [restartedMain] o.a.c.c.StandardService - Starting service [Tomcat]
2025-01-06 14:00:03.821 INFO  [restartedMain] o.a.c.c.StandardEngine - Starting Servlet engine: [Apache Tomcat/10.1.28]
2025-01-06 14:00:03.850 INFO  [restartedMain] o.a.c.c.C.[.[.[/] - Initializing Spring embedded WebApplicationContext
2025-01-06 14:00:03.850 INFO  [restartedMain] o.s.b.w.s.c.ServletWebServerApplicationContext - Root WebApplicationContext: initialization completed in 321 ms
2025-01-06 14:00:03.894 INFO  [restartedMain] o.h.j.i.u.LogHelper - HHH000204: Processing PersistenceUnitInfo [name: default]
2025-01-06 14:00:03.897 INFO  [restartedMain] o.h.c.i.RegionFactoryInitiator - HHH000026: Second-level cache disabled
2025-01-06 14:00:03.902 INFO  [restartedMain] o.s.o.j.p.SpringPersistenceUnitInfo - No LoadTimeWeaver setup: ignoring JPA class transformer
2025-01-06 14:00:03.902 INFO  [restartedMain] c.z.h.HikariDataSource - HikariPool-39 - Starting...
2025-01-06 14:00:03.905 INFO  [restartedMain] l.log4j2 - 561. Connection opened. {executed in 2ms} 
2025-01-06 14:00:03.905 INFO  [restartedMain] l.log4j2 - 561. Connection.new Connection returned 
2025-01-06 14:00:03.905 INFO  [restartedMain] l.log4j2 - 561. Connection.getNetworkTimeout() returned 0
2025-01-06 14:00:03.905 INFO  [restartedMain] l.log4j2 - 561. Connection.isReadOnly() returned false
2025-01-06 14:00:03.905 INFO  [restartedMain] l.log4j2 - 561. Connection.getAutoCommit() returned true
2025-01-06 14:00:03.905 INFO  [restartedMain] l.log4j2 - 561. Connection.isValid(1) returned true
2025-01-06 14:00:03.906 INFO  [restartedMain] l.log4j2 - 561. Connection.getTransactionIsolation() returned 4
2025-01-06 14:00:03.906 INFO  [restartedMain] c.z.h.p.HikariPool - HikariPool-39 - Added connection net.sf.log4jdbc.sql.jdbcapi.ConnectionSpy@6ff27efe
2025-01-06 14:00:03.906 INFO  [restartedMain] c.z.h.HikariDataSource - HikariPool-39 - Start completed.
2025-01-06 14:00:03.906 INFO  [restartedMain] l.log4j2 - 561. Connection.getMetaData() returned org.mariadb.jdbc.DatabaseMetaData@62d28a7b
2025-01-06 14:00:03.906 INFO  [restartedMain] l.log4j2 - 561. Statement.new Statement returned 
2025-01-06 14:00:03.906 INFO  [restartedMain] l.log4j2 - 561. Connection.createStatement() returned net.sf.log4jdbc.sql.jdbcapi.StatementSpy@5a91302e
2025-01-06 14:00:03.906 INFO  [restartedMain] l.log4j2 - 561. SELECT @@character_set_database, @@sql_mode  {executed in 0 ms}
2025-01-06 14:00:03.906 INFO  [restartedMain] l.log4j2 - 561. ResultSet.new ResultSet returned 
2025-01-06 14:00:03.906 INFO  [restartedMain] l.log4j2 - 561. Statement.executeQuery(SELECT @@character_set_database, @@sql_mode) returned net.sf.log4jdbc.sql.jdbcapi.ResultSetSpy@8fc9bf3
2025-01-06 14:00:03.906 INFO  [restartedMain] l.log4j2 - 561. ResultSet.next() returned true
2025-01-06 14:00:03.907 INFO  [restartedMain] l.log4j2 - 561. ResultSet.getString(1) returned utf8
2025-01-06 14:00:03.907 INFO  [restartedMain] l.log4j2 - 561. ResultSet.getString(2) returned IGNORE_SPACE,STRICT_TRANS_TABLES,ERROR_FOR_DIVISION_BY_ZERO,NO_AUTO_CREATE_USER,NO_ENGINE_SUBSTITUTION
2025-01-06 14:00:03.907 INFO  [restartedMain] l.log4j2 - 561. Statement.close() returned 
2025-01-06 14:00:03.907 INFO  [restartedMain] l.log4j2 - 561. Connection.getCatalog() returned malldb
2025-01-06 14:00:03.907 INFO  [restartedMain] l.log4j2 - 561. Connection.getSchema() returned null
2025-01-06 14:00:03.907 INFO  [restartedMain] l.log4j2 - 561. Connection.getSchema() returned null
2025-01-06 14:00:03.907 INFO  [restartedMain] l.log4j2 - 561. Connection.getMetaData() returned org.mariadb.jdbc.DatabaseMetaData@7485119c
2025-01-06 14:00:03.907 INFO  [restartedMain] l.log4j2 - 561. Connection.createClob() returned 
2025-01-06 14:00:03.907 INFO  [restartedMain] l.log4j2 - 561. Connection.createNClob() returned 
2025-01-06 14:00:03.907 INFO  [restartedMain] l.log4j2 - 561. Connection.clearWarnings() returned 
2025-01-06 14:00:03.944 INFO  [restartedMain] o.h.e.t.j.p.i.JtaPlatformInitiator - HHH000489: No JTA platform available (set 'hibernate.transaction.jta.platform' to enable JTA platform integration)
2025-01-06 14:00:03.944 INFO  [restartedMain] l.log4j2 - 561. Connection.getAutoCommit() returned true
2025-01-06 14:00:03.944 INFO  [restartedMain] l.log4j2 - 561. PreparedStatement.new PreparedStatement returned 
2025-01-06 14:00:03.944 INFO  [restartedMain] l.log4j2 - 561. Connection.prepareStatement(select table_name from information_schema.TABLES where table_schema=database() and table_type='SEQUENCE') returned net.sf.log4jdbc.sql.jdbcapi.PreparedStatementSpy@1b5e97e2
2025-01-06 14:00:03.945 INFO  [restartedMain] l.log4j2 - 561. select table_name from information_schema.TABLES where table_schema=database() and table_type='SEQUENCE'  {executed in 1 ms}
2025-01-06 14:00:03.945 INFO  [restartedMain] l.log4j2 - 561. ResultSet.new ResultSet returned 
2025-01-06 14:00:03.945 INFO  [restartedMain] l.log4j2 - 561. PreparedStatement.executeQuery() returned net.sf.log4jdbc.sql.jdbcapi.ResultSetSpy@59c24c0b
2025-01-06 14:00:03.945 INFO  [restartedMain] l.log4j2 - 
|-----------|
|table_name |
|-----------|
|-----------|

2025-01-06 14:00:03.945 INFO  [restartedMain] l.log4j2 - 561. ResultSet.next() returned false
2025-01-06 14:00:03.946 INFO  [restartedMain] l.log4j2 - 561. ResultSet.close() returned void
2025-01-06 14:00:03.946 INFO  [restartedMain] l.log4j2 - 561. PreparedStatement.close() returned 
2025-01-06 14:00:03.946 INFO  [restartedMain] l.log4j2 - 561. Connection.getMetaData() returned org.mariadb.jdbc.DatabaseMetaData@34c61a2a
2025-01-06 14:00:03.962 INFO  [restartedMain] l.log4j2 - 561. PreparedStatement.new PreparedStatement returned 
2025-01-06 14:00:03.962 INFO  [restartedMain] l.log4j2 - 561. Connection.prepareStatement(select * from `malldb`.`member` where 1=0) returned net.sf.log4jdbc.sql.jdbcapi.PreparedStatementSpy@4be818e7
2025-01-06 14:00:03.963 INFO  [restartedMain] l.log4j2 - 561. select * from `malldb`.`member` where 1=0  {executed in 1 ms}
2025-01-06 14:00:03.963 INFO  [restartedMain] l.log4j2 - 561. ResultSet.new ResultSet returned 
2025-01-06 14:00:03.963 INFO  [restartedMain] l.log4j2 - 561. PreparedStatement.executeQuery() returned net.sf.log4jdbc.sql.jdbcapi.ResultSetSpy@1b785
2025-01-06 14:00:03.963 INFO  [restartedMain] l.log4j2 - 561. ResultSet.getMetaData() returned org.mariadb.jdbc.client.result.ResultSetMetaData@412fae5
2025-01-06 14:00:03.963 INFO  [restartedMain] l.log4j2 - 
|------|---------|---|-------|
|email |nickname |pw |social |
|------|---------|---|-------|
|------|---------|---|-------|

2025-01-06 14:00:03.963 INFO  [restartedMain] l.log4j2 - 561. ResultSet.close() returned void
2025-01-06 14:00:03.963 INFO  [restartedMain] l.log4j2 - 561. PreparedStatement.close() returned 
2025-01-06 14:00:03.964 INFO  [restartedMain] l.log4j2 - 561. PreparedStatement.new PreparedStatement returned 
2025-01-06 14:00:03.964 INFO  [restartedMain] l.log4j2 - 561. Connection.prepareStatement(select * from `malldb`.`tbl_product` where 1=0) returned net.sf.log4jdbc.sql.jdbcapi.PreparedStatementSpy@1817cbc2
2025-01-06 14:00:03.965 INFO  [restartedMain] l.log4j2 - 561. select * from `malldb`.`tbl_product` where 1=0  {executed in 1 ms}
2025-01-06 14:00:03.965 INFO  [restartedMain] l.log4j2 - 561. ResultSet.new ResultSet returned 
2025-01-06 14:00:03.965 INFO  [restartedMain] l.log4j2 - 561. PreparedStatement.executeQuery() returned net.sf.log4jdbc.sql.jdbcapi.ResultSetSpy@1527fada
2025-01-06 14:00:03.965 INFO  [restartedMain] l.log4j2 - 561. ResultSet.getMetaData() returned org.mariadb.jdbc.client.result.ResultSetMetaData@6f1ef49
2025-01-06 14:00:03.965 INFO  [restartedMain] l.log4j2 - 
|----|---------|------|------|------|
|pno |del_flag |pdesc |pname |price |
|----|---------|------|------|------|
|----|---------|------|------|------|

2025-01-06 14:00:03.965 INFO  [restartedMain] l.log4j2 - 561. ResultSet.close() returned void
2025-01-06 14:00:03.965 INFO  [restartedMain] l.log4j2 - 561. PreparedStatement.close() returned 
2025-01-06 14:00:03.965 INFO  [restartedMain] l.log4j2 - 561. Connection.clearWarnings() returned 
2025-01-06 14:00:03.965 INFO  [restartedMain] o.s.o.j.LocalContainerEntityManagerFactoryBean - Initialized JPA EntityManagerFactory for persistence unit 'default'
2025-01-06 14:00:04.019 INFO  [HikariPool-39 connection adder] l.log4j2 - 562. Connection opened. {executed in 3ms} 
2025-01-06 14:00:04.019 INFO  [HikariPool-39 connection adder] l.log4j2 - 562. Connection.new Connection returned 
2025-01-06 14:00:04.019 INFO  [HikariPool-39 connection adder] l.log4j2 - 562. Connection.isReadOnly() returned false
2025-01-06 14:00:04.019 INFO  [HikariPool-39 connection adder] l.log4j2 - 562. Connection.getAutoCommit() returned true
2025-01-06 14:00:04.030 INFO  [restartedMain] o.z.m.u.CustomFileUtil - -------------------------------------
2025-01-06 14:00:04.030 INFO  [restartedMain] o.z.m.u.CustomFileUtil - C:\Users\ktcs\backend\mallapi\upload
2025-01-06 14:00:04.034 INFO  [HikariPool-39 connection adder] l.log4j2 - 563. Connection opened. {executed in 2ms} 
2025-01-06 14:00:04.034 INFO  [HikariPool-39 connection adder] l.log4j2 - 563. Connection.new Connection returned 
2025-01-06 14:00:04.034 INFO  [HikariPool-39 connection adder] l.log4j2 - 563. Connection.isReadOnly() returned false
2025-01-06 14:00:04.034 INFO  [HikariPool-39 connection adder] l.log4j2 - 563. Connection.getAutoCommit() returned true
2025-01-06 14:00:04.050 INFO  [HikariPool-39 connection adder] l.log4j2 - 564. Connection opened. {executed in 3ms} 
2025-01-06 14:00:04.050 INFO  [HikariPool-39 connection adder] l.log4j2 - 564. Connection.new Connection returned 
2025-01-06 14:00:04.050 INFO  [HikariPool-39 connection adder] l.log4j2 - 564. Connection.isReadOnly() returned false
2025-01-06 14:00:04.050 INFO  [HikariPool-39 connection adder] l.log4j2 - 564. Connection.getAutoCommit() returned true
2025-01-06 14:00:04.065 INFO  [HikariPool-39 connection adder] l.log4j2 - 565. Connection opened. {executed in 3ms} 
2025-01-06 14:00:04.065 INFO  [HikariPool-39 connection adder] l.log4j2 - 565. Connection.new Connection returned 
2025-01-06 14:00:04.065 INFO  [HikariPool-39 connection adder] l.log4j2 - 565. Connection.isReadOnly() returned false
2025-01-06 14:00:04.065 INFO  [HikariPool-39 connection adder] l.log4j2 - 565. Connection.getAutoCommit() returned true
2025-01-06 14:00:04.085 INFO  [HikariPool-39 connection adder] l.log4j2 - 566. Connection opened. {executed in 8ms} 
2025-01-06 14:00:04.085 INFO  [HikariPool-39 connection adder] l.log4j2 - 566. Connection.new Connection returned 
2025-01-06 14:00:04.085 INFO  [HikariPool-39 connection adder] l.log4j2 - 566. Connection.isReadOnly() returned false
2025-01-06 14:00:04.085 INFO  [HikariPool-39 connection adder] l.log4j2 - 566. Connection.getAutoCommit() returned true
2025-01-06 14:00:04.097 WARN  [restartedMain] o.s.b.a.o.j.JpaBaseConfiguration$JpaWebConfiguration - spring.jpa.open-in-view is enabled by default. Therefore, database queries may be performed during view rendering. Explicitly configure spring.jpa.open-in-view to disable this warning
2025-01-06 14:00:04.099 INFO  [HikariPool-39 connection adder] l.log4j2 - 567. Connection opened. {executed in 2ms} 
2025-01-06 14:00:04.099 INFO  [HikariPool-39 connection adder] l.log4j2 - 567. Connection.new Connection returned 
2025-01-06 14:00:04.099 INFO  [HikariPool-39 connection adder] l.log4j2 - 567. Connection.isReadOnly() returned false
2025-01-06 14:00:04.099 INFO  [HikariPool-39 connection adder] l.log4j2 - 567. Connection.getAutoCommit() returned true
2025-01-06 14:00:04.113 INFO  [HikariPool-39 connection adder] l.log4j2 - 568. Connection opened. {executed in 2ms} 
2025-01-06 14:00:04.113 INFO  [HikariPool-39 connection adder] l.log4j2 - 568. Connection.new Connection returned 
2025-01-06 14:00:04.113 INFO  [HikariPool-39 connection adder] l.log4j2 - 568. Connection.isReadOnly() returned false
2025-01-06 14:00:04.113 INFO  [HikariPool-39 connection adder] l.log4j2 - 568. Connection.getAutoCommit() returned true
2025-01-06 14:00:04.122 INFO  [restartedMain] o.z.m.c.CustomSecurityConfig - ---------------------security config---------------------------
2025-01-06 14:00:04.128 INFO  [HikariPool-39 connection adder] l.log4j2 - 569. Connection opened. {executed in 2ms} 
2025-01-06 14:00:04.128 INFO  [HikariPool-39 connection adder] l.log4j2 - 569. Connection.new Connection returned 
2025-01-06 14:00:04.128 INFO  [HikariPool-39 connection adder] l.log4j2 - 569. Connection.isReadOnly() returned false
2025-01-06 14:00:04.128 INFO  [HikariPool-39 connection adder] l.log4j2 - 569. Connection.getAutoCommit() returned true
2025-01-06 14:00:04.144 INFO  [HikariPool-39 connection adder] l.log4j2 - 570. Connection opened. {executed in 2ms} 
2025-01-06 14:00:04.144 INFO  [HikariPool-39 connection adder] l.log4j2 - 570. Connection.new Connection returned 
2025-01-06 14:00:04.144 INFO  [HikariPool-39 connection adder] l.log4j2 - 570. Connection.isReadOnly() returned false
2025-01-06 14:00:04.144 INFO  [HikariPool-39 connection adder] l.log4j2 - 570. Connection.getAutoCommit() returned true
2025-01-06 14:00:04.149 INFO  [restartedMain] o.s.s.w.DefaultSecurityFilterChain - Will secure any request with [org.springframework.security.web.session.DisableEncodeUrlFilter@52287b6e, org.springframework.security.web.context.request.async.WebAsyncManagerIntegrationFilter@7fbfd0b8, org.springframework.security.web.context.SecurityContextHolderFilter@5b420651, org.springframework.security.web.header.HeaderWriterFilter@23546355, org.springframework.web.filter.CorsFilter@2190a5f4, org.springframework.security.web.authentication.logout.LogoutFilter@3a2c8bb0, org.zerock.mallapi.security.filter.JWTCheckFilter@5e0d918f, org.springframework.security.web.authentication.UsernamePasswordAuthenticationFilter@6b328a1b, org.springframework.security.web.savedrequest.RequestCacheAwareFilter@428cfc68, org.springframework.security.web.servletapi.SecurityContextHolderAwareRequestFilter@42c271a7, org.springframework.security.web.authentication.AnonymousAuthenticationFilter@4fef722b, org.springframework.security.web.session.SessionManagementFilter@3f2af7c, org.springframework.security.web.access.ExceptionTranslationFilter@1d208ee7]
2025-01-06 14:00:04.371 INFO  [restartedMain] o.s.b.d.a.OptionalLiveReloadServer - LiveReload server is running on port 35729
2025-01-06 14:00:04.385 INFO  [restartedMain] o.s.b.w.e.t.TomcatWebServer - Tomcat started on port 8081 (http) with context path ''
2025-01-06 14:00:04.389 INFO  [restartedMain] o.z.m.MallapiApplication - Started MallapiApplication in 0.883 seconds (process running for 261041.013)
2025-01-06 14:00:04.390 INFO  [restartedMain] o.s.b.d.a.ConditionEvaluationDeltaLoggingListener - Condition evaluation unchanged
2025-01-06 14:29:24.660 INFO  [HikariPool-39 connection closer] l.log4j2 - 570. Connection closed. {executed in 56ms} 
2025-01-06 14:29:24.706 INFO  [HikariPool-39 connection closer] l.log4j2 - 570. Connection.close() returned 
2025-01-06 14:29:24.899 INFO  [HikariPool-39 connection adder] l.log4j2 - 571. Connection opened. {executed in 277ms} 
2025-01-06 14:29:24.899 INFO  [HikariPool-39 connection adder] l.log4j2 - 571. Connection.new Connection returned 
2025-01-06 14:29:24.899 INFO  [HikariPool-39 connection adder] l.log4j2 - 571. Connection.isReadOnly() returned false
2025-01-06 14:29:24.899 INFO  [HikariPool-39 connection adder] l.log4j2 - 571. Connection.getAutoCommit() returned true
2025-01-06 14:29:26.943 INFO  [HikariPool-39 connection closer] l.log4j2 - 567. Connection closed. {executed in 1ms} 
2025-01-06 14:29:26.943 INFO  [HikariPool-39 connection closer] l.log4j2 - 567. Connection.close() returned 
2025-01-06 14:29:26.946 INFO  [HikariPool-39 connection adder] l.log4j2 - 572. Connection opened. {executed in 5ms} 
2025-01-06 14:29:26.946 INFO  [HikariPool-39 connection adder] l.log4j2 - 572. Connection.new Connection returned 
2025-01-06 14:29:26.946 INFO  [HikariPool-39 connection adder] l.log4j2 - 572. Connection.isReadOnly() returned false
2025-01-06 14:29:26.946 INFO  [HikariPool-39 connection adder] l.log4j2 - 572. Connection.getAutoCommit() returned true
2025-01-06 14:29:31.161 INFO  [HikariPool-39 connection closer] l.log4j2 - 569. Connection closed. {executed in 2ms} 
2025-01-06 14:29:31.161 INFO  [HikariPool-39 connection closer] l.log4j2 - 569. Connection.close() returned 
2025-01-06 14:29:31.267 INFO  [HikariPool-39 connection adder] l.log4j2 - 573. Connection opened. {executed in 107ms} 
2025-01-06 14:29:31.267 INFO  [HikariPool-39 connection adder] l.log4j2 - 573. Connection.new Connection returned 
2025-01-06 14:29:31.267 INFO  [HikariPool-39 connection adder] l.log4j2 - 573. Connection.isReadOnly() returned false
2025-01-06 14:29:31.267 INFO  [HikariPool-39 connection adder] l.log4j2 - 573. Connection.getAutoCommit() returned true
2025-01-06 14:29:31.581 INFO  [HikariPool-39 connection closer] l.log4j2 - 566. Connection closed. {executed in 2ms} 
2025-01-06 14:29:31.581 INFO  [HikariPool-39 connection closer] l.log4j2 - 566. Connection.close() returned 
2025-01-06 14:29:31.583 INFO  [HikariPool-39 connection adder] l.log4j2 - 574. Connection opened. {executed in 7ms} 
2025-01-06 14:29:31.583 INFO  [HikariPool-39 connection adder] l.log4j2 - 574. Connection.new Connection returned 
2025-01-06 14:29:31.583 INFO  [HikariPool-39 connection adder] l.log4j2 - 574. Connection.isReadOnly() returned false
2025-01-06 14:29:31.583 INFO  [HikariPool-39 connection adder] l.log4j2 - 574. Connection.getAutoCommit() returned true
2025-01-06 14:29:36.045 INFO  [HikariPool-39 connection closer] l.log4j2 - 568. Connection closed. {executed in 1ms} 
2025-01-06 14:29:36.045 INFO  [HikariPool-39 connection closer] l.log4j2 - 568. Connection.close() returned 
2025-01-06 14:29:36.051 INFO  [HikariPool-39 connection adder] l.log4j2 - 575. Connection opened. {executed in 7ms} 
2025-01-06 14:29:36.051 INFO  [HikariPool-39 connection adder] l.log4j2 - 575. Connection.new Connection returned 
2025-01-06 14:29:36.051 INFO  [HikariPool-39 connection adder] l.log4j2 - 575. Connection.isReadOnly() returned false
2025-01-06 14:29:36.051 INFO  [HikariPool-39 connection adder] l.log4j2 - 575. Connection.getAutoCommit() returned true
2025-01-06 14:29:39.906 INFO  [HikariPool-39 connection closer] l.log4j2 - 565. Connection closed. {executed in 1ms} 
2025-01-06 14:29:39.906 INFO  [HikariPool-39 connection closer] l.log4j2 - 565. Connection.close() returned 
2025-01-06 14:29:40.103 INFO  [HikariPool-39 connection adder] l.log4j2 - 576. Connection opened. {executed in 199ms} 
2025-01-06 14:29:40.103 INFO  [HikariPool-39 connection adder] l.log4j2 - 576. Connection.new Connection returned 
2025-01-06 14:29:40.103 INFO  [HikariPool-39 connection adder] l.log4j2 - 576. Connection.isReadOnly() returned false
2025-01-06 14:29:40.103 INFO  [HikariPool-39 connection adder] l.log4j2 - 576. Connection.getAutoCommit() returned true
2025-01-06 14:29:45.075 INFO  [HikariPool-39 connection closer] l.log4j2 - 562. Connection closed. {executed in 1ms} 
2025-01-06 14:29:45.075 INFO  [HikariPool-39 connection closer] l.log4j2 - 562. Connection.close() returned 
2025-01-06 14:29:45.078 INFO  [HikariPool-39 connection adder] l.log4j2 - 577. Connection opened. {executed in 6ms} 
2025-01-06 14:29:45.078 INFO  [HikariPool-39 connection adder] l.log4j2 - 577. Connection.new Connection returned 
2025-01-06 14:29:45.078 INFO  [HikariPool-39 connection adder] l.log4j2 - 577. Connection.isReadOnly() returned false
2025-01-06 14:29:45.078 INFO  [HikariPool-39 connection adder] l.log4j2 - 577. Connection.getAutoCommit() returned true
2025-01-06 14:29:50.209 INFO  [HikariPool-39 connection closer] l.log4j2 - 561. Connection closed. {executed in 1ms} 
2025-01-06 14:29:50.209 INFO  [HikariPool-39 connection closer] l.log4j2 - 561. Connection.close() returned 
2025-01-06 14:29:50.212 INFO  [HikariPool-39 connection adder] l.log4j2 - 578. Connection opened. {executed in 4ms} 
2025-01-06 14:29:50.212 INFO  [HikariPool-39 connection adder] l.log4j2 - 578. Connection.new Connection returned 
2025-01-06 14:29:50.212 INFO  [HikariPool-39 connection adder] l.log4j2 - 578. Connection.isReadOnly() returned false
2025-01-06 14:29:50.212 INFO  [HikariPool-39 connection adder] l.log4j2 - 578. Connection.getAutoCommit() returned true
2025-01-06 14:30:03.341 INFO  [HikariPool-39 connection closer] l.log4j2 - 563. Connection closed. {executed in 2ms} 
2025-01-06 14:30:03.341 INFO  [HikariPool-39 connection closer] l.log4j2 - 563. Connection.close() returned 
2025-01-06 14:30:03.344 INFO  [HikariPool-39 connection adder] l.log4j2 - 579. Connection opened. {executed in 6ms} 
2025-01-06 14:30:03.344 INFO  [HikariPool-39 connection adder] l.log4j2 - 579. Connection.new Connection returned 
2025-01-06 14:30:03.344 INFO  [HikariPool-39 connection adder] l.log4j2 - 579. Connection.isReadOnly() returned false
2025-01-06 14:30:03.344 INFO  [HikariPool-39 connection adder] l.log4j2 - 579. Connection.getAutoCommit() returned true
2025-01-06 14:30:03.745 INFO  [HikariPool-39 connection closer] l.log4j2 - 564. Connection closed. {executed in 1ms} 
2025-01-06 14:30:03.745 INFO  [HikariPool-39 connection closer] l.log4j2 - 564. Connection.close() returned 
2025-01-06 14:30:03.747 INFO  [HikariPool-39 connection adder] l.log4j2 - 580. Connection opened. {executed in 3ms} 
2025-01-06 14:30:03.747 INFO  [HikariPool-39 connection adder] l.log4j2 - 580. Connection.new Connection returned 
2025-01-06 14:30:03.747 INFO  [HikariPool-39 connection adder] l.log4j2 - 580. Connection.isReadOnly() returned false
2025-01-06 14:30:03.747 INFO  [HikariPool-39 connection adder] l.log4j2 - 580. Connection.getAutoCommit() returned true
2025-01-06 14:58:51.703 INFO  [HikariPool-39 connection closer] l.log4j2 - 575. Connection closed. {executed in 14ms} 
2025-01-06 14:58:51.707 INFO  [HikariPool-39 connection closer] l.log4j2 - 575. Connection.close() returned 
2025-01-06 14:58:51.734 INFO  [HikariPool-39 connection adder] l.log4j2 - 581. Connection opened. {executed in 43ms} 
2025-01-06 14:58:51.734 INFO  [HikariPool-39 connection adder] l.log4j2 - 581. Connection.new Connection returned 
2025-01-06 14:58:51.735 INFO  [HikariPool-39 connection adder] l.log4j2 - 581. Connection.isReadOnly() returned false
2025-01-06 14:58:51.735 INFO  [HikariPool-39 connection adder] l.log4j2 - 581. Connection.getAutoCommit() returned true
2025-01-06 14:58:53.623 INFO  [HikariPool-39 connection closer] l.log4j2 - 574. Connection closed. {executed in 1ms} 
2025-01-06 14:58:53.623 INFO  [HikariPool-39 connection closer] l.log4j2 - 574. Connection.close() returned 
2025-01-06 14:58:53.626 INFO  [HikariPool-39 connection adder] l.log4j2 - 582. Connection opened. {executed in 4ms} 
2025-01-06 14:58:53.626 INFO  [HikariPool-39 connection adder] l.log4j2 - 582. Connection.new Connection returned 
2025-01-06 14:58:53.626 INFO  [HikariPool-39 connection adder] l.log4j2 - 582. Connection.isReadOnly() returned false
2025-01-06 14:58:53.626 INFO  [HikariPool-39 connection adder] l.log4j2 - 582. Connection.getAutoCommit() returned true
2025-01-06 14:58:59.893 INFO  [HikariPool-39 connection closer] l.log4j2 - 572. Connection closed. {executed in 1ms} 
2025-01-06 14:58:59.893 INFO  [HikariPool-39 connection closer] l.log4j2 - 572. Connection.close() returned 
2025-01-06 14:58:59.895 INFO  [HikariPool-39 connection adder] l.log4j2 - 583. Connection opened. {executed in 3ms} 
2025-01-06 14:58:59.895 INFO  [HikariPool-39 connection adder] l.log4j2 - 583. Connection.new Connection returned 
2025-01-06 14:58:59.895 INFO  [HikariPool-39 connection adder] l.log4j2 - 583. Connection.isReadOnly() returned false
2025-01-06 14:58:59.895 INFO  [HikariPool-39 connection adder] l.log4j2 - 583. Connection.getAutoCommit() returned true
2025-01-06 14:59:01.741 INFO  [HikariPool-39 connection closer] l.log4j2 - 577. Connection closed. {executed in 1ms} 
2025-01-06 14:59:01.741 INFO  [HikariPool-39 connection closer] l.log4j2 - 577. Connection.close() returned 
2025-01-06 14:59:01.743 INFO  [HikariPool-39 connection adder] l.log4j2 - 584. Connection opened. {executed in 3ms} 
2025-01-06 14:59:01.744 INFO  [HikariPool-39 connection adder] l.log4j2 - 584. Connection.new Connection returned 
2025-01-06 14:59:01.744 INFO  [HikariPool-39 connection adder] l.log4j2 - 584. Connection.isReadOnly() returned false
2025-01-06 14:59:01.744 INFO  [HikariPool-39 connection adder] l.log4j2 - 584. Connection.getAutoCommit() returned true
2025-01-06 14:59:06.532 INFO  [HikariPool-39 connection closer] l.log4j2 - 571. Connection closed. {executed in 1ms} 
2025-01-06 14:59:06.532 INFO  [HikariPool-39 connection closer] l.log4j2 - 571. Connection.close() returned 
2025-01-06 14:59:06.536 INFO  [HikariPool-39 connection adder] l.log4j2 - 585. Connection opened. {executed in 5ms} 
2025-01-06 14:59:06.536 INFO  [HikariPool-39 connection adder] l.log4j2 - 585. Connection.new Connection returned 
2025-01-06 14:59:06.536 INFO  [HikariPool-39 connection adder] l.log4j2 - 585. Connection.isReadOnly() returned false
2025-01-06 14:59:06.536 INFO  [HikariPool-39 connection adder] l.log4j2 - 585. Connection.getAutoCommit() returned true
2025-01-06 14:59:24.349 INFO  [HikariPool-39 connection closer] l.log4j2 - 573. Connection closed. {executed in 1ms} 
2025-01-06 14:59:24.349 INFO  [HikariPool-39 connection closer] l.log4j2 - 573. Connection.close() returned 
2025-01-06 14:59:24.353 INFO  [HikariPool-39 connection adder] l.log4j2 - 586. Connection opened. {executed in 6ms} 
2025-01-06 14:59:24.353 INFO  [HikariPool-39 connection adder] l.log4j2 - 586. Connection.new Connection returned 
2025-01-06 14:59:24.353 INFO  [HikariPool-39 connection adder] l.log4j2 - 586. Connection.isReadOnly() returned false
2025-01-06 14:59:24.353 INFO  [HikariPool-39 connection adder] l.log4j2 - 586. Connection.getAutoCommit() returned true
2025-01-06 14:59:37.556 INFO  [HikariPool-39 connection closer] l.log4j2 - 576. Connection closed. {executed in 1ms} 
2025-01-06 14:59:37.556 INFO  [HikariPool-39 connection closer] l.log4j2 - 576. Connection.close() returned 
2025-01-06 14:59:37.559 INFO  [HikariPool-39 connection adder] l.log4j2 - 587. Connection opened. {executed in 4ms} 
2025-01-06 14:59:37.560 INFO  [HikariPool-39 connection adder] l.log4j2 - 587. Connection.new Connection returned 
2025-01-06 14:59:37.560 INFO  [HikariPool-39 connection adder] l.log4j2 - 587. Connection.isReadOnly() returned false
2025-01-06 14:59:37.560 INFO  [HikariPool-39 connection adder] l.log4j2 - 587. Connection.getAutoCommit() returned true
2025-01-06 14:59:41.554 INFO  [HikariPool-39 connection closer] l.log4j2 - 578. Connection closed. {executed in 2ms} 
2025-01-06 14:59:41.554 INFO  [HikariPool-39 connection closer] l.log4j2 - 578. Connection.close() returned 
2025-01-06 14:59:41.555 INFO  [HikariPool-39 connection adder] l.log4j2 - 588. Connection opened. {executed in 3ms} 
2025-01-06 14:59:41.555 INFO  [HikariPool-39 connection adder] l.log4j2 - 588. Connection.new Connection returned 
2025-01-06 14:59:41.555 INFO  [HikariPool-39 connection adder] l.log4j2 - 588. Connection.isReadOnly() returned false
2025-01-06 14:59:41.555 INFO  [HikariPool-39 connection adder] l.log4j2 - 588. Connection.getAutoCommit() returned true
2025-01-06 14:59:44.649 INFO  [HikariPool-39 connection closer] l.log4j2 - 580. Connection closed. {executed in 1ms} 
2025-01-06 14:59:44.649 INFO  [HikariPool-39 connection closer] l.log4j2 - 580. Connection.close() returned 
2025-01-06 14:59:44.651 INFO  [HikariPool-39 connection adder] l.log4j2 - 589. Connection opened. {executed in 3ms} 
2025-01-06 14:59:44.651 INFO  [HikariPool-39 connection adder] l.log4j2 - 589. Connection.new Connection returned 
2025-01-06 14:59:44.651 INFO  [HikariPool-39 connection adder] l.log4j2 - 589. Connection.isReadOnly() returned false
2025-01-06 14:59:44.651 INFO  [HikariPool-39 connection adder] l.log4j2 - 589. Connection.getAutoCommit() returned true
2025-01-06 14:59:49.867 INFO  [HikariPool-39 connection closer] l.log4j2 - 579. Connection closed. {executed in 1ms} 
2025-01-06 14:59:49.867 INFO  [HikariPool-39 connection closer] l.log4j2 - 579. Connection.close() returned 
2025-01-06 14:59:49.870 INFO  [HikariPool-39 connection adder] l.log4j2 - 590. Connection opened. {executed in 3ms} 
2025-01-06 14:59:49.870 INFO  [HikariPool-39 connection adder] l.log4j2 - 590. Connection.new Connection returned 
2025-01-06 14:59:49.870 INFO  [HikariPool-39 connection adder] l.log4j2 - 590. Connection.isReadOnly() returned false
2025-01-06 14:59:49.870 INFO  [HikariPool-39 connection adder] l.log4j2 - 590. Connection.getAutoCommit() returned true
2025-01-06 15:28:25.084 INFO  [HikariPool-39 connection closer] l.log4j2 - 582. Connection closed. {executed in 8ms} 
2025-01-06 15:28:25.086 INFO  [HikariPool-39 connection closer] l.log4j2 - 582. Connection.close() returned 
2025-01-06 15:28:25.112 INFO  [HikariPool-39 connection adder] l.log4j2 - 591. Connection opened. {executed in 34ms} 
2025-01-06 15:28:25.112 INFO  [HikariPool-39 connection adder] l.log4j2 - 591. Connection.new Connection returned 
2025-01-06 15:28:25.112 INFO  [HikariPool-39 connection adder] l.log4j2 - 591. Connection.isReadOnly() returned false
2025-01-06 15:28:25.112 INFO  [HikariPool-39 connection adder] l.log4j2 - 591. Connection.getAutoCommit() returned true
2025-01-06 15:28:28.741 INFO  [HikariPool-39 connection closer] l.log4j2 - 581. Connection closed. {executed in 0ms} 
2025-01-06 15:28:28.741 INFO  [HikariPool-39 connection closer] l.log4j2 - 581. Connection.close() returned 
2025-01-06 15:28:28.745 INFO  [HikariPool-39 connection adder] l.log4j2 - 592. Connection opened. {executed in 4ms} 
2025-01-06 15:28:28.745 INFO  [HikariPool-39 connection adder] l.log4j2 - 592. Connection.new Connection returned 
2025-01-06 15:28:28.745 INFO  [HikariPool-39 connection adder] l.log4j2 - 592. Connection.isReadOnly() returned false
2025-01-06 15:28:28.745 INFO  [HikariPool-39 connection adder] l.log4j2 - 592. Connection.getAutoCommit() returned true
2025-01-06 15:28:48.507 INFO  [HikariPool-39 connection closer] l.log4j2 - 585. Connection closed. {executed in 1ms} 
2025-01-06 15:28:48.507 INFO  [HikariPool-39 connection closer] l.log4j2 - 585. Connection.close() returned 
2025-01-06 15:28:48.510 INFO  [HikariPool-39 connection adder] l.log4j2 - 593. Connection opened. {executed in 4ms} 
2025-01-06 15:28:48.510 INFO  [HikariPool-39 connection adder] l.log4j2 - 593. Connection.new Connection returned 
2025-01-06 15:28:48.510 INFO  [HikariPool-39 connection adder] l.log4j2 - 593. Connection.isReadOnly() returned false
2025-01-06 15:28:48.510 INFO  [HikariPool-39 connection adder] l.log4j2 - 593. Connection.getAutoCommit() returned true
2025-01-06 15:28:52.317 INFO  [HikariPool-39 connection closer] l.log4j2 - 583. Connection closed. {executed in 0ms} 
2025-01-06 15:28:52.317 INFO  [HikariPool-39 connection closer] l.log4j2 - 583. Connection.close() returned 
2025-01-06 15:28:52.319 INFO  [HikariPool-39 connection adder] l.log4j2 - 594. Connection opened. {executed in 2ms} 
2025-01-06 15:28:52.319 INFO  [HikariPool-39 connection adder] l.log4j2 - 594. Connection.new Connection returned 
2025-01-06 15:28:52.319 INFO  [HikariPool-39 connection adder] l.log4j2 - 594. Connection.isReadOnly() returned false
2025-01-06 15:28:52.319 INFO  [HikariPool-39 connection adder] l.log4j2 - 594. Connection.getAutoCommit() returned true
2025-01-06 15:28:57.625 INFO  [HikariPool-39 connection closer] l.log4j2 - 584. Connection closed. {executed in 1ms} 
2025-01-06 15:28:57.625 INFO  [HikariPool-39 connection closer] l.log4j2 - 584. Connection.close() returned 
2025-01-06 15:28:57.636 INFO  [HikariPool-39 connection adder] l.log4j2 - 595. Connection opened. {executed in 4ms} 
2025-01-06 15:28:57.636 INFO  [HikariPool-39 connection adder] l.log4j2 - 595. Connection.new Connection returned 
2025-01-06 15:28:57.636 INFO  [HikariPool-39 connection adder] l.log4j2 - 595. Connection.isReadOnly() returned false
2025-01-06 15:28:57.636 INFO  [HikariPool-39 connection adder] l.log4j2 - 595. Connection.getAutoCommit() returned true
2025-01-06 15:28:59.368 INFO  [HikariPool-39 connection closer] l.log4j2 - 586. Connection closed. {executed in 1ms} 
2025-01-06 15:28:59.368 INFO  [HikariPool-39 connection closer] l.log4j2 - 586. Connection.close() returned 
2025-01-06 15:28:59.371 INFO  [HikariPool-39 connection adder] l.log4j2 - 596. Connection opened. {executed in 3ms} 
2025-01-06 15:28:59.371 INFO  [HikariPool-39 connection adder] l.log4j2 - 596. Connection.new Connection returned 
2025-01-06 15:28:59.371 INFO  [HikariPool-39 connection adder] l.log4j2 - 596. Connection.isReadOnly() returned false
2025-01-06 15:28:59.371 INFO  [HikariPool-39 connection adder] l.log4j2 - 596. Connection.getAutoCommit() returned true
2025-01-06 15:29:16.977 INFO  [HikariPool-39 connection closer] l.log4j2 - 589. Connection closed. {executed in 0ms} 
2025-01-06 15:29:16.978 INFO  [HikariPool-39 connection closer] l.log4j2 - 589. Connection.close() returned 
2025-01-06 15:29:16.979 INFO  [HikariPool-39 connection adder] l.log4j2 - 597. Connection opened. {executed in 3ms} 
2025-01-06 15:29:16.979 INFO  [HikariPool-39 connection adder] l.log4j2 - 597. Connection.new Connection returned 
2025-01-06 15:29:16.979 INFO  [HikariPool-39 connection adder] l.log4j2 - 597. Connection.isReadOnly() returned false
2025-01-06 15:29:16.979 INFO  [HikariPool-39 connection adder] l.log4j2 - 597. Connection.getAutoCommit() returned true
2025-01-06 15:29:27.565 INFO  [HikariPool-39 connection closer] l.log4j2 - 590. Connection closed. {executed in 1ms} 
2025-01-06 15:29:27.566 INFO  [HikariPool-39 connection closer] l.log4j2 - 590. Connection.close() returned 
2025-01-06 15:29:27.569 INFO  [HikariPool-39 connection adder] l.log4j2 - 598. Connection opened. {executed in 4ms} 
2025-01-06 15:29:27.569 INFO  [HikariPool-39 connection adder] l.log4j2 - 598. Connection.new Connection returned 
2025-01-06 15:29:27.569 INFO  [HikariPool-39 connection adder] l.log4j2 - 598. Connection.isReadOnly() returned false
2025-01-06 15:29:27.569 INFO  [HikariPool-39 connection adder] l.log4j2 - 598. Connection.getAutoCommit() returned true
2025-01-06 15:29:34.533 INFO  [HikariPool-39 connection closer] l.log4j2 - 588. Connection closed. {executed in 0ms} 
2025-01-06 15:29:34.533 INFO  [HikariPool-39 connection closer] l.log4j2 - 588. Connection.close() returned 
2025-01-06 15:29:34.536 INFO  [HikariPool-39 connection adder] l.log4j2 - 599. Connection opened. {executed in 4ms} 
2025-01-06 15:29:34.536 INFO  [HikariPool-39 connection adder] l.log4j2 - 599. Connection.new Connection returned 
2025-01-06 15:29:34.536 INFO  [HikariPool-39 connection adder] l.log4j2 - 599. Connection.isReadOnly() returned false
2025-01-06 15:29:34.536 INFO  [HikariPool-39 connection adder] l.log4j2 - 599. Connection.getAutoCommit() returned true
2025-01-06 15:29:37.307 INFO  [HikariPool-39 connection closer] l.log4j2 - 587. Connection closed. {executed in 2ms} 
2025-01-06 15:29:37.307 INFO  [HikariPool-39 connection closer] l.log4j2 - 587. Connection.close() returned 
2025-01-06 15:29:37.309 INFO  [HikariPool-39 connection adder] l.log4j2 - 600. Connection opened. {executed in 3ms} 
2025-01-06 15:29:37.309 INFO  [HikariPool-39 connection adder] l.log4j2 - 600. Connection.new Connection returned 
2025-01-06 15:29:37.309 INFO  [HikariPool-39 connection adder] l.log4j2 - 600. Connection.isReadOnly() returned false
2025-01-06 15:29:37.309 INFO  [HikariPool-39 connection adder] l.log4j2 - 600. Connection.getAutoCommit() returned true
2025-01-06 15:57:53.597 INFO  [HikariPool-39 connection closer] l.log4j2 - 592. Connection closed. {executed in 8ms} 
2025-01-06 15:57:53.599 INFO  [HikariPool-39 connection closer] l.log4j2 - 592. Connection.close() returned 
2025-01-06 15:57:53.616 INFO  [HikariPool-39 connection adder] l.log4j2 - 601. Connection opened. {executed in 27ms} 
2025-01-06 15:57:53.616 INFO  [HikariPool-39 connection adder] l.log4j2 - 601. Connection.new Connection returned 
2025-01-06 15:57:53.616 INFO  [HikariPool-39 connection adder] l.log4j2 - 601. Connection.isReadOnly() returned false
2025-01-06 15:57:53.616 INFO  [HikariPool-39 connection adder] l.log4j2 - 601. Connection.getAutoCommit() returned true
2025-01-06 15:58:03.570 INFO  [HikariPool-39 connection closer] l.log4j2 - 593. Connection closed. {executed in 1ms} 
2025-01-06 15:58:03.570 INFO  [HikariPool-39 connection closer] l.log4j2 - 593. Connection.close() returned 
2025-01-06 15:58:03.573 INFO  [HikariPool-39 connection adder] l.log4j2 - 602. Connection opened. {executed in 4ms} 
2025-01-06 15:58:03.573 INFO  [HikariPool-39 connection adder] l.log4j2 - 602. Connection.new Connection returned 
2025-01-06 15:58:03.573 INFO  [HikariPool-39 connection adder] l.log4j2 - 602. Connection.isReadOnly() returned false
2025-01-06 15:58:03.573 INFO  [HikariPool-39 connection adder] l.log4j2 - 602. Connection.getAutoCommit() returned true
2025-01-06 15:58:20.149 INFO  [HikariPool-39 connection closer] l.log4j2 - 591. Connection closed. {executed in 1ms} 
2025-01-06 15:58:20.149 INFO  [HikariPool-39 connection closer] l.log4j2 - 591. Connection.close() returned 
2025-01-06 15:58:20.151 INFO  [HikariPool-39 connection adder] l.log4j2 - 603. Connection opened. {executed in 3ms} 
2025-01-06 15:58:20.151 INFO  [HikariPool-39 connection adder] l.log4j2 - 603. Connection.new Connection returned 
2025-01-06 15:58:20.151 INFO  [HikariPool-39 connection adder] l.log4j2 - 603. Connection.isReadOnly() returned false
2025-01-06 15:58:20.151 INFO  [HikariPool-39 connection adder] l.log4j2 - 603. Connection.getAutoCommit() returned true
2025-01-06 15:58:28.170 INFO  [HikariPool-39 connection closer] l.log4j2 - 595. Connection closed. {executed in 1ms} 
2025-01-06 15:58:28.170 INFO  [HikariPool-39 connection closer] l.log4j2 - 595. Connection.close() returned 
2025-01-06 15:58:28.174 INFO  [HikariPool-39 connection adder] l.log4j2 - 604. Connection opened. {executed in 4ms} 
2025-01-06 15:58:28.174 INFO  [HikariPool-39 connection adder] l.log4j2 - 604. Connection.new Connection returned 
2025-01-06 15:58:28.174 INFO  [HikariPool-39 connection adder] l.log4j2 - 604. Connection.isReadOnly() returned false
2025-01-06 15:58:28.174 INFO  [HikariPool-39 connection adder] l.log4j2 - 604. Connection.getAutoCommit() returned true
2025-01-06 15:58:34.913 INFO  [HikariPool-39 connection closer] l.log4j2 - 594. Connection closed. {executed in 1ms} 
2025-01-06 15:58:34.913 INFO  [HikariPool-39 connection closer] l.log4j2 - 594. Connection.close() returned 
2025-01-06 15:58:34.923 INFO  [HikariPool-39 connection adder] l.log4j2 - 605. Connection opened. {executed in 11ms} 
2025-01-06 15:58:34.923 INFO  [HikariPool-39 connection adder] l.log4j2 - 605. Connection.new Connection returned 
2025-01-06 15:58:34.923 INFO  [HikariPool-39 connection adder] l.log4j2 - 605. Connection.isReadOnly() returned false
2025-01-06 15:58:34.923 INFO  [HikariPool-39 connection adder] l.log4j2 - 605. Connection.getAutoCommit() returned true
2025-01-06 15:58:53.369 INFO  [HikariPool-39 connection closer] l.log4j2 - 600. Connection closed. {executed in 1ms} 
2025-01-06 15:58:53.369 INFO  [HikariPool-39 connection closer] l.log4j2 - 600. Connection.close() returned 
2025-01-06 15:58:53.372 INFO  [HikariPool-39 connection adder] l.log4j2 - 606. Connection opened. {executed in 4ms} 
2025-01-06 15:58:53.372 INFO  [HikariPool-39 connection adder] l.log4j2 - 606. Connection.new Connection returned 
2025-01-06 15:58:53.372 INFO  [HikariPool-39 connection adder] l.log4j2 - 606. Connection.isReadOnly() returned false
2025-01-06 15:58:53.372 INFO  [HikariPool-39 connection adder] l.log4j2 - 606. Connection.getAutoCommit() returned true
2025-01-06 15:58:56.235 INFO  [HikariPool-39 connection closer] l.log4j2 - 596. Connection closed. {executed in 0ms} 
2025-01-06 15:58:56.236 INFO  [HikariPool-39 connection closer] l.log4j2 - 596. Connection.close() returned 
2025-01-06 15:58:56.241 INFO  [HikariPool-39 connection adder] l.log4j2 - 607. Connection opened. {executed in 6ms} 
2025-01-06 15:58:56.241 INFO  [HikariPool-39 connection adder] l.log4j2 - 607. Connection.new Connection returned 
2025-01-06 15:58:56.241 INFO  [HikariPool-39 connection adder] l.log4j2 - 607. Connection.isReadOnly() returned false
2025-01-06 15:58:56.241 INFO  [HikariPool-39 connection adder] l.log4j2 - 607. Connection.getAutoCommit() returned true
2025-01-06 15:59:00.280 INFO  [HikariPool-39 connection closer] l.log4j2 - 598. Connection closed. {executed in 0ms} 
2025-01-06 15:59:00.281 INFO  [HikariPool-39 connection closer] l.log4j2 - 598. Connection.close() returned 
2025-01-06 15:59:00.285 INFO  [HikariPool-39 connection adder] l.log4j2 - 608. Connection opened. {executed in 5ms} 
2025-01-06 15:59:00.285 INFO  [HikariPool-39 connection adder] l.log4j2 - 608. Connection.new Connection returned 
2025-01-06 15:59:00.285 INFO  [HikariPool-39 connection adder] l.log4j2 - 608. Connection.isReadOnly() returned false
2025-01-06 15:59:00.285 INFO  [HikariPool-39 connection adder] l.log4j2 - 608. Connection.getAutoCommit() returned true
2025-01-06 15:59:03.127 INFO  [HikariPool-39 connection closer] l.log4j2 - 597. Connection closed. {executed in 0ms} 
2025-01-06 15:59:03.127 INFO  [HikariPool-39 connection closer] l.log4j2 - 597. Connection.close() returned 
2025-01-06 15:59:03.137 INFO  [HikariPool-39 connection adder] l.log4j2 - 609. Connection opened. {executed in 10ms} 
2025-01-06 15:59:03.137 INFO  [HikariPool-39 connection adder] l.log4j2 - 609. Connection.new Connection returned 
2025-01-06 15:59:03.137 INFO  [HikariPool-39 connection adder] l.log4j2 - 609. Connection.isReadOnly() returned false
2025-01-06 15:59:03.137 INFO  [HikariPool-39 connection adder] l.log4j2 - 609. Connection.getAutoCommit() returned true
2025-01-06 15:59:09.310 INFO  [HikariPool-39 connection closer] l.log4j2 - 599. Connection closed. {executed in 1ms} 
2025-01-06 15:59:09.311 INFO  [HikariPool-39 connection closer] l.log4j2 - 599. Connection.close() returned 
2025-01-06 15:59:09.313 INFO  [HikariPool-39 connection adder] l.log4j2 - 610. Connection opened. {executed in 4ms} 
2025-01-06 15:59:09.313 INFO  [HikariPool-39 connection adder] l.log4j2 - 610. Connection.new Connection returned 
2025-01-06 15:59:09.313 INFO  [HikariPool-39 connection adder] l.log4j2 - 610. Connection.isReadOnly() returned false
2025-01-06 15:59:09.313 INFO  [HikariPool-39 connection adder] l.log4j2 - 610. Connection.getAutoCommit() returned true
2025-01-06 16:27:46.785 INFO  [HikariPool-39 connection closer] l.log4j2 - 602. Connection closed. {executed in 3ms} 
2025-01-06 16:27:46.787 INFO  [HikariPool-39 connection closer] l.log4j2 - 602. Connection.close() returned 
2025-01-06 16:27:46.807 INFO  [HikariPool-39 connection adder] l.log4j2 - 611. Connection opened. {executed in 25ms} 
2025-01-06 16:27:46.807 INFO  [HikariPool-39 connection adder] l.log4j2 - 611. Connection.new Connection returned 
2025-01-06 16:27:46.807 INFO  [HikariPool-39 connection adder] l.log4j2 - 611. Connection.isReadOnly() returned false
2025-01-06 16:27:46.807 INFO  [HikariPool-39 connection adder] l.log4j2 - 611. Connection.getAutoCommit() returned true
2025-01-06 16:27:50.899 INFO  [HikariPool-39 connection closer] l.log4j2 - 603. Connection closed. {executed in 0ms} 
2025-01-06 16:27:50.899 INFO  [HikariPool-39 connection closer] l.log4j2 - 603. Connection.close() returned 
2025-01-06 16:27:50.902 INFO  [HikariPool-39 connection adder] l.log4j2 - 612. Connection opened. {executed in 3ms} 
2025-01-06 16:27:50.902 INFO  [HikariPool-39 connection adder] l.log4j2 - 612. Connection.new Connection returned 
2025-01-06 16:27:50.902 INFO  [HikariPool-39 connection adder] l.log4j2 - 612. Connection.isReadOnly() returned false
2025-01-06 16:27:50.902 INFO  [HikariPool-39 connection adder] l.log4j2 - 612. Connection.getAutoCommit() returned true
2025-01-06 16:27:51.816 INFO  [HikariPool-39 connection closer] l.log4j2 - 601. Connection closed. {executed in 0ms} 
2025-01-06 16:27:51.816 INFO  [HikariPool-39 connection closer] l.log4j2 - 601. Connection.close() returned 
2025-01-06 16:27:51.818 INFO  [HikariPool-39 connection adder] l.log4j2 - 613. Connection opened. {executed in 2ms} 
2025-01-06 16:27:51.818 INFO  [HikariPool-39 connection adder] l.log4j2 - 613. Connection.new Connection returned 
2025-01-06 16:27:51.818 INFO  [HikariPool-39 connection adder] l.log4j2 - 613. Connection.isReadOnly() returned false
2025-01-06 16:27:51.818 INFO  [HikariPool-39 connection adder] l.log4j2 - 613. Connection.getAutoCommit() returned true
2025-01-06 16:28:13.958 INFO  [HikariPool-39 connection closer] l.log4j2 - 606. Connection closed. {executed in 0ms} 
2025-01-06 16:28:13.958 INFO  [HikariPool-39 connection closer] l.log4j2 - 606. Connection.close() returned 
2025-01-06 16:28:13.961 INFO  [HikariPool-39 connection adder] l.log4j2 - 614. Connection opened. {executed in 4ms} 
2025-01-06 16:28:13.961 INFO  [HikariPool-39 connection adder] l.log4j2 - 614. Connection.new Connection returned 
2025-01-06 16:28:13.961 INFO  [HikariPool-39 connection adder] l.log4j2 - 614. Connection.isReadOnly() returned false
2025-01-06 16:28:13.961 INFO  [HikariPool-39 connection adder] l.log4j2 - 614. Connection.getAutoCommit() returned true
2025-01-06 16:28:14.986 INFO  [HikariPool-39 connection closer] l.log4j2 - 605. Connection closed. {executed in 0ms} 
2025-01-06 16:28:14.986 INFO  [HikariPool-39 connection closer] l.log4j2 - 605. Connection.close() returned 
2025-01-06 16:28:14.995 INFO  [HikariPool-39 connection adder] l.log4j2 - 615. Connection opened. {executed in 9ms} 
2025-01-06 16:28:14.995 INFO  [HikariPool-39 connection adder] l.log4j2 - 615. Connection.new Connection returned 
2025-01-06 16:28:14.995 INFO  [HikariPool-39 connection adder] l.log4j2 - 615. Connection.isReadOnly() returned false
2025-01-06 16:28:14.995 INFO  [HikariPool-39 connection adder] l.log4j2 - 615. Connection.getAutoCommit() returned true
2025-01-06 16:28:21.616 INFO  [HikariPool-39 connection closer] l.log4j2 - 604. Connection closed. {executed in 1ms} 
2025-01-06 16:28:21.616 INFO  [HikariPool-39 connection closer] l.log4j2 - 604. Connection.close() returned 
2025-01-06 16:28:21.618 INFO  [HikariPool-39 connection adder] l.log4j2 - 616. Connection opened. {executed in 3ms} 
2025-01-06 16:28:21.618 INFO  [HikariPool-39 connection adder] l.log4j2 - 616. Connection.new Connection returned 
2025-01-06 16:28:21.618 INFO  [HikariPool-39 connection adder] l.log4j2 - 616. Connection.isReadOnly() returned false
2025-01-06 16:28:21.618 INFO  [HikariPool-39 connection adder] l.log4j2 - 616. Connection.getAutoCommit() returned true
2025-01-06 16:28:37.354 INFO  [HikariPool-39 connection closer] l.log4j2 - 608. Connection closed. {executed in 0ms} 
2025-01-06 16:28:37.355 INFO  [HikariPool-39 connection closer] l.log4j2 - 608. Connection.close() returned 
2025-01-06 16:28:37.357 INFO  [HikariPool-39 connection adder] l.log4j2 - 617. Connection opened. {executed in 3ms} 
2025-01-06 16:28:37.357 INFO  [HikariPool-39 connection adder] l.log4j2 - 617. Connection.new Connection returned 
2025-01-06 16:28:37.357 INFO  [HikariPool-39 connection adder] l.log4j2 - 617. Connection.isReadOnly() returned false
2025-01-06 16:28:37.357 INFO  [HikariPool-39 connection adder] l.log4j2 - 617. Connection.getAutoCommit() returned true
2025-01-06 16:28:53.593 INFO  [HikariPool-39 connection closer] l.log4j2 - 607. Connection closed. {executed in 1ms} 
2025-01-06 16:28:53.595 INFO  [HikariPool-39 connection closer] l.log4j2 - 607. Connection.close() returned 
2025-01-06 16:28:53.602 INFO  [HikariPool-39 connection adder] l.log4j2 - 618. Connection opened. {executed in 10ms} 
2025-01-06 16:28:53.603 INFO  [HikariPool-39 connection adder] l.log4j2 - 618. Connection.new Connection returned 
2025-01-06 16:28:53.603 INFO  [HikariPool-39 connection adder] l.log4j2 - 618. Connection.isReadOnly() returned false
2025-01-06 16:28:53.603 INFO  [HikariPool-39 connection adder] l.log4j2 - 618. Connection.getAutoCommit() returned true
2025-01-06 16:28:59.351 INFO  [HikariPool-39 connection closer] l.log4j2 - 609. Connection closed. {executed in 1ms} 
2025-01-06 16:28:59.351 INFO  [HikariPool-39 connection closer] l.log4j2 - 609. Connection.close() returned 
2025-01-06 16:28:59.361 INFO  [HikariPool-39 connection adder] l.log4j2 - 619. Connection opened. {executed in 10ms} 
2025-01-06 16:28:59.361 INFO  [HikariPool-39 connection adder] l.log4j2 - 619. Connection.new Connection returned 
2025-01-06 16:28:59.361 INFO  [HikariPool-39 connection adder] l.log4j2 - 619. Connection.isReadOnly() returned false
2025-01-06 16:28:59.361 INFO  [HikariPool-39 connection adder] l.log4j2 - 619. Connection.getAutoCommit() returned true
2025-01-06 16:29:00.521 INFO  [HikariPool-39 connection closer] l.log4j2 - 610. Connection closed. {executed in 0ms} 
2025-01-06 16:29:00.521 INFO  [HikariPool-39 connection closer] l.log4j2 - 610. Connection.close() returned 
2025-01-06 16:29:00.531 INFO  [HikariPool-39 connection adder] l.log4j2 - 620. Connection opened. {executed in 10ms} 
2025-01-06 16:29:00.532 INFO  [HikariPool-39 connection adder] l.log4j2 - 620. Connection.new Connection returned 
2025-01-06 16:29:00.532 INFO  [HikariPool-39 connection adder] l.log4j2 - 620. Connection.isReadOnly() returned false
2025-01-06 16:29:00.532 INFO  [HikariPool-39 connection adder] l.log4j2 - 620. Connection.getAutoCommit() returned true
2025-01-06 16:57:17.919 INFO  [HikariPool-39 connection closer] l.log4j2 - 612. Connection closed. {executed in 1ms} 
2025-01-06 16:57:17.919 INFO  [HikariPool-39 connection closer] l.log4j2 - 612. Connection.close() returned 
2025-01-06 16:57:17.923 INFO  [HikariPool-39 connection adder] l.log4j2 - 621. Connection opened. {executed in 5ms} 
2025-01-06 16:57:17.923 INFO  [HikariPool-39 connection adder] l.log4j2 - 621. Connection.new Connection returned 
2025-01-06 16:57:17.923 INFO  [HikariPool-39 connection adder] l.log4j2 - 621. Connection.isReadOnly() returned false
2025-01-06 16:57:17.923 INFO  [HikariPool-39 connection adder] l.log4j2 - 621. Connection.getAutoCommit() returned true
2025-01-06 16:57:35.223 INFO  [HikariPool-39 connection closer] l.log4j2 - 611. Connection closed. {executed in 0ms} 
2025-01-06 16:57:35.223 INFO  [HikariPool-39 connection closer] l.log4j2 - 611. Connection.close() returned 
2025-01-06 16:57:35.226 INFO  [HikariPool-39 connection adder] l.log4j2 - 622. Connection opened. {executed in 2ms} 
2025-01-06 16:57:35.226 INFO  [HikariPool-39 connection adder] l.log4j2 - 622. Connection.new Connection returned 
2025-01-06 16:57:35.226 INFO  [HikariPool-39 connection adder] l.log4j2 - 622. Connection.isReadOnly() returned false
2025-01-06 16:57:35.226 INFO  [HikariPool-39 connection adder] l.log4j2 - 622. Connection.getAutoCommit() returned true
2025-01-06 16:57:40.111 INFO  [HikariPool-39 connection closer] l.log4j2 - 615. Connection closed. {executed in 0ms} 
2025-01-06 16:57:40.111 INFO  [HikariPool-39 connection closer] l.log4j2 - 615. Connection.close() returned 
2025-01-06 16:57:40.114 INFO  [HikariPool-39 connection adder] l.log4j2 - 623. Connection opened. {executed in 3ms} 
2025-01-06 16:57:40.115 INFO  [HikariPool-39 connection adder] l.log4j2 - 623. Connection.new Connection returned 
2025-01-06 16:57:40.115 INFO  [HikariPool-39 connection adder] l.log4j2 - 623. Connection.isReadOnly() returned false
2025-01-06 16:57:40.115 INFO  [HikariPool-39 connection adder] l.log4j2 - 623. Connection.getAutoCommit() returned true
2025-01-06 16:57:50.423 INFO  [HikariPool-39 connection closer] l.log4j2 - 613. Connection closed. {executed in 1ms} 
2025-01-06 16:57:50.423 INFO  [HikariPool-39 connection closer] l.log4j2 - 613. Connection.close() returned 
2025-01-06 16:57:50.426 INFO  [HikariPool-39 connection adder] l.log4j2 - 624. Connection opened. {executed in 3ms} 
2025-01-06 16:57:50.427 INFO  [HikariPool-39 connection adder] l.log4j2 - 624. Connection.new Connection returned 
2025-01-06 16:57:50.427 INFO  [HikariPool-39 connection adder] l.log4j2 - 624. Connection.isReadOnly() returned false
2025-01-06 16:57:50.427 INFO  [HikariPool-39 connection adder] l.log4j2 - 624. Connection.getAutoCommit() returned true
2025-01-06 16:57:59.195 INFO  [HikariPool-39 connection closer] l.log4j2 - 616. Connection closed. {executed in 0ms} 
2025-01-06 16:57:59.196 INFO  [HikariPool-39 connection closer] l.log4j2 - 616. Connection.close() returned 
2025-01-06 16:57:59.198 INFO  [HikariPool-39 connection adder] l.log4j2 - 625. Connection opened. {executed in 3ms} 
2025-01-06 16:57:59.198 INFO  [HikariPool-39 connection adder] l.log4j2 - 625. Connection.new Connection returned 
2025-01-06 16:57:59.198 INFO  [HikariPool-39 connection adder] l.log4j2 - 625. Connection.isReadOnly() returned false
2025-01-06 16:57:59.198 INFO  [HikariPool-39 connection adder] l.log4j2 - 625. Connection.getAutoCommit() returned true
2025-01-06 16:58:03.567 INFO  [HikariPool-39 connection closer] l.log4j2 - 614. Connection closed. {executed in 0ms} 
2025-01-06 16:58:03.567 INFO  [HikariPool-39 connection closer] l.log4j2 - 614. Connection.close() returned 
2025-01-06 16:58:03.571 INFO  [HikariPool-39 connection adder] l.log4j2 - 626. Connection opened. {executed in 4ms} 
2025-01-06 16:58:03.571 INFO  [HikariPool-39 connection adder] l.log4j2 - 626. Connection.new Connection returned 
2025-01-06 16:58:03.571 INFO  [HikariPool-39 connection adder] l.log4j2 - 626. Connection.isReadOnly() returned false
2025-01-06 16:58:03.571 INFO  [HikariPool-39 connection adder] l.log4j2 - 626. Connection.getAutoCommit() returned true
2025-01-06 16:58:27.010 INFO  [HikariPool-39 connection closer] l.log4j2 - 617. Connection closed. {executed in 1ms} 
2025-01-06 16:58:27.010 INFO  [HikariPool-39 connection closer] l.log4j2 - 617. Connection.close() returned 
2025-01-06 16:58:27.013 INFO  [HikariPool-39 connection adder] l.log4j2 - 627. Connection opened. {executed in 4ms} 
2025-01-06 16:58:27.013 INFO  [HikariPool-39 connection adder] l.log4j2 - 627. Connection.new Connection returned 
2025-01-06 16:58:27.013 INFO  [HikariPool-39 connection adder] l.log4j2 - 627. Connection.isReadOnly() returned false
2025-01-06 16:58:27.013 INFO  [HikariPool-39 connection adder] l.log4j2 - 627. Connection.getAutoCommit() returned true
2025-01-06 16:58:42.313 INFO  [HikariPool-39 connection closer] l.log4j2 - 619. Connection closed. {executed in 0ms} 
2025-01-06 16:58:42.313 INFO  [HikariPool-39 connection closer] l.log4j2 - 619. Connection.close() returned 
2025-01-06 16:58:42.316 INFO  [HikariPool-39 connection adder] l.log4j2 - 628. Connection opened. {executed in 3ms} 
2025-01-06 16:58:42.316 INFO  [HikariPool-39 connection adder] l.log4j2 - 628. Connection.new Connection returned 
2025-01-06 16:58:42.316 INFO  [HikariPool-39 connection adder] l.log4j2 - 628. Connection.isReadOnly() returned false
2025-01-06 16:58:42.316 INFO  [HikariPool-39 connection adder] l.log4j2 - 628. Connection.getAutoCommit() returned true
2025-01-06 16:58:47.125 INFO  [HikariPool-39 connection closer] l.log4j2 - 620. Connection closed. {executed in 0ms} 
2025-01-06 16:58:47.125 INFO  [HikariPool-39 connection closer] l.log4j2 - 620. Connection.close() returned 
2025-01-06 16:58:47.130 INFO  [HikariPool-39 connection adder] l.log4j2 - 629. Connection opened. {executed in 5ms} 
2025-01-06 16:58:47.130 INFO  [HikariPool-39 connection adder] l.log4j2 - 629. Connection.new Connection returned 
2025-01-06 16:58:47.130 INFO  [HikariPool-39 connection adder] l.log4j2 - 629. Connection.isReadOnly() returned false
2025-01-06 16:58:47.130 INFO  [HikariPool-39 connection adder] l.log4j2 - 629. Connection.getAutoCommit() returned true
2025-01-06 16:58:53.517 INFO  [HikariPool-39 connection closer] l.log4j2 - 618. Connection closed. {executed in 0ms} 
2025-01-06 16:58:53.517 INFO  [HikariPool-39 connection closer] l.log4j2 - 618. Connection.close() returned 
2025-01-06 16:58:53.521 INFO  [HikariPool-39 connection adder] l.log4j2 - 630. Connection opened. {executed in 4ms} 
2025-01-06 16:58:53.521 INFO  [HikariPool-39 connection adder] l.log4j2 - 630. Connection.new Connection returned 
2025-01-06 16:58:53.521 INFO  [HikariPool-39 connection adder] l.log4j2 - 630. Connection.isReadOnly() returned false
2025-01-06 16:58:53.521 INFO  [HikariPool-39 connection adder] l.log4j2 - 630. Connection.getAutoCommit() returned true
2025-01-06 17:26:39.587 INFO  [HikariPool-39 connection closer] l.log4j2 - 621. Connection closed. {executed in 1ms} 
2025-01-06 17:26:39.587 INFO  [HikariPool-39 connection closer] l.log4j2 - 621. Connection.close() returned 
2025-01-06 17:26:39.592 INFO  [HikariPool-39 connection adder] l.log4j2 - 631. Connection opened. {executed in 5ms} 
2025-01-06 17:26:39.592 INFO  [HikariPool-39 connection adder] l.log4j2 - 631. Connection.new Connection returned 
2025-01-06 17:26:39.592 INFO  [HikariPool-39 connection adder] l.log4j2 - 631. Connection.isReadOnly() returned false
2025-01-06 17:26:39.592 INFO  [HikariPool-39 connection adder] l.log4j2 - 631. Connection.getAutoCommit() returned true
2025-01-06 17:26:50.632 INFO  [HikariPool-39 connection closer] l.log4j2 - 622. Connection closed. {executed in 0ms} 
2025-01-06 17:26:50.632 INFO  [HikariPool-39 connection closer] l.log4j2 - 622. Connection.close() returned 
2025-01-06 17:26:50.635 INFO  [HikariPool-39 connection adder] l.log4j2 - 632. Connection opened. {executed in 3ms} 
2025-01-06 17:26:50.635 INFO  [HikariPool-39 connection adder] l.log4j2 - 632. Connection.new Connection returned 
2025-01-06 17:26:50.635 INFO  [HikariPool-39 connection adder] l.log4j2 - 632. Connection.isReadOnly() returned false
2025-01-06 17:26:50.635 INFO  [HikariPool-39 connection adder] l.log4j2 - 632. Connection.getAutoCommit() returned true
2025-01-06 17:27:36.604 INFO  [HikariPool-39 connection closer] l.log4j2 - 623. Connection closed. {executed in 1ms} 
2025-01-06 17:27:36.604 INFO  [HikariPool-39 connection closer] l.log4j2 - 623. Connection.close() returned 
2025-01-06 17:27:36.614 INFO  [HikariPool-39 connection adder] l.log4j2 - 633. Connection opened. {executed in 11ms} 
2025-01-06 17:27:36.614 INFO  [HikariPool-39 connection adder] l.log4j2 - 633. Connection.new Connection returned 
2025-01-06 17:27:36.614 INFO  [HikariPool-39 connection adder] l.log4j2 - 633. Connection.isReadOnly() returned false
2025-01-06 17:27:36.614 INFO  [HikariPool-39 connection adder] l.log4j2 - 633. Connection.getAutoCommit() returned true
2025-01-06 17:27:39.338 INFO  [HikariPool-39 connection closer] l.log4j2 - 624. Connection closed. {executed in 0ms} 
2025-01-06 17:27:39.338 INFO  [HikariPool-39 connection closer] l.log4j2 - 624. Connection.close() returned 
2025-01-06 17:27:39.340 INFO  [HikariPool-39 connection adder] l.log4j2 - 634. Connection opened. {executed in 2ms} 
2025-01-06 17:27:39.340 INFO  [HikariPool-39 connection adder] l.log4j2 - 634. Connection.new Connection returned 
2025-01-06 17:27:39.340 INFO  [HikariPool-39 connection adder] l.log4j2 - 634. Connection.isReadOnly() returned false
2025-01-06 17:27:39.340 INFO  [HikariPool-39 connection adder] l.log4j2 - 634. Connection.getAutoCommit() returned true
2025-01-06 17:27:53.334 INFO  [HikariPool-39 connection closer] l.log4j2 - 626. Connection closed. {executed in 0ms} 
2025-01-06 17:27:53.335 INFO  [HikariPool-39 connection closer] l.log4j2 - 626. Connection.close() returned 
2025-01-06 17:27:53.336 INFO  [HikariPool-39 connection adder] l.log4j2 - 635. Connection opened. {executed in 2ms} 
2025-01-06 17:27:53.337 INFO  [HikariPool-39 connection adder] l.log4j2 - 635. Connection.new Connection returned 
2025-01-06 17:27:53.337 INFO  [HikariPool-39 connection adder] l.log4j2 - 635. Connection.isReadOnly() returned false
2025-01-06 17:27:53.337 INFO  [HikariPool-39 connection adder] l.log4j2 - 635. Connection.getAutoCommit() returned true
2025-01-06 17:27:56.960 INFO  [HikariPool-39 connection closer] l.log4j2 - 625. Connection closed. {executed in 0ms} 
2025-01-06 17:27:56.960 INFO  [HikariPool-39 connection closer] l.log4j2 - 625. Connection.close() returned 
2025-01-06 17:27:56.962 INFO  [HikariPool-39 connection adder] l.log4j2 - 636. Connection opened. {executed in 2ms} 
2025-01-06 17:27:56.964 INFO  [HikariPool-39 connection adder] l.log4j2 - 636. Connection.new Connection returned 
2025-01-06 17:27:56.964 INFO  [HikariPool-39 connection adder] l.log4j2 - 636. Connection.isReadOnly() returned false
2025-01-06 17:27:56.964 INFO  [HikariPool-39 connection adder] l.log4j2 - 636. Connection.getAutoCommit() returned true
2025-01-06 17:28:14.924 INFO  [HikariPool-39 connection closer] l.log4j2 - 627. Connection closed. {executed in 1ms} 
2025-01-06 17:28:14.924 INFO  [HikariPool-39 connection closer] l.log4j2 - 627. Connection.close() returned 
2025-01-06 17:28:14.934 INFO  [HikariPool-39 connection adder] l.log4j2 - 637. Connection opened. {executed in 11ms} 
2025-01-06 17:28:14.934 INFO  [HikariPool-39 connection adder] l.log4j2 - 637. Connection.new Connection returned 
2025-01-06 17:28:14.934 INFO  [HikariPool-39 connection adder] l.log4j2 - 637. Connection.isReadOnly() returned false
2025-01-06 17:28:14.934 INFO  [HikariPool-39 connection adder] l.log4j2 - 637. Connection.getAutoCommit() returned true
2025-01-06 17:28:20.184 INFO  [HikariPool-39 connection closer] l.log4j2 - 628. Connection closed. {executed in 0ms} 
2025-01-06 17:28:20.184 INFO  [HikariPool-39 connection closer] l.log4j2 - 628. Connection.close() returned 
2025-01-06 17:28:20.186 INFO  [HikariPool-39 connection adder] l.log4j2 - 638. Connection opened. {executed in 2ms} 
2025-01-06 17:28:20.187 INFO  [HikariPool-39 connection adder] l.log4j2 - 638. Connection.new Connection returned 
2025-01-06 17:28:20.187 INFO  [HikariPool-39 connection adder] l.log4j2 - 638. Connection.isReadOnly() returned false
2025-01-06 17:28:20.187 INFO  [HikariPool-39 connection adder] l.log4j2 - 638. Connection.getAutoCommit() returned true
2025-01-06 17:28:33.215 INFO  [HikariPool-39 connection closer] l.log4j2 - 630. Connection closed. {executed in 1ms} 
2025-01-06 17:28:33.215 INFO  [HikariPool-39 connection closer] l.log4j2 - 630. Connection.close() returned 
2025-01-06 17:28:33.222 INFO  [HikariPool-39 connection adder] l.log4j2 - 639. Connection opened. {executed in 7ms} 
2025-01-06 17:28:33.222 INFO  [HikariPool-39 connection adder] l.log4j2 - 639. Connection.new Connection returned 
2025-01-06 17:28:33.222 INFO  [HikariPool-39 connection adder] l.log4j2 - 639. Connection.isReadOnly() returned false
2025-01-06 17:28:33.222 INFO  [HikariPool-39 connection adder] l.log4j2 - 639. Connection.getAutoCommit() returned true
2025-01-06 17:28:39.306 INFO  [HikariPool-39 connection closer] l.log4j2 - 629. Connection closed. {executed in 0ms} 
2025-01-06 17:28:39.307 INFO  [HikariPool-39 connection closer] l.log4j2 - 629. Connection.close() returned 
2025-01-06 17:28:39.316 INFO  [HikariPool-39 connection adder] l.log4j2 - 640. Connection opened. {executed in 10ms} 
2025-01-06 17:28:39.316 INFO  [HikariPool-39 connection adder] l.log4j2 - 640. Connection.new Connection returned 
2025-01-06 17:28:39.316 INFO  [HikariPool-39 connection adder] l.log4j2 - 640. Connection.isReadOnly() returned false
2025-01-06 17:28:39.316 INFO  [HikariPool-39 connection adder] l.log4j2 - 640. Connection.getAutoCommit() returned true
2025-01-06 17:56:16.077 INFO  [HikariPool-39 connection closer] l.log4j2 - 632. Connection closed. {executed in 8ms} 
2025-01-06 17:56:16.078 INFO  [HikariPool-39 connection closer] l.log4j2 - 632. Connection.close() returned 
2025-01-06 17:56:16.080 INFO  [HikariPool-39 connection adder] l.log4j2 - 641. Connection opened. {executed in 11ms} 
2025-01-06 17:56:16.080 INFO  [HikariPool-39 connection adder] l.log4j2 - 641. Connection.new Connection returned 
2025-01-06 17:56:16.080 INFO  [HikariPool-39 connection adder] l.log4j2 - 641. Connection.isReadOnly() returned false
2025-01-06 17:56:16.080 INFO  [HikariPool-39 connection adder] l.log4j2 - 641. Connection.getAutoCommit() returned true
2025-01-06 17:56:37.555 INFO  [HikariPool-39 connection closer] l.log4j2 - 631. Connection closed. {executed in 0ms} 
2025-01-06 17:56:37.556 INFO  [HikariPool-39 connection closer] l.log4j2 - 631. Connection.close() returned 
2025-01-06 17:56:37.557 INFO  [HikariPool-39 connection adder] l.log4j2 - 642. Connection opened. {executed in 2ms} 
2025-01-06 17:56:37.557 INFO  [HikariPool-39 connection adder] l.log4j2 - 642. Connection.new Connection returned 
2025-01-06 17:56:37.557 INFO  [HikariPool-39 connection adder] l.log4j2 - 642. Connection.isReadOnly() returned false
2025-01-06 17:56:37.557 INFO  [HikariPool-39 connection adder] l.log4j2 - 642. Connection.getAutoCommit() returned true
2025-01-06 17:57:02.643 INFO  [HikariPool-39 connection closer] l.log4j2 - 634. Connection closed. {executed in 1ms} 
2025-01-06 17:57:02.643 INFO  [HikariPool-39 connection closer] l.log4j2 - 634. Connection.close() returned 
2025-01-06 17:57:02.654 INFO  [HikariPool-39 connection adder] l.log4j2 - 643. Connection opened. {executed in 12ms} 
2025-01-06 17:57:02.654 INFO  [HikariPool-39 connection adder] l.log4j2 - 643. Connection.new Connection returned 
2025-01-06 17:57:02.654 INFO  [HikariPool-39 connection adder] l.log4j2 - 643. Connection.isReadOnly() returned false
2025-01-06 17:57:02.654 INFO  [HikariPool-39 connection adder] l.log4j2 - 643. Connection.getAutoCommit() returned true
2025-01-06 17:57:06.623 INFO  [HikariPool-39 connection closer] l.log4j2 - 633. Connection closed. {executed in 0ms} 
2025-01-06 17:57:06.623 INFO  [HikariPool-39 connection closer] l.log4j2 - 633. Connection.close() returned 
2025-01-06 17:57:06.625 INFO  [HikariPool-39 connection adder] l.log4j2 - 644. Connection opened. {executed in 2ms} 
2025-01-06 17:57:06.625 INFO  [HikariPool-39 connection adder] l.log4j2 - 644. Connection.new Connection returned 
2025-01-06 17:57:06.625 INFO  [HikariPool-39 connection adder] l.log4j2 - 644. Connection.isReadOnly() returned false
2025-01-06 17:57:06.625 INFO  [HikariPool-39 connection adder] l.log4j2 - 644. Connection.getAutoCommit() returned true
2025-01-06 17:57:47.830 INFO  [HikariPool-39 connection closer] l.log4j2 - 635. Connection closed. {executed in 0ms} 
2025-01-06 17:57:47.831 INFO  [HikariPool-39 connection closer] l.log4j2 - 635. Connection.close() returned 
2025-01-06 17:57:47.833 INFO  [HikariPool-39 connection adder] l.log4j2 - 645. Connection opened. {executed in 3ms} 
2025-01-06 17:57:47.833 INFO  [HikariPool-39 connection adder] l.log4j2 - 645. Connection.new Connection returned 
2025-01-06 17:57:47.833 INFO  [HikariPool-39 connection adder] l.log4j2 - 645. Connection.isReadOnly() returned false
2025-01-06 17:57:47.833 INFO  [HikariPool-39 connection adder] l.log4j2 - 645. Connection.getAutoCommit() returned true
2025-01-06 17:57:48.540 INFO  [HikariPool-39 connection closer] l.log4j2 - 636. Connection closed. {executed in 1ms} 
2025-01-06 17:57:48.540 INFO  [HikariPool-39 connection closer] l.log4j2 - 636. Connection.close() returned 
2025-01-06 17:57:48.542 INFO  [HikariPool-39 connection adder] l.log4j2 - 646. Connection opened. {executed in 3ms} 
2025-01-06 17:57:48.542 INFO  [HikariPool-39 connection adder] l.log4j2 - 646. Connection.new Connection returned 
2025-01-06 17:57:48.542 INFO  [HikariPool-39 connection adder] l.log4j2 - 646. Connection.isReadOnly() returned false
2025-01-06 17:57:48.542 INFO  [HikariPool-39 connection adder] l.log4j2 - 646. Connection.getAutoCommit() returned true
2025-01-06 17:57:51.802 INFO  [HikariPool-39 connection closer] l.log4j2 - 637. Connection closed. {executed in 0ms} 
2025-01-06 17:57:51.803 INFO  [HikariPool-39 connection closer] l.log4j2 - 637. Connection.close() returned 
2025-01-06 17:57:51.812 INFO  [HikariPool-39 connection adder] l.log4j2 - 647. Connection opened. {executed in 10ms} 
2025-01-06 17:57:51.813 INFO  [HikariPool-39 connection adder] l.log4j2 - 647. Connection.new Connection returned 
2025-01-06 17:57:51.813 INFO  [HikariPool-39 connection adder] l.log4j2 - 647. Connection.isReadOnly() returned false
2025-01-06 17:57:51.813 INFO  [HikariPool-39 connection adder] l.log4j2 - 647. Connection.getAutoCommit() returned true
2025-01-06 17:58:04.193 INFO  [HikariPool-39 connection closer] l.log4j2 - 640. Connection closed. {executed in 0ms} 
2025-01-06 17:58:04.194 INFO  [HikariPool-39 connection closer] l.log4j2 - 640. Connection.close() returned 
2025-01-06 17:58:04.204 INFO  [HikariPool-39 connection adder] l.log4j2 - 648. Connection opened. {executed in 11ms} 
2025-01-06 17:58:04.204 INFO  [HikariPool-39 connection adder] l.log4j2 - 648. Connection.new Connection returned 
2025-01-06 17:58:04.204 INFO  [HikariPool-39 connection adder] l.log4j2 - 648. Connection.isReadOnly() returned false
2025-01-06 17:58:04.204 INFO  [HikariPool-39 connection adder] l.log4j2 - 648. Connection.getAutoCommit() returned true
2025-01-06 17:58:05.641 INFO  [HikariPool-39 connection closer] l.log4j2 - 638. Connection closed. {executed in 0ms} 
2025-01-06 17:58:05.641 INFO  [HikariPool-39 connection closer] l.log4j2 - 638. Connection.close() returned 
2025-01-06 17:58:05.643 INFO  [HikariPool-39 connection adder] l.log4j2 - 649. Connection opened. {executed in 2ms} 
2025-01-06 17:58:05.643 INFO  [HikariPool-39 connection adder] l.log4j2 - 649. Connection.new Connection returned 
2025-01-06 17:58:05.643 INFO  [HikariPool-39 connection adder] l.log4j2 - 649. Connection.isReadOnly() returned false
2025-01-06 17:58:05.643 INFO  [HikariPool-39 connection adder] l.log4j2 - 649. Connection.getAutoCommit() returned true
2025-01-06 17:58:06.580 INFO  [HikariPool-39 connection closer] l.log4j2 - 639. Connection closed. {executed in 0ms} 
2025-01-06 17:58:06.580 INFO  [HikariPool-39 connection closer] l.log4j2 - 639. Connection.close() returned 
2025-01-06 17:58:06.582 INFO  [HikariPool-39 connection adder] l.log4j2 - 650. Connection opened. {executed in 2ms} 
2025-01-06 17:58:06.582 INFO  [HikariPool-39 connection adder] l.log4j2 - 650. Connection.new Connection returned 
2025-01-06 17:58:06.582 INFO  [HikariPool-39 connection adder] l.log4j2 - 650. Connection.isReadOnly() returned false
2025-01-06 17:58:06.582 INFO  [HikariPool-39 connection adder] l.log4j2 - 650. Connection.getAutoCommit() returned true
